pickup_datetime,pickup_lat,pickup_lon,dropoff_lat,dropoff_lon,passenger_count,payment_type,traffic_level,distance_km,duration_min,fare_amount
2024-01-01 00:00:00,40.84314505650903,-74.02770704699472,40.85568417458842,-73.95352513701297,1,card,medium,6.393423680684507,18.358124669938817,26.213174091171208
2024-01-01 00:08:00,40.729218669515696,-74.19938242531919,40.67470099441584,-74.24861097418635,2,cash,low,7.346455583332865,10.67630726813899,22.751263283740297
2024-01-01 00:17:00,40.87192329276987,-73.96972155236323,40.853698240822006,-74.00571251042608,1,card,low,3.6424380136382126,5.806903506905385,13.421888893708854
2024-01-01 00:26:00,40.81710512988018,-74.18022129770299,40.78839087883485,-74.20847240728116,1,card,medium,3.9810721566882754,11.043247671842344,19.461888026707697
2024-01-01 00:34:00,40.6120202982818,-74.2289112497121,40.58,-74.24739820173254,1,card,medium,3.8876098150191436,10.491798144629293,18.43143114759696
2024-01-01 00:43:00,40.9117115995565,-74.00567940495128,40.913306477393284,-74.00638755584473,1,card,medium,0.18705975872172184,1.9664128393714986,6.158277242682823
2024-01-01 00:52:00,40.83878749867672,-73.92575954047622,40.72322618704795,-73.88262384420713,1,card,medium,13.353245614328742,37.0549352788643,49.6637075251589
2024-01-01 01:00:00,40.84726186379417,-73.82438487373274,40.83306488210783,-73.80362123858396,3,card,medium,2.3543666973165256,6.388673139616507,13.028829228881479
2024-01-01 01:09:00,40.62355863510968,-73.86075386748331,40.61949558621893,-73.85801602021066,1,card,medium,0.5074542601650072,1.5228287243574843,6.818743771407975
2024-01-01 01:18:00,,,40.67196377429622,-73.81034263211555,1,card,low,6.882193877788938,11.709863026638036,23.10499641452489
2024-01-01 01:27:00,40.70607132823908,-73.87236492688135,40.7741661707043,-73.844285333665,1,card,medium,7.932762358313369,18.022008323137033,29.080472595857646
2024-01-01 01:35:00,40.89510009620852,-73.90134790757787,40.86834946934265,-73.9770246751582,1,cash,high,7.023177712997878,72.94405033201875,48.62624178882412
2024-01-01 01:44:00,40.79891414082743,-74.25482983973825,40.78822734991651,-74.2066085511093,1,card,medium,4.229728162795542,12.587906737280383,17.275945605846285
2024-01-01 01:53:00,40.85973894851208,-73.9406878209773,40.83308908613592,-73.9778764034072,1,mobile_wallet,low,4.308882645375723,7.146173570922454,11.618404026426756
2024-01-01 02:01:00,40.730760827601294,-74.19855427988905,40.72709035218192,-74.21851224659204,1,card,high,1.7305562355411226,9.739708502244856,14.931344908609073
2024-01-01 02:10:00,40.65726116540682,-74.23007976251041,40.71612764961459,-74.21476017303375,1,card,medium,6.671889198603007,15.090607849525705,26.36498226555411
2024-01-01 02:19:00,40.76855882758539,-74.18022980242613,40.879844538761944,-74.1836230646863,2,card,medium,12.377700019550302,32.606722415738545,45.2619748077253
2024-01-01 02:27:00,40.601697867075416,-73.84012099766471,40.63525163124194,-73.8182091278155,1,cash,low,4.164236834830906,5.240895712863324,14.573751272755107
2024-01-01 02:36:00,40.86139459847748,-73.88063680951899,40.910354317991214,-73.87425455318845,2,card,medium,5.470446323956843,13.437468515315393,21.701944872841757
2024-01-01 02:45:00,40.7947658957015,-73.77612607334534,40.872005132367974,-73.78914602626311,1,mobile_wallet,low,8.65818240046629,13.295057220636417,25.25098723633136
2024-01-01 02:54:00,40.837749831629026,-73.76072210808829,40.84894903008352,-73.75,1,cash,medium,1.5376087566086676,5.345811274220101,9.98880800875935
2024-01-01 03:02:00,40.70053882916415,-73.80442516694927,40.771200118476685,-73.77256221800882,1,card,high,8.303157189598725,66.67101091523053,50.72043851257344
2024-01-01 03:11:00,40.910037328294266,-74.19220771400174,40.92,-74.17861243437063,1,card,medium,1.5913072273271376,3.2112335515749586,9.150353854286399
2024-01-01 03:20:00,40.88366118124955,-73.81202480212826,40.89014061241857,-73.78086140928959,1,card,low,2.7169789090228447,3.7724451309259153,12.01059488845747
2024-01-01 03:28:00,40.84465038900508,-73.8322950612578,40.8604157355554,-73.86403488842963,1,card,low,3.1936836002964086,4.902743972464562,16.68696631216913
2024-01-01 03:37:00,40.646177160669666,-73.81574621147155,40.58,-73.75,1,mobile_wallet,high,9.216689472565605,72.8252829011953,48.27890277500422
2024-01-01 03:46:00,40.73868514126719,-74.18264033527059,40.751830507987265,-74.23158400931933,3,cash,high,4.374606540056983,36.69782593662832,25.456846500399283
2024-01-01 03:54:00,40.59489328036766,-74.20043616783562,40.58,-74.19534357821242,3,card,low,1.7109804861123141,1.0,10.85531606584769
2024-01-01 04:03:00,40.632458427302964,-73.78885747141211,40.58,-73.80174665394992,1,card,medium,5.933728538822927,14.074673355438186,25.17974189812572
2024-01-01 04:12:00,40.812236644102434,-74.17134840894141,40.82091618510857,-74.18594705583563,2,card,medium,1.5622800941110455,5.689753647610418,11.479565874698956
2024-01-01 04:21:00,40.83321913300866,-74.07200291716828,40.78308559622466,-74.09244447120244,6,cash,high,5.834038822141838,30.65185846437579,27.212320712503235
2024-01-01 04:29:00,40.90895330902763,-74.02744772675803,40.90863319021898,-74.06217467680295,1,card,high,2.918527447605644,44.307770942974784,30.84173229789748
2024-01-01 04:38:00,40.69078062176697,-74.19653431080692,40.69701017513771,-74.14305891159056,1,cash,medium,4.561330137362224,11.901415064519732,16.834135803541503
2024-01-01 04:47:00,40.70595630005185,-74.2494765131034,40.71419353208862,-74.26,1,card,low,1.2750362959111874,3.4569113457975895,8.769170962438999
2024-01-01 04:55:00,40.739648975833774,-73.75301386041878,40.698963512516876,-73.75,3,mobile_wallet,high,4.531141710705027,25.964221278383555,22.184134291970846
2024-01-01 05:04:00,40.64442026208866,-73.81290480513417,40.68486096930031,-73.78372060707173,2,card,high,5.126447952994082,20.008851197921217,-26.45085775458602
2024-01-01 05:13:00,40.62417331181406,-73.79470765603118,40.62015772617309,-73.81184775695675,1,card,medium,1.5139525480344973,5.029731565277612,9.678949422311005
2024-01-01 05:21:00,40.741739674916815,-74.11487283467122,40.76158808052452,-74.0909055069005,2,mobile_wallet,medium,2.9911484483479587,8.850952718561702,13.938497393351705
2024-01-01 05:30:00,40.6571491786773,-74.14774819789983,40.60330939604969,-74.15485365369618,1,cash,low,6.016664438869758,7.95421422115569,20.260363545455437
2024-01-01 05:39:00,40.80773675819206,-74.04280805533054,40.79971201813624,-74.09235334056346,1,card,medium,4.264588238213134,8.534165021956756,16.432153542665958
2024-01-01 05:48:00,40.728631652416595,-74.02880712182122,40.77800990416375,-74.0778766362814,1,cash,high,6.872468141659453,32.22904663106004,32.86683562539665
2024-01-01 05:56:00,40.863110586659666,-74.25714428617924,40.906768580091054,-74.22764941793811,1,card,low,5.451115185389728,9.086155041352049,18.655589876758043
2024-01-01 06:05:00,40.818090134680766,-73.86258091259448,40.782211963949166,-73.83542024802865,1,card,high,4.598115071818238,36.238055840036424,29.81521804335682
2024-01-01 06:14:00,40.68620465806989,-73.75169981054758,40.66165453949402,-73.75,1,card,low,2.7336099121347597,8.553859186010012,15.802165855000696
2024-01-01 06:22:00,40.86296833247437,-73.99036765624794,40.818477429621495,-74.00798590051826,2,card,low,5.164397665577896,6.689547787565891,15.628475025649918
2024-01-01 06:31:00,40.853619881548916,-74.06198806554366,40.82408130022718,-74.07055748455706,1,cash,medium,3.362722455309074,11.103450995652336,12.116053570227644
2024-01-01 06:40:00,40.711742648870256,-74.05969653445719,40.64878460953846,-74.07434642652957,2,card,low,7.10877786685961,10.463469840861626,22.847511205985434
2024-01-01 06:48:00,40.67803155533628,-74.21100066259223,40.671813641077904,-74.26,1,card,medium,4.189675570702486,10.534090428364937,20.180584081988883
2024-01-01 06:57:00,40.812048471351495,-74.12425747263435,40.840539699269726,-74.12150107637282,1,cash,medium,3.176557897292825,8.459857364658564,13.830223894826737
2024-01-01 07:06:00,40.627515844427165,-74.00391227779635,40.59218846555612,-73.98040180904192,1,card,medium,4.401102591489069,8.975153705641604,20.484136182940915
2024-01-01 07:14:00,40.64796878884154,-74.0397575194213,40.64389150612178,-74.03671512347628,4,card,high,0.5209932531737228,4.1580268346739455,7.125858712339521
2024-01-01 07:23:00,40.58250317171534,-73.98203227967102,40.58,-73.90242056693015,3,card,medium,6.729031020073345,16.786566637183128,25.72089406712059
2024-01-01 07:32:00,40.84755428835073,-73.82697651919493,40.89503463127265,-73.87218181571228,1,cash,low,6.505509400605276,8.064871736741985,17.938367837376912
2024-01-01 07:41:00,40.806049291241294,-74.1451264256232,40.7785276585851,-74.17487609288342,1,card,high,3.9544209675262514,41.20779489516919,28.63085824698805
2024-01-01 07:49:00,40.819756228732956,-74.24589126773779,40.79387150388867,-74.23990541293202,2,mobile_wallet,low,2.9220095205412377,4.525585144877341,8.689552970624822
2024-01-01 07:58:00,40.84544787054747,-74.24050502290581,40.80737691977431,-74.22953551644714,1,cash,low,4.33274642644139,8.487802754313735,12.04076421332919
2024-01-01 08:07:00,40.73603136368303,-74.19157390929351,40.684843435279504,-74.26,1,cash,high,8.103125212086926,69.7561423483528,49.0336203206589
2024-01-01 08:15:00,40.77337200662399,-73.96905367774976,40.7971853312391,-73.94193226775535,3,cash,low,3.4964997010264485,3.5412912927084172,13.341593744399495
2024-01-01 08:24:00,40.6275309793634,-73.84782574688066,40.621450993528526,-73.83665148910066,1,card,medium,1.1603589512278354,5.7545592195746655,9.746088060029761
2024-01-01 08:33:00,40.61894022500223,-73.80772897096688,40.62140666869428,-73.90310165343936,3,mobile_wallet,low,8.05428050606946,16.60157150411163,23.77638840167101
2024-01-01 08:42:00,40.80725700700876,-73.93609226699277,40.86461585903755,-73.9413441840926,1,card,medium,6.393299051933258,17.34152075827592,26.69261147917863
2024-01-01 08:50:00,40.740172710088665,-74.05439694125005,40.800116342755416,-74.09078130973728,3,card,medium,7.335938413692737,20.865811326836752,27.59118109767879
2024-01-01 08:59:00,40.772180276203606,-74.18119749884038,40.69809973235104,-74.2015970457345,5,card,medium,8.414788888667658,24.281716313686722,32.19899561446048
2024-01-01 09:08:00,40.84009961152145,-74.05527664688383,40.86925217181075,-74.11549118219433,1,cash,medium,6.012938555077636,18.40959162041115,25.452402676807328
2024-01-01 09:16:00,40.7958042288002,-74.09046828170703,40.8059583404572,-74.07173979116672,1,card,low,1.9390641713979493,3.377676537834939,10.44278139336377
2024-01-01 09:25:00,40.76821699622372,-73.81628680076287,40.747445401262155,-73.75,1,cash,low,6.042058294782294,10.871754753510569,21.387556940591054
2024-01-01 09:34:00,40.77013043465344,-74.01177311752059,40.7848762005697,-73.99984705668292,3,mobile_wallet,high,1.9227306362683152,8.998211501049072,12.17158151344734
2024-01-01 09:42:00,,,40.605655787756355,-74.24181237560255,1,card,high,11.909575686518496,54.8982481923816,57.71645766249373
2024-01-01 09:51:00,40.590478063753096,-74.11271145592396,40.65629696917804,-74.09985963424398,1,card,high,7.398667261909612,42.066376250805504,40.73456578386989
2024-01-01 10:00:00,40.728483912339,-74.19040021608323,40.75165639670724,-74.1991589617322,2,card,medium,2.680246712757067,3.82040489323955,13.108054495999095
2024-01-01 10:09:00,40.65295878875864,-73.79152142097475,40.61402489024117,-73.84106698503868,1,card,medium,6.018495155671811,13.447340229457291,738.2418054256675
2024-01-01 10:17:00,40.71889973886638,-74.23432361841941,40.692556278884496,-74.21841054600681,1,cash,medium,3.2217737276293676,9.397351695997111,12.988191456258862
2024-01-01 10:26:00,40.870157044911174,-74.2534484132365,40.79351545351154,-74.21385900047076,1,card,medium,9.149938449725722,21.711968972681284,34.63938988496085
2024-01-01 10:35:00,40.65953942519422,-74.1666756439013,40.64541134895158,-74.1967578505865,5,card,low,2.9846557216245735,2.80310303269341,14.440460344113298
2024-01-01 10:43:00,40.599822932174284,-73.84645425086558,40.58,-73.9204222273521,1,card,medium,6.623376830277535,16.65622052258224,26.017546569397588
2024-01-01 10:52:00,40.67567052328748,-73.99303193881815,40.61604055586691,-74.08355718959758,4,card,low,10.114158355374087,12.720534199807801,33.33186104090979
2024-01-01 11:01:00,40.67982187764067,-73.94081992343774,40.71477347815761,-73.97077575264909,1,card,medium,4.6348746767062545,9.596608404482422,21.534523094058507
2024-01-01 11:09:00,40.805051615007145,-74.07755684553798,40.86250748854339,-74.08455450165468,3,card,medium,6.415869283475422,15.761586418566996,24.518820604656362
2024-01-01 11:18:00,40.76939093179603,-74.22497422736993,40.76815970974403,-74.24819447773362,1,cash,medium,1.9602473738645398,5.906870237233134,12.484406562833438
2024-01-01 11:27:00,40.84652539109618,-73.82335933712899,40.832771281368096,-73.8541070312988,1,card,medium,3.004925482556645,8.705603570996226,14.62436856110821
2024-01-01 11:36:00,40.805866603711316,-74.16213392121604,40.825440910807245,-74.13657844249528,2,card,high,3.0598216214412104,17.765630633561965,19.548011040619997
2024-01-01 11:44:00,40.71817153288962,-74.243139807722,40.71728777957734,-74.22231263564544,2,card,high,1.7580262474299828,11.47383333921517,14.201191598720731
2024-01-01 11:53:00,40.856766930786456,-73.96792089067408,40.808068866056054,-73.95893918754987,1,cash,high,5.467449193225972,27.255759987723298,29.46520188368801
2024-01-01 12:02:00,40.636770792768615,-74.21752249760385,40.607400283372186,-74.18078054730837,1,cash,high,4.503547116682153,20.316880117758657,23.04493254033091
2024-01-01 12:10:00,40.58772210486551,-74.21116145555149,40.58,-74.24069528642728,1,card,medium,2.6377302293649407,6.890278629942543,14.339174666885201
2024-01-01 12:19:00,40.61061627266372,-73.85180771394391,40.62178466941517,-73.90106287952155,1,card,medium,4.338979418739207,10.654209660203248,18.122233929437094
2024-01-01 12:28:00,40.8256021792028,-74.00927910944783,40.82602233150724,-74.03278412478807,2,cash,medium,1.9782935265999617,5.901089665585258,9.194350912513674
2024-01-01 12:36:00,40.73703825828547,-74.13683068935396,40.74650488038489,-74.16343931407964,4,cash,high,2.476560589891624,15.234265354153283,16.009271978707798
2024-01-01 12:45:00,40.634832404871425,-74.08220052408664,40.58,-74.17450854960876,1,cash,medium,9.894265221267458,24.803626920885897,37.922212740479964
2024-01-01 12:54:00,40.750355223535145,-73.88808710078999,40.78029002201897,-73.9126376895696,1,cash,medium,3.9184863388871247,10.450703072624625,17.58771441304062
2024-01-01 13:02:00,40.63178611492248,-74.22615938617413,40.63193982970286,-74.17644111119093,1,card,high,4.195603986155742,28.32373911897081,25.079558802985254
2024-01-01 13:11:00,40.81674892752643,-74.20059488587407,40.92,-74.16455648149626,1,card,medium,11.874190109982566,28.754137846750734,42.56843122473023
2024-01-01 13:20:00,40.73169313369517,-73.94570636215481,40.71424958703723,-73.92207308859179,1,cash,low,2.7800550819536616,3.4373784108976326,13.09772620315883
2024-01-01 13:29:00,40.70954721687281,-73.95044441542177,40.72410284915273,-73.9445216034761,2,card,medium,1.693739734544928,3.476925900861093,11.220740335376977
2024-01-01 13:37:00,40.68251411031028,-73.76404428588697,40.809828972609665,-73.75,1,card,medium,14.206119149892027,37.46088383008094,50.28631824020518
2024-01-01 13:46:00,40.79429608166042,-74.06897976455973,40.80303020498806,-74.11668731982878,1,cash,medium,4.131585271484697,12.918753911918653,21.50609277569366
2024-01-01 13:55:00,40.703016287588156,-74.22681041013948,40.699972913320735,-74.26,2,mobile_wallet,high,2.818234021660115,16.45622658616672,15.492092452812807
2024-01-01 14:03:00,40.60980097256747,-73.9858559082267,40.58,-73.9352626209107,1,card,medium,5.406361784201418,9.720275342903106,23.462522113028342
2024-01-01 14:12:00,40.620122006720976,-73.93444312600148,40.68889399324538,-73.93320090564374,1,cash,high,7.6478139649405845,28.419563678161655,34.67818934330857
2024-01-01 14:21:00,40.90704520594684,-74.18880257924901,40.85488563456889,-74.21900560306601,1,card,medium,6.331364037896494,15.420624068299102,23.95853436376316
2024-01-01 14:29:00,40.888917434840586,-73.97804039349705,40.90813787609875,-73.95320378529301,1,cash,low,2.987525287012225,5.938813194562352,13.514068028555675
2024-01-01 14:38:00,40.81790042549566,-74.15913876795429,40.79659043603678,-74.17886978123025,1,cash,medium,2.893546212663587,5.78536841343994,11.70070510028351
2024-01-01 14:47:00,40.670395786896236,-73.82918767048065,40.66187565508022,-73.86687631777693,1,cash,medium,3.316969587349529,10.122937124674007,14.258664701427849
2024-01-01 14:56:00,40.90951996829823,-73.83406763715024,40.84544301621077,-73.87300846872925,1,mobile_wallet,high,7.841237225803911,29.430003841812965,30.8208170696739
2024-01-01 15:04:00,40.84477530734837,-74.0408891610408,40.90521603232639,-74.02641943979462,1,mobile_wallet,medium,6.829929990100567,17.851997497189494,22.7417383442727
2024-01-01 15:13:00,40.82374266431406,-73.76696097283848,40.811241785547736,-73.7576992754901,1,mobile_wallet,medium,1.5936254646241232,2.6794617148455027,5.8686846397688
2024-01-01 15:22:00,40.732782910728886,-73.76031532403063,40.6781038760787,-73.75,1,card,medium,6.14189230908728,14.425737202639397,25.00171916282237
2024-01-01 15:30:00,40.672562131027355,-74.19408194463672,40.72893320789416,-74.2071359607338,1,card,high,6.3640429604259685,28.409025346216755,30.19603742008122
2024-01-01 15:39:00,40.61277292713219,-74.07246595953545,40.59008677054551,-74.08628768473136,1,card,low,2.7794066462158904,4.515837527302895,12.738091410914523
2024-01-01 15:48:00,40.88688481482491,-73.95383605027621,40.90194214295279,-73.88905254140249,1,card,low,5.696913834365437,6.441304893930978,16.591998863883763
2024-01-01 15:56:00,40.73496393854343,-74.21673271711347,40.77282767573948,-74.17237861141598,1,cash,medium,5.628885794940282,13.034089481614673,22.17221018067525
2024-01-01 16:05:00,40.64880354403038,-74.06484569305479,40.67013508890622,-74.05832526938546,1,card,medium,2.434892970143265,5.206928099758273,13.873668134480866
2024-01-01 16:14:00,40.68402525221122,-74.12680223715154,40.58517665243876,-74.1970478096677,5,mobile_wallet,medium,12.487922035830849,23.323002467081707,37.612677046041476
2024-01-01 16:23:00,40.77693465344024,-73.77445438730697,40.808225704984245,-73.81098785250973,1,card,low,4.643817436813926,8.373987053733705,-19.579933361818387
2024-01-01 16:31:00,40.64010274619934,-74.05009123035595,40.63557512687941,-74.09752549623839,1,card,medium,4.034009258406882,9.84187054443711,18.303889007993696
2024-01-01 16:40:00,40.87124885659141,-73.87103786214077,40.856442565235255,-73.8693975321803,1,card,low,1.652152951301638,1.9437518829637679,9.324231112484446
2024-01-01 16:49:00,40.837896640143974,-74.06278026460879,40.832988267440086,-74.08565561476316,1,card,low,2.0003777987008275,4.867413236712156,10.842051743691112
2024-01-01 16:57:00,40.82461740502332,-74.1927758440864,40.75216592929597,-74.12064512390849,2,card,medium,10.088573849631638,26.33330232013658,37.848176791174
2024-01-01 17:06:00,40.726911633523535,-73.81979271961796,40.735559324683315,-73.8905073942378,2,card,low,6.035590478340926,11.651249243991437,20.854874841023783
2024-01-01 17:15:00,40.79328500583883,-74.25978737237942,40.73188739402191,-74.26,5,card,medium,6.827126428579914,16.25598084153042,28.605765278783444
2024-01-01 17:24:00,40.77859330943033,-74.23147015427304,40.76573052250028,-74.22046185895344,1,cash,high,1.704412470904207,6.652993180824163,11.391297343477897
2024-01-01 17:32:00,40.800947844528636,-74.0741639529925,40.807979743947854,-74.05069933075312,1,card,low,2.12412940641993,5.30566489203407,10.548400221007968
2024-01-01 17:41:00,40.608711069187564,-73.90968188968544,40.657042738147005,-74.02610302007575,2,cash,medium,11.198149915803903,29.416069142346135,42.94255613158315
2024-01-01 17:50:00,40.72137451673801,-74.08573080940171,40.684491924544325,-74.16382426656415,1,cash,medium,7.756025507023659,23.20274882835912,30.117155586446206
2024-01-01 17:58:00,40.594148819113045,-74.2261804630133,40.65947025084611,-74.23804262920463,1,card,low,7.332075110680592,9.533043296065681,22.913723206991037
2024-01-01 18:07:00,40.747956878543135,-74.09790158279559,40.79056527495132,-74.03687961937877,1,card,medium,6.989620066090495,16.13787204902528,30.09765212299252
2024-01-01 18:16:00,40.69215281219314,-74.13505976191502,40.67282937378107,-74.05011052208025,1,cash,low,7.478479475533238,12.912679614143244,22.686947328264836
2024-01-01 18:24:00,40.62913822421446,-74.25723590209273,40.58,-74.26,2,cash,high,5.468901806287937,29.689694726605488,27.45915463490644
2024-01-01 18:33:00,40.615157009025666,-73.987251024278,40.58,-73.9949301382619,3,card,medium,3.962680223586934,10.509462048062215,17.704183461796063
2024-01-01 18:42:00,40.77979915454042,-74.20051058348047,40.79202807785941,-74.23816954255827,1,cash,low,3.4498704540871348,4.008376324894548,12.288751376659132
2024-01-01 18:51:00,40.63800160930254,-74.1133768927137,40.6048238225732,-74.08488260471883,1,card,high,4.4038445735561575,23.006302030057714,23.65924718924225
2024-01-01 18:59:00,40.89454084024811,-73.93299318658657,40.92,-73.86420935528434,2,card,medium,6.4364346781316275,13.543021007090246,21.92906203759793
2024-01-01 19:08:00,40.77756078749813,-73.89019099870028,40.74698221515586,-73.83367006551818,1,card,low,5.8499282619490005,12.588746554102249,21.90636899839461
2024-01-01 19:17:00,40.69793573354185,-74.12563763030343,40.65740553943951,-74.12694265787293,2,cash,medium,4.508095449549377,14.793370922669414,17.618794833611847
2024-01-01 19:25:00,40.78091126710368,-74.09211122775673,40.79142445290967,-74.12984515448781,1,card,medium,3.3851355769575866,9.282854721452336,15.310707037772579
2024-01-01 19:34:00,40.58775331615009,-74.134076288555,40.58,-74.13370742336105,4,card,medium,0.8626919750345309,1.0,5.967654856396719
2024-01-01 19:43:00,40.90591013250209,-73.77198681383874,40.90629488220369,-73.75,1,card,medium,1.8482520130392157,3.9580098760526727,9.76416086946561
2024-01-01 19:51:00,40.74398316856059,-74.16283493923643,40.78835268841322,-74.18085820866203,1,card,high,5.161876166913411,26.556692104453592,27.76218911284863
2024-01-01 20:00:00,40.8461299772651,-74.16657789214683,40.85140529719019,-74.24827219846748,2,card,high,6.896474236029568,44.23673402347738,38.42526990272264
2024-01-01 20:09:00,40.60812819997363,-74.03303199912592,40.61357160070525,-74.04923241552521,3,card,low,1.4954955935049425,1.2589662150202048,7.601495945461593
2024-01-01 20:18:00,40.74546383248497,-74.16345375680771,40.75469543438585,-74.17600991571469,4,cash,high,1.4739197825579384,12.453776020450272,13.553641210338995
2024-01-01 20:26:00,40.746840378080535,-74.18007868729434,40.67065092351769,-74.26,1,cash,low,10.823755115343173,17.69842813503087,32.196189852067945
2024-01-01 20:35:00,40.898860994691496,-74.21110143577245,40.91649369343837,-74.20065975583252,1,card,high,2.1480697558466377,13.76650658147351,16.2515331829902
2024-01-01 20:44:00,40.77438753780787,-73.9335126634648,40.781584458760534,-73.9107424536183,1,card,low,2.0776042335561695,2.7476479942348027,10.934246905722482
2024-01-01 20:52:00,40.74098639635936,-73.94783805000003,40.78116677607361,-73.86414288233321,1,card,low,8.34573811167198,14.405185689759373,25.870155088142642
2024-01-01 21:01:00,40.670771725451246,-73.92841692514224,40.69803321150242,-73.98837388820019,1,cash,medium,5.894749540157488,16.106774469698916,21.48630498688935
2024-01-01 21:10:00,40.692733459096466,-73.8656169959152,40.68364577067422,-73.8327435315072,1,card,low,2.9502036838366488,6.312504854745262,14.709593158572494
2024-01-01 21:18:00,40.75702861684032,-74.09355741347579,40.803486296958305,-74.05004978667287,3,cash,high,6.332918730648589,46.402140330670974,36.84008951590098
2024-01-01 21:27:00,40.72922989650372,-73.79160389585792,40.71606151511114,-73.76822095396582,2,card,low,2.455000867519379,4.458322898084415,11.57648513153093
2024-01-01 21:36:00,40.58734810715931,-73.88606564835493,40.5984701768428,-73.93137172183292,1,card,medium,4.020406346993606,8.41626144079536,17.08087176323903
2024-01-01 21:45:00,40.86093925422608,-73.8495986198236,40.846937529854515,-73.897520320457,1,card,high,4.320739204534583,25.024205904396524,25.555367200967897
2024-01-01 21:53:00,40.884694662425524,-73.89230929644837,40.905473763647066,-73.8879354425956,1,cash,medium,2.339595846252758,7.245364572441998,13.320748955370426
2024-01-01 22:02:00,40.62768469025953,-74.07718762082939,40.61074265004083,-74.0731296261363,1,card,medium,1.9147513336273896,6.613754541901885,13.355887300100957
2024-01-01 22:11:00,40.76837228880328,-74.11565343108806,40.84251211120565,-74.14082795319635,1,card,high,8.511913435537807,33.23839538877341,41.79789560580912
2024-01-01 22:19:00,40.61691575198605,-74.04451629451471,40.7076970751612,-73.9863926289057,3,card,low,11.22199616006183,14.49362973716471,35.034056118383205
2024-01-01 22:28:00,40.80856163163354,-74.21051451612799,40.84788885307191,-74.22854833734013,1,mobile_wallet,medium,4.628749289771619,10.401804566371666,12.906835050389786
2024-01-01 22:37:00,40.67561948650526,-74.02984694420137,40.744977835728896,-74.11506347768672,1,card,low,10.539008551852476,17.3024940410289,33.88155848352725
2024-01-01 22:45:00,40.804203695795245,-74.23799809862143,40.73493904415659,-74.24808064177415,2,cash,low,7.748538832367403,13.602494961272823,23.30583055223559
2024-01-01 22:54:00,40.82717816885754,-74.25798756038614,40.76321617041017,-74.23637525971509,1,mobile_wallet,low,7.3412560759456245,9.94920791078419,21.05017119293139
2024-01-01 23:03:00,40.841340147252005,-73.7849355408679,40.8268699217536,-73.76954728902516,1,card,medium,2.0651841415985253,5.8093018963915855,14.54355737210728
2024-01-01 23:12:00,40.616631921625,-73.90843820110018,40.61848731506165,-73.89339818467889,1,card,low,1.2861070636487097,2.184556349301123,8.485731035000759
2024-01-01 23:20:00,40.891444027346786,-73.97345805699636,40.882524693532304,-73.90622855135031,1,card,medium,5.73791829629746,20.797150986194048,27.42319445514424
2024-01-01 23:29:00,40.65827275690426,-74.08603795989424,40.58437667067078,-74.13620353562084,1,cash,medium,9.243568531219918,21.165049629766493,34.825601894178455
2024-01-01 23:38:00,40.5927202690999,-73.96902561251062,40.644541895884466,-73.9880924881864,2,mobile_wallet,medium,5.9828096006579585,19.59473423918057,21.919808001413582
2024-01-01 23:46:00,40.7686498395931,-73.80529635406745,40.86558876009416,-73.75,1,mobile_wallet,medium,11.740641805153523,32.12701373280346,41.1856140470788
2024-01-01 23:55:00,40.70611357651323,-73.92728613168863,40.763758022076,-74.01581687660203,2,card,low,9.83494281112537,18.28215986321,34.347329258058295
2024-01-02 00:04:00,40.86212851266502,-73.95273418104371,40.91097705976041,-73.95515043116784,3,mobile_wallet,high,5.435507142700238,25.73385970301666,22.179521347455253
2024-01-02 00:12:00,40.85480550050186,-74.02529570348445,40.86498088273341,-73.96999425329878,2,card,medium,4.786395510652464,14.506418028292494,21.53377447484333
2024-01-02 00:21:00,40.68782722355972,-74.08369451436806,40.649892341877,-74.02906378307603,4,cash,high,6.2468024020016975,32.010255722616016,32.43886868656135
2024-01-02 00:30:00,40.90398579432372,-73.90374097189994,40.907249556692335,-73.87403573512185,3,card,medium,2.522667161704045,9.136275991411805,13.236706571081328
2024-01-02 00:38:00,40.67891206496764,-73.75969972008194,40.773663526625505,-73.75,2,card,medium,10.56753990663731,38.795068332796774,46.991259612620446
2024-01-02 00:47:00,40.75511942393878,-74.0433735763045,40.73927995887596,-74.09021961684198,1,cash,medium,4.3215477536882,11.3891351496289,18.94923805582073
2024-01-02 00:56:00,40.667028130792986,-74.05997534595276,40.646555054640906,-73.99818237717595,1,card,medium,5.687997903883871,13.98247651421188,24.825500565848024
2024-01-02 01:05:00,40.89825481381665,-74.04166212909384,40.92,-74.0956649061017,2,mobile_wallet,medium,5.142110171640708,18.127226755028477,19.42652037135298
2024-01-02 01:13:00,40.63596665797788,-74.04297257629464,40.688782530261435,-74.09429116216644,2,card,medium,7.295719688452673,23.11667788681066,29.22099602516726
2024-01-02 01:22:00,40.59526961059339,-73.75478136558206,40.58,-73.75,2,cash,medium,1.7452480361787723,3.685699357361118,7.58146993637129
2024-01-02 01:31:00,40.72793300040103,-73.89954308867024,40.716166192805346,-73.92172874097751,1,card,high,2.2819976638462385,12.534760742721492,16.52049974332717
2024-01-02 01:39:00,40.91740769177898,-74.0768159309026,40.894821944463416,-74.06751457944581,2,card,low,2.630257621040646,5.342193863516451,14.473067476008731
2024-01-02 01:48:00,40.88317027052667,-74.07053378934837,40.88630629258442,-74.05114927078077,2,card,high,1.6664798493868376,5.164462060644493,12.608038232289777
2024-01-02 01:57:00,40.834526726615366,-74.04029356838053,40.88419262680818,-73.96027863010863,1,cash,high,8.705201643904193,71.49821244484758,54.946146785539504
2024-01-02 02:05:00,40.8828694468987,-74.24127678433398,40.84668820844794,-74.22175917798349,1,cash,low,4.345073964368671,10.483027652846921,15.727734729974099
2024-01-02 02:14:00,40.88377185749727,-73.99081363496917,40.92,-74.01864767865631,1,card,low,4.658350512321864,6.441030621025444,16.46453130784133
2024-01-02 02:23:00,40.75641184253139,-73.8461957147234,40.760986148732854,-73.81575375660502,1,card,medium,2.613979546888552,2.7687505529937955,13.318533526460355
2024-01-02 02:32:00,40.68741587762247,-73.92311042546417,40.79209452375661,-73.96053936446786,1,card,low,12.059326218621708,19.8500802605715,37.065301579307224
2024-01-02 02:40:00,40.84248422691773,-74.15880536815162,40.85683161671442,-74.11771336955469,1,cash,low,3.8067176909694727,4.012180600367056,14.76235126397825
2024-01-02 02:49:00,40.804964829477036,-73.88870253689703,40.80060349384372,-73.88579428051641,1,cash,medium,0.5432370227642489,1.0,4.232859781066574
2024-01-02 02:58:00,40.70704362781706,-73.89307611077066,40.73290579053728,-73.8750516390436,3,cash,medium,3.2522774618520764,9.05432695711343,14.251810186567836
2024-01-02 03:06:00,40.61211866714091,-74.12610500001901,40.59694708643599,-74.20623442898918,1,card,low,6.971821928962903,13.847815688320754,26.021965628238803
2024-01-02 03:15:00,40.83390846785867,-73.94233392500297,40.75312117730784,-74.04361747678614,1,card,high,12.385236189351986,56.43299877880941,58.30541600452652
2024-01-02 03:24:00,40.66923657541377,-73.94841599310782,40.658413122571574,-74.01598008356642,1,card,low,5.824488592629593,11.686448139401945,21.87491832730565
2024-01-02 03:32:00,40.89851647118149,-73.83170831183335,40.88698325877337,-73.75314862332692,2,mobile_wallet,low,6.726811612434317,10.131847726245725,18.507074333366702
2024-01-02 03:41:00,40.66192999550193,-74.19060312096495,40.59027570977719,-74.24227008799308,1,card,low,9.082704745644355,12.873136128104989,30.761359593043622
2024-01-02 03:50:00,40.6217376970199,-74.16063236269913,40.61845111347915,-74.12767842160963,1,card,high,2.805275806425229,11.734870807997101,18.28811139680244
2024-01-02 03:59:00,40.86257830852247,-74.01215555307841,40.769558348415046,-74.0410414040294,1,cash,high,10.625152425399751,68.4958947503989,53.02123014952145
2024-01-02 04:07:00,40.632116667652326,-74.23748597406492,40.61647076007033,-74.24828732852978,1,card,low,1.9641082761451538,1.961615541853687,9.074251425863986
2024-01-02 04:16:00,40.64095122477363,-74.04804695922313,,,1,card,medium,1.2306667841122276,3.8753949418615767,7.182569164316955
2024-01-02 04:25:00,40.78379014911709,-73.85800828858014,40.78815497708831,-73.78403825932863,2,card,low,6.246553238314352,9.506470165135507,24.392412048190472
2024-01-02 04:33:00,40.87735109388474,-74.18415565906817,40.85885296760483,-74.15785291018256,2,cash,low,3.0203640507028675,5.749649858085208,13.439624137285943
2024-01-02 04:42:00,40.646787786342955,-74.02542614416238,40.64293891825529,-74.00809965284796,1,cash,low,1.5232034528662322,2.8289296549402194,4.896878970031873
2024-01-02 04:51:00,40.68551004878603,-73.75521769097496,40.65022714909953,-73.75,0,card,high,3.9478830505739237,19.511150131706078,20.764307843828966
2024-01-02 04:59:00,40.844317645002,-74.00198079315332,40.84480438837601,-74.03047465202259,1,card,medium,2.397442492833977,7.812713146993483,12.443383861505486
2024-01-02 05:08:00,40.91042098486073,-74.00585484969774,40.91303487315736,-73.95777941573493,1,card,medium,4.0503248588659435,6.798087411863686,16.929670026199098
2024-01-02 05:17:00,40.750252003308795,-73.97501527230068,40.709740754303226,-73.93445665551853,1,cash,low,5.654350224462448,7.859897283895734,19.667713197663407
2024-01-02 05:26:00,40.628925150867424,-74.1651377711303,40.64097161489033,-74.12509229978434,1,card,high,3.6349645377307005,18.34744338608886,20.500450849243972
2024-01-02 05:34:00,40.58473833782079,-74.18494641983017,40.596503707299405,-74.19192217146119,1,card,high,1.4347359313028485,11.725286635374234,11.37669711579073
2024-01-02 05:43:00,40.65808305019961,-73.91454913915129,40.65060360408846,-73.93422830946128,2,card,low,1.8567799320253466,1.0,10.337105700482779
2024-01-02 05:52:00,40.62481955404741,-74.05815892694807,40.73376667068032,-74.09730099098068,1,mobile_wallet,medium,12.555981748713998,40.37804500618507,43.04797125947418
2024-01-02 06:00:00,40.81040394902837,-74.11214761961011,40.804072341627574,-74.1484708260336,4,card,medium,3.1371578620178973,9.598419882362629,18.800775870802905
2024-01-02 06:09:00,40.6214230515737,-74.24399027384085,40.60885751053191,-74.26,1,card,high,1.9438054803506122,13.900765688958588,18.017642592979232
2024-01-02 06:18:00,40.75215217675102,-73.82851424643897,40.73314448683667,-73.8120060971568,1,card,medium,2.5300860374249736,6.306596346523637,17.752629398457927
2024-01-02 06:26:00,40.81604922811858,-74.24351227841915,40.77235696308014,-74.2537874125163,1,cash,low,4.9347569022437785,7.917067842704801,17.46986002378596
2024-01-02 06:35:00,40.777579647135106,-73.87750860671751,40.80844502832806,-73.85809559782192,1,cash,medium,3.801299762536471,10.312988644047016,17.906622616964285
2024-01-02 06:44:00,40.64792372156442,-74.06518583491072,40.617042608003544,-74.04323114402635,1,mobile_wallet,medium,3.9017340139351036,10.35182719970883,14.244426842208945
2024-01-02 06:53:00,40.85340233890197,-73.95466921664263,40.82784467228707,-74.00235823908561,1,card,medium,4.916317987463333,10.018970012231003,18.538652934685487
2024-01-02 07:01:00,40.82323842406937,-74.13368421964802,40.79901755389014,-74.18272380359294,2,card,low,4.928187377577741,6.487953850115652,17.084451526592186
2024-01-02 07:10:00,40.831254561331285,-74.18074617022165,40.786932103118104,-74.19103588746445,1,card,high,5.00394011783893,33.19321161906659,30.59761896944955
2024-01-02 07:19:00,40.62455963552949,-73.98797211957418,40.58,-74.0228525521368,1,cash,high,5.763824323216204,25.57198568132327,29.634298459828813
2024-01-02 07:27:00,40.622076293241115,-73.90523497557339,40.60124399921895,-73.94485352185208,1,cash,medium,4.068198059524823,8.125486332210881,15.627229542028308
2024-01-02 07:36:00,40.89537126734221,-74.16029841957798,40.92,-74.08399250416961,1,card,medium,6.972846232765247,18.628629314584508,28.937759308010918
2024-01-02 07:45:00,40.71517658590048,-74.03745693680939,40.72404067714641,-74.10645790154388,1,card,medium,5.89805623158929,14.554833084674268,23.55055543763562
2024-01-02 07:53:00,40.682322555205516,-74.03322596515139,40.75254844236398,-73.94218806592387,1,card,medium,10.947362478129778,29.361189253597264,41.395882942084704
2024-01-02 08:02:00,40.74611857541952,-74.14985063396948,40.77991160914404,-74.13685119671833,2,cash,low,3.913860269437118,5.021498856210632,11.199248014608596
2024-01-02 08:11:00,40.80537383233962,-73.97182478241142,40.828952248801954,-73.92744405967561,5,card,medium,4.563123761138278,9.651280682028307,19.542429029117265
2024-01-02 08:20:00,40.90491190739597,-74.18557279974134,40.92,-74.14649782296148,1,card,medium,3.6873076447109168,9.350057917284214,15.91237439761723
2024-01-02 08:28:00,40.6773917171399,-74.00002792160753,40.673020165364754,-73.97226475863056,3,card,high,2.39125268512247,14.3399192713242,15.888421162229939
2024-01-02 08:37:00,40.89443486596609,-74.20214992920334,40.89727327127381,-74.1273674982419,2,card,low,6.293556959617682,11.63341558681982,21.71678914897938
2024-01-02 08:46:00,40.58845222707133,-74.01237337148389,40.587936328096625,-74.06108212246535,1,card,medium,4.1134655749150335,13.266921771342773,19.449895246162725
2024-01-02 08:54:00,40.76876733439112,-74.10108448201348,40.83823773729438,-74.1081215090135,2,cash,medium,7.747430804086315,15.669736334788798,28.520745800863303
2024-01-02 09:03:00,40.79555153797157,-74.02935439103842,40.79566472721223,-74.06773250210095,1,cash,high,3.2306777144954775,26.828950700204253,20.92009089882809
2024-01-02 09:12:00,40.61600511727526,-74.03878782668399,40.58683263544179,-74.11511140558045,2,card,medium,7.214081731647719,21.005887478509976,31.099144502006787
2024-01-02 09:20:00,40.62771546300173,-73.79695410736252,40.654160862210055,-73.82670995769764,2,card,low,3.8665896276986182,5.0201658465715155,16.736565687057976
2024-01-02 09:29:00,40.72249886856754,-74.01013284402221,40.68576717706998,-73.92586819400213,3,cash,medium,8.19368982063274,19.50472229072085,32.40523822397539
2024-01-02 09:38:00,40.90851885012869,-73.8425655590228,40.92,-73.8503715604066,2,cash,low,1.435293809292718,3.1761550459242645,9.137237417381684
2024-01-02 09:47:00,40.782654468099686,-74.14491727961503,40.80127731013607,-74.05565907251501,2,cash,medium,7.7942427765274855,26.080380775576785,30.4132176980979
2024-01-02 09:55:00,40.89722789534407,-74.08043777473654,40.88870477529278,-73.9865755523816,1,cash,medium,7.946401095651851,18.131149411778207,27.129798018886504
2024-01-02 10:04:00,40.85348271130841,-74.22170441587707,40.87894423205232,-74.08692354951074,5,cash,medium,11.681988559712915,28.36980556976324,40.66217954762163
2024-01-02 10:13:00,40.7389097445288,-74.04541862464104,40.67195919766492,-73.95967143878163,1,cash,medium,10.376166663007991,24.301167168294203,36.046723945306134
2024-01-02 10:21:00,40.846819572745744,-73.91896305759178,40.85415286820537,-73.81284712365176,2,card,low,8.962577113958833,13.470898998243126,479.677896938698
2024-01-02 10:30:00,40.58606450655218,-73.83253481260421,40.58,-73.8179022732567,3,card,medium,1.4077229067275687,4.604569648576299,12.877380322059453
2024-01-02 10:39:00,40.617108958900346,-73.97138339498244,40.74591081987815,-73.96110862446653,1,card,high,14.348296101477784,125.56752491296989,88.4669348789603
2024-01-02 10:48:00,40.86200572906013,-73.93356293850754,40.86901785719394,-73.92029516725285,1,cash,medium,1.3611523476141836,2.1316321014877992,7.061125232945808
2024-01-02 10:56:00,40.85091781003056,-74.16959379041536,,,2,cash,high,2.98420966950888,18.93886177662096,20.161415998373226
2024-01-02 11:05:00,40.65909785226859,-74.24102492050095,40.5970742741462,-74.23429007941841,3,mobile_wallet,medium,6.920087303981315,20.271180581180253,22.253761960544598
2024-01-02 11:14:00,40.76046166080368,-73.85623904595957,40.81920493965942,-73.82239083052767,2,card,medium,7.126465721404663,18.82161854141873,28.821799651823625
2024-01-02 11:22:00,40.786045379038,-74.17481051420495,40.77029390665943,-74.1957723176933,1,card,medium,2.486561540372471,5.80826447382754,14.88441469768886
2024-01-02 11:31:00,40.875031244283846,-74.2135035368783,40.83942040126545,-74.26,1,cash,high,5.565154538505001,24.097967022948815,29.00974123015908
2024-01-02 11:40:00,40.785056433495164,-73.78184321633763,40.80018989812557,-73.76548037044687,1,cash,low,2.1746599266885034,2.411405304061173,11.489896844247038
2024-01-02 11:48:00,40.72027433355305,-73.76860410432982,40.74951168096631,-73.79978032187444,1,cash,low,4.179637168115207,10.231736411519249,16.202624111164734
2024-01-02 11:57:00,40.70722257475844,-73.94570878128273,40.73575045675287,-73.97222608866895,3,card,low,3.880268451154037,4.1589429055697895,14.067537362558111
2024-01-02 12:06:00,40.72479990936699,-74.06689499092948,40.725688678404666,-74.07331888629362,1,mobile_wallet,medium,0.5502805676621653,1.0,2.5
2024-01-02 12:15:00,40.80165654869719,-73.83504783410834,40.80882010485709,-73.85179427898736,1,mobile_wallet,medium,1.6190106962891029,1.8151798327302262,5.870480941752759
2024-01-02 12:23:00,40.87494681479579,-74.15559282073895,40.885388483201424,-74.1056409085757,1,mobile_wallet,medium,4.357115220713395,9.775013804904031,13.879482242070196
2024-01-02 12:32:00,40.73432493990594,-74.04100991301087,40.749462771859235,-74.04851328228942,4,cash,low,1.7980360064499343,3.345974188664409,8.758366540463886
2024-01-02 12:41:00,40.66426545140346,-74.0779211775097,40.683385285219025,-74.02570094380525,1,cash,medium,4.890256215561665,11.133828783959789,17.460844797686033
2024-01-02 12:49:00,40.66046520341918,-73.79452300472174,40.709715577227925,-73.78525227351935,1,card,low,5.531900851862328,9.796720612218925,21.09116192890217
2024-01-02 12:58:00,40.83364485528277,-73.79091351816524,40.83618352407393,-73.79489732325234,1,card,high,0.43819609287237565,3.384515696931219,7.1898947488039955
2024-01-02 13:07:00,40.85763337956413,-73.92804817757494,40.82087723260176,-73.92092825569203,1,card,low,4.13075209032631,6.953666539918075,14.875707791318066
2024-01-02 13:15:00,40.6157945471504,-74.20352252846094,40.60930142051072,-74.26,1,card,medium,4.82169780724896,12.775213551946962,22.754844673752743
2024-01-02 13:24:00,40.60263001136476,-74.01408167727426,40.63655014820783,-73.99886820374807,2,mobile_wallet,medium,3.984327916149994,9.771457372950902,13.292309462567584
2024-01-02 13:33:00,40.78210744567719,-74.13488253322573,40.701713687549876,-74.09666901489156,1,cash,medium,9.501420935086973,28.08093976914112,34.37319823197762
2024-01-02 13:42:00,40.62969890302551,-73.80869301177592,40.58,-73.76410474256784,1,card,medium,6.686456992772695,12.155280872173288,26.4939356845311
2024-01-02 13:50:00,40.860385824755156,-74.18941457250175,40.90170825021781,-74.25026240634375,1,cash,high,6.876148030033788,32.91546326566122,32.84761794183518
2024-01-02 13:59:00,40.685513789134184,-74.23230175931104,40.753919315892496,-74.26,1,card,medium,7.956470856887064,24.05284906441313,31.974654566071088
2024-01-02 14:08:00,40.62891645721019,-73.90074119288946,40.58,-73.9248980265181,1,card,medium,5.809005160928733,9.747842177104236,21.84683527052948
2024-01-02 14:16:00,40.89312996064574,-74.02882410176625,40.897650627833215,-73.96651429565657,1,cash,low,5.261389489552251,7.9256029734052245,18.583658290741997
2024-01-02 14:25:00,40.636280785729994,-73.83243390732243,40.61830125564873,-73.82249001461132,1,card,medium,2.1682188125744988,5.154839161409045,12.639983556374597
2024-01-02 14:34:00,40.6768048279949,-74.22193888810365,40.665067472944024,-74.25680017389232,1,cash,medium,3.2167741978065147,10.590087677346213,15.210662470402344
2024-01-02 14:42:00,40.6322285543653,-73.85145117237,40.645977449759336,-73.91683344838187,2,cash,high,5.724719029393683,36.37223754748834,29.485825035688144
2024-01-02 14:51:00,40.61926662164622,-74.24095927604948,40.58,-74.26,3,card,medium,4.652782757051408,10.924351866602116,18.0503969074587
2024-01-02 15:00:00,40.58719032555439,-74.24568429392389,40.58,-74.26,1,card,medium,1.4493988973847036,1.686003479068645,9.258441591536432
2024-01-02 15:09:00,40.59883443911585,-74.02472896661718,40.585278136334395,-73.98262616927813,1,card,high,3.8614169901094435,18.47744349003568,20.55344535280592
2024-01-02 15:17:00,40.639378100118186,-74.14714144226288,40.63283619821295,-74.10157695104046,4,mobile_wallet,low,3.913008561043403,5.768275176849543,10.232723462060425
2024-01-02 15:26:00,40.59814985709324,-73.95720345942667,40.58,-74.00444904367525,1,card,medium,4.470884819926051,13.182637870222557,20.969505235731916
2024-01-02 15:35:00,40.780988897477734,-74.24683333295215,40.816523042843244,-74.21294086018098,5,cash,medium,4.873526242113535,13.257879316315435,18.345849564523597
2024-01-02 15:43:00,40.811442939111835,-74.24195133339488,40.79265269532184,-74.21266727295449,2,cash,low,3.2312760158679588,6.121159154259168,11.044860585575728
2024-01-02 15:52:00,40.71383435532289,-73.88915426695232,40.69485256304988,-73.94223990361665,1,card,low,4.947663410825625,5.702252813133031,17.52902552650506
2024-01-02 16:01:00,40.6881169729637,-74.15281576712893,40.70083661852404,-74.15658760857619,1,card,medium,1.4496673119887036,1.9688611130452802,6.336690824121797
2024-01-02 16:09:00,40.751538920587556,-73.92522726693302,40.74573804816452,-73.90989036746593,5,card,low,1.4440355236132987,1.0,9.94831002990254
2024-01-02 16:18:00,40.87750168035977,-73.87753969763462,40.915188136940536,-73.87019410379233,1,card,high,4.23578133508918,27.038476957705758,25.823530701597775
2024-01-02 16:27:00,40.869384753119554,-74.22974110548027,40.82738073891853,-74.26,1,card,medium,5.319081543971692,12.250168299815336,21.875116131803363
2024-01-02 16:36:00,,,40.58,-73.86152227276999,1,cash,medium,1.717558560253193,6.951360745387305,9.656942301793634
2024-01-02 16:44:00,40.64170945926282,-74.12310517883975,40.62776901889188,-74.09447325872533,1,cash,medium,2.870565325982408,7.207896537872693,15.144557083876895
2024-01-02 16:53:00,40.66049325617549,-74.06133156131813,40.663203883957564,-73.99024982371908,2,card,low,6.003241398906304,7.272148078880301,20.126720318962942
2024-01-02 17:02:00,40.66479177578295,-74.2158140119294,40.608957758298565,-74.24590961593601,1,card,low,6.707752313916225,10.226713045082743,24.72376851637301
2024-01-02 17:10:00,40.77421910159254,-73.83229870848393,40.711770191316035,-73.85684410052774,1,card,medium,7.245356897621935,21.332101444203083,27.401711826983107
2024-01-02 17:19:00,40.721529224739086,-73.97402831897386,40.7297326249443,-73.98342732343814,1,cash,medium,1.2080519583328073,2.078843818281917,9.919850843070689
2024-01-02 17:28:00,40.59674640077538,-74.00262070829794,40.58,-73.98951599183869,1,mobile_wallet,medium,2.166103356546256,6.883754031316419,8.87851867152947
2024-01-02 17:36:00,40.707028807076256,-73.76603704643959,40.64166577981094,-73.76167124689657,1,cash,medium,7.277356649961069,20.243415406919535,28.432689799751458
2024-01-02 17:45:00,40.758076002563996,-74.08940206243027,40.80151636071813,-74.06220820297175,2,card,medium,5.345562653830787,14.397974417370417,24.528684158499868
2024-01-02 17:54:00,40.61456844698726,-73.80570256389689,40.58613768670554,-73.85633595829657,1,mobile_wallet,high,5.316781314435703,20.388212798137626,20.012300868216155
2024-01-02 18:03:00,40.86337590828811,-73.89295918065706,40.915117430462054,-73.87510076463872,1,cash,medium,5.946017730939142,19.466841127252344,22.40442511242066
2024-01-02 18:11:00,40.59766703459813,-73.78645065071535,40.598948220198054,-73.8198503428255,4,card,high,2.8235073608090686,11.328216613201455,17.705795955602603
2024-01-02 18:20:00,40.89444623546614,-73.79702095309115,40.90771038425863,-73.80347097868365,1,card,low,1.571374217089847,4.782451804616651,7.581324305734871
2024-01-02 18:29:00,40.61369846813716,-73.75457479943671,40.6041809795628,-73.75,1,card,medium,1.1265569584568385,1.0,11.17288598927378
2024-01-02 18:37:00,40.866815483543235,-74.19284485646105,40.747333182538675,-74.25576578285552,1,cash,medium,14.302377962509091,44.658392457026814,55.62223942040665
2024-01-02 18:46:00,40.88690206893539,-73.85403164003328,40.83574667683798,-73.86660767611306,1,card,medium,5.785702923229536,18.45871905130118,25.822534712743497
2024-01-02 18:55:00,40.91305403139944,-73.84970787897677,40.9073971057121,-73.90706693873075,1,card,low,4.860985659236602,6.536196676971649,18.56398525283607
2024-01-02 19:03:00,40.85268879929302,-73.93136950062897,40.86910161047119,-73.92448144177415,1,card,low,1.9147451097310488,1.8972501617761657,11.996230305371135
2024-01-02 19:12:00,40.845022363862256,-74.11778091129852,40.76448703285479,-74.07061043010597,2,card,low,9.795764787499065,15.142738941832613,30.969704693046502
2024-01-02 19:21:00,40.79844431383849,-73.76777438146956,40.796032236984765,-73.76013990112158,1,cash,low,0.6963749064433283,2.397417574406953,4.853161832222872
2024-01-02 19:30:00,40.84485876055656,-74.155744709676,40.79435687663193,-74.1609969230761,1,card,medium,5.632918905091686,13.020301399524836,23.287573186516184
2024-01-02 19:38:00,40.62574775086047,-74.0052165570372,40.6363056582895,-73.94543845222987,2,card,medium,5.179355633358215,13.519230631833054,21.129573408379237
2024-01-02 19:47:00,40.762263132222195,-73.99404157246222,40.7613900968657,-73.97916896289748,2,cash,low,1.256362962097427,4.00866136853364,8.997922049104336
2024-01-02 19:56:00,40.75483577586474,-74.17746703413363,40.78829334797407,-74.14058656159959,1,mobile_wallet,medium,4.846249767142509,13.04553647956225,15.585623009717828
2024-01-02 20:04:00,40.87157452900167,-73.89151030061005,40.91958156086011,-73.85932371820202,6,card,medium,5.984541788185178,14.123456970146037,24.618497941379175
2024-01-02 20:13:00,40.737351784301794,-74.21467774626808,40.758006329769124,-74.26,1,card,low,4.45551003853584,6.3534310541649335,17.747413429802698
2024-01-02 20:22:00,40.71093042867412,-73.90652013278817,40.7496481401778,-73.90997022904112,1,card,low,4.315017255472852,10.693430538339557,15.888117371062242
2024-01-02 20:30:00,40.79745151222062,-73.82720609689177,40.781686100804045,-73.87571944799143,1,card,medium,4.444531094480002,9.086733073344005,18.159366213221123
2024-01-02 20:39:00,40.670597527950285,-74.08180782320798,40.79763781145731,-74.11912708344504,1,cash,medium,14.471970387322076,37.37013939990595,52.11799920424516
2024-01-02 20:48:00,40.62752125972435,-73.89819538761441,40.58,-73.83183901278477,1,mobile_wallet,high,7.700904476569567,63.484049240191375,41.912569531253354
2024-01-02 20:57:00,40.742478273168075,-74.1800452558446,40.71872926316215,-74.19691150538412,1,card,low,2.9989038621911117,3.1608230016161167,14.4314843068571
2024-01-02 21:05:00,40.72174238532226,-73.82856600925903,40.76230352154587,-73.75,1,card,medium,8.009546931689062,20.341653625584282,31.233821986611115
2024-01-02 21:14:00,40.65907377977982,-73.77446383373785,40.692946238498564,-73.83780981265004,3,card,medium,6.536315506130493,24.076398232319043,27.649653441664075
2024-01-02 21:23:00,40.70495401543914,-74.18212621631511,40.72688652130055,-74.2308914014276,2,cash,high,4.779058806653416,28.765489272342126,25.632445892273832
2024-01-02 21:31:00,40.704573432940926,-73.90715166827411,40.73496277255062,-73.87284588853127,1,card,medium,4.447166999482669,13.954327084899468,20.884709727500482
2024-01-02 21:40:00,40.691348491900264,-74.00202614075617,40.597588419942994,-74.0173878591453,1,card,low,10.505897776850203,17.341239892925934,35.6020178026397
2024-01-02 21:49:00,40.70901778710716,-73.9889353407655,40.78053622836136,-73.97510561061844,2,card,high,8.037378573777374,48.96499548418115,47.470622339505994
2024-01-02 21:57:00,40.81315273745502,-73.89969024351365,40.80397764430602,-73.90474405070029,1,cash,medium,1.1053390472702453,1.2889429697595323,9.14570459016773
2024-01-02 22:06:00,40.680938001354235,-74.01074234533841,40.73700323955642,-74.01715827604689,1,mobile_wallet,high,6.257582190910588,45.314685502936044,34.912228146730925
2024-01-02 22:15:00,40.902611695083216,-73.95383354007096,,,1,card,low,10.240240379722065,16.539042093474993,34.1131001462189
2024-01-02 22:24:00,40.89155832664298,-74.1422404801002,40.90310390929963,-74.13416327888186,1,cash,medium,1.45226157691369,2.261624955814998,6.940436564464672
2024-01-02 22:32:00,40.743509545622025,-74.0669616357908,40.718151943060505,-74.03808791285205,1,cash,medium,3.7241893753140025,9.281026959173523,16.754180555514697
2024-01-02 22:41:00,40.69164280970159,-73.81872742146354,40.71738821652275,-73.75,1,card,low,6.4620889589485735,10.164726293562643,21.344396234370038
2024-01-02 22:50:00,40.7620478285422,-74.20394971905932,40.7763159989033,-74.21306278314975,1,mobile_wallet,medium,1.762412532439517,6.342350502255961,8.387439152555524
2024-01-02 22:58:00,40.86851056618303,-73.95523661692384,40.8849827170705,-73.97295034022746,1,cash,low,2.3606935653234786,3.935806831387875,7.301914248593786
2024-01-02 23:07:00,40.80187969579043,-74.16601359826021,40.75422731982002,-74.18952436830087,2,card,low,5.656435348384635,13.535627655652501,21.055962739904423
2024-01-02 23:16:00,40.853493221502006,-73.82826480505908,40.85092961106517,-73.76212453158261,1,cash,low,5.570209352863453,10.396956828150808,16.99360639421827
2024-01-02 23:24:00,40.76112557386235,-73.9646875835347,40.75301805670553,-73.93362296316458,1,card,high,2.7674765808392725,19.682286820996616,23.270155963745502
2024-01-02 23:33:00,40.79519199395099,-74.05444512083817,40.817480945827825,-74.13990162502789,1,card,high,7.607564507504852,47.934278438316234,40.493913939949365
2024-01-02 23:42:00,40.677972908822035,-74.13258941643758,40.72249127361654,-74.22002984806342,1,card,medium,8.879197565953367,22.38720104835383,34.33987395740404
2024-01-02 23:50:00,40.8298636751855,-74.03720920341328,40.83663509167589,-74.07456180799069,2,cash,medium,3.2314866600665355,11.044197202143403,15.19503617930055
2024-01-02 23:59:00,40.648817561662746,-73.77161771377992,40.59138980868526,-73.76126116879747,1,mobile_wallet,low,6.445223881086776,7.554722265069026,16.058022597494308
2024-01-03 00:08:00,40.81623136379829,-74.00030326223076,40.821072410228794,-74.0018094184956,1,card,medium,0.5530195411306082,2.6599812806345566,6.247073260109645
2024-01-03 00:17:00,40.87264448323081,-74.02056033883308,40.92,-73.99739530400011,5,card,high,5.614140458574298,63.31040254553686,42.60656983872219
2024-01-03 00:25:00,40.624914964682524,-73.87940035511484,40.698985204396976,-73.88729531001309,1,card,high,8.263112468793949,36.87314376446844,40.59611252087008
2024-01-03 00:34:00,40.78888911178425,-74.06668599387574,40.65504113146015,-74.00380214916369,1,mobile_wallet,medium,15.798536671592844,39.707819143874545,55.25512586513357
2024-01-03 00:43:00,40.61233255439818,-74.0420137855608,40.615182996314445,-74.00726877351596,1,card,low,2.9498945901806857,5.126626554495544,13.389471029492976
2024-01-03 00:51:00,40.82674331361228,-74.08815665689848,40.868688692248774,-74.08466570957827,1,mobile_wallet,high,4.6733472791244735,21.99994764176371,21.387980839515773
2024-01-03 01:00:00,40.608727694399995,-74.18303092478202,40.600522978834434,-74.13149065040798,1,card,high,4.445713205863605,22.20201028894374,24.91644781077615
2024-01-03 01:09:00,40.89821953971821,-73.89595730075665,40.87751544831174,-73.97015808085084,1,card,high,6.648797334916835,62.64625324512185,42.81723737064626
2024-01-03 01:17:00,40.626718696212855,-73.81475423391936,40.6147053065341,-73.8185825959893,1,card,medium,1.3743512146029073,5.35869325293211,10.381902137005481
2024-01-03 01:26:00,40.90601928360909,-73.7981477488862,40.92,-73.79195969511044,1,card,low,1.639243300036468,2.7096810647311576,9.580577008976622
2024-01-03 01:35:00,40.852300619868934,-73.81079050160074,40.80061947102206,-73.78369885910287,1,card,high,6.182271522413662,27.466687452461393,30.698016103672746
2024-01-03 01:44:00,40.78185188151856,-74.02959026075662,40.83534287084098,-74.1067727308839,1,mobile_wallet,medium,8.807652866981156,26.160429861436526,33.423576977903274
2024-01-03 01:52:00,40.846092195574045,-74.11512624197637,40.84357251094763,-74.12684455278573,1,card,low,1.024755700305087,2.2768078508390928,9.567682736778387
2024-01-03 02:01:00,40.85033904525425,-73.93465888770358,40.80826295291923,-73.91663815186777,1,card,low,4.918194066143691,4.732758090259741,15.900632384506599
2024-01-03 02:10:00,,,40.92,-73.75162819924005,1,cash,medium,2.7238797677594024,7.281560235994091,14.627162100006341
2024-01-03 02:18:00,40.66615034030532,-73.88920416943401,40.5966194495753,-73.83582832656857,1,card,high,8.947854340890634,61.232316286438476,52.19781999034542
2024-01-03 02:27:00,40.780625804421824,-74.00762723358902,40.755641350056756,-73.97335949363071,1,cash,high,4.0057638655337815,18.004664621739135,23.27243374543322
2024-01-03 02:36:00,40.612316727171894,-73.90870762699814,40.58659134923406,-73.91144569921988,2,cash,high,2.869857111230138,19.22250122782088,18.09375591284011
2024-01-03 02:44:00,40.7894963380082,-73.86600566464826,40.88597372522882,-73.83563184594556,2,mobile_wallet,medium,11.027910634711606,25.460447756400665,34.978472200426424
2024-01-03 02:53:00,40.63823904339155,-73.79117267672268,40.607413108802774,-73.80023404032264,1,card,high,3.5119659788133006,18.95592720077766,21.470507413203638
2024-01-03 03:02:00,40.77208320790063,-73.8707599654742,40.675109772978125,-73.86415513759988,2,card,low,10.797309551159719,19.18909139263864,36.259579354258186
2024-01-03 03:11:00,40.77462637477151,-74.03907281662569,40.748444694583945,-74.00330671086905,1,card,low,4.189220298963872,6.246479914282803,15.421956786637596
2024-01-03 03:19:00,40.73843495201362,-74.1204606755826,40.75893471764684,-74.12249921127606,1,card,low,2.2859292257719055,3.8182345122742216,13.807663816339542
2024-01-03 03:28:00,40.75769480367446,-74.00506035098792,40.79297860827072,-73.98877081540898,1,card,high,4.156245352162348,36.06331641169957,33.412154614277966
2024-01-03 03:37:00,40.83973395260224,-74.09262924825121,40.92,-74.04937035363194,1,card,high,9.637725319373413,50.917183209512054,51.60373803331314
2024-01-03 03:45:00,40.851743203614106,-73.77919005772921,40.91505359430847,-73.75,3,card,high,7.455239353125729,33.74081678644365,39.3233211951547
2024-01-03 03:54:00,40.74733209329565,-74.00093741984053,40.75578861002183,-73.94543118632586,1,mobile_wallet,high,4.769208231575613,19.743152350822584,22.849409901233525
2024-01-03 04:03:00,40.78386177011769,-74.01925126865837,40.74374807407683,-73.91447109525049,1,mobile_wallet,medium,9.887801724092478,20.482304445016553,32.56615526585492
2024-01-03 04:11:00,40.89662032013464,-74.08241992874102,40.92,-74.05078817893995,3,card,high,3.7181436981246745,12.041615095804692,18.452861528824673
2024-01-03 04:20:00,40.62070942009038,-73.93390243495129,40.604124060325695,-73.95466059976451,1,mobile_wallet,medium,2.5438946668105182,8.354415006883595,10.378314997005322
2024-01-03 04:29:00,40.61981521240604,-73.99477384790332,40.59019813677638,-73.97174181075142,1,cash,high,3.824427036974755,17.81263885147621,18.848019671964977
2024-01-03 04:38:00,40.60982106404966,-74.19418504932189,40.591052742952726,-74.17308822057981,1,card,high,2.743676584692624,18.13724902078526,19.76071468253681
2024-01-03 04:46:00,40.80367351691378,-73.81670401647645,40.74732054616343,-73.78909603526849,4,mobile_wallet,medium,6.683501689035851,13.180502425852994,19.40478704020463
2024-01-03 04:55:00,40.72232682226873,-74.07690345560667,40.70140091816603,-74.00962772448099,1,mobile_wallet,low,6.1292302304166775,12.369695717544678,18.926840609939347
2024-01-03 05:04:00,40.843269281488226,-74.03938500072134,40.8327794066392,-74.11517001862562,2,cash,low,6.481295606563341,11.42276814665679,23.684569718910673
2024-01-03 05:12:00,40.808218680524924,-74.15510980110157,40.84109822778647,-74.08698709149174,1,cash,high,6.798734733813622,24.581072023092112,33.98453154757598
2024-01-03 05:21:00,40.6934368378316,-73.97776691411488,40.675972862752054,-73.89449815505226,5,card,medium,7.284819835983919,21.284938249152436,30.227849963627087
2024-01-03 05:30:00,40.885444626102924,-73.90195191816143,40.82840896022019,-73.87638873831428,6,card,medium,6.6965695458050565,17.95816251771312,26.98742203630997
2024-01-03 05:38:00,40.83926093000402,-73.81060568648077,40.76709118301747,-73.78395960782574,2,cash,high,8.332426148450505,38.67439310259489,39.94002528409544
2024-01-03 05:47:00,40.67198187990946,-74.23368009086415,40.681412518548,-74.24455410719084,1,card,medium,1.3930352605188767,5.142158977966473,12.149203637962101
2024-01-03 05:56:00,40.703825286042495,-73.76360072605331,40.70709344944861,-73.76331614651156,1,card,medium,0.36419406436062285,1.0,7.393788731469828
2024-01-03 06:05:00,40.68690959326945,-73.90105295156962,40.661965521264854,-73.86964510440795,3,cash,high,3.8352144703783195,19.551424419749996,20.03241299871549
2024-01-03 06:13:00,40.6335879605325,-74.11500767095013,40.612552419810356,-74.08649781327547,1,cash,medium,3.355712667435848,7.817284579033137,15.410828347137528
2024-01-03 06:22:00,40.63024634666434,-74.15571787494288,40.647728258640306,-74.12328593709273,3,cash,medium,3.356692394035483,4.5105228642675925,12.79737630954504
2024-01-03 06:31:00,40.89828333754775,-74.10899516148616,40.92,-74.08079507576402,2,card,medium,3.3833652491077046,9.52855009525588,14.86517171207365
2024-01-03 06:39:00,40.72888737264758,-73.81337986665011,40.693780866361095,-73.7729523178137,1,card,medium,5.181659276789741,14.55496730286097,21.987361821210317
2024-01-03 06:48:00,40.71032873974432,-74.11139101167007,40.71432936737401,-74.07599182152072,1,card,medium,3.0166043925121726,5.509250164498859,15.944565885096239
2024-01-03 06:57:00,40.82809314095031,-74.02396122137581,40.87121530913055,-74.07005691131252,1,cash,low,6.166362873538793,11.787601433532306,21.81866520413622
2024-01-03 07:05:00,40.76801764218599,-73.90007359233647,40.73309249912711,-73.86262153037862,1,card,high,5.0034547915344,31.863871026042155,28.82781930814835
2024-01-03 07:14:00,40.898287595525076,-73.81528516950083,40.897584150369724,-73.75,1,mobile_wallet,medium,5.487755858265687,11.5828394418509,18.750277123242174
2024-01-03 07:23:00,40.8453025079292,-73.9241287072035,40.84359270579025,-73.92532691104148,1,cash,high,0.2151853918373526,1.0,4.62953726524151
2024-01-03 07:32:00,40.74298565180234,-73.87591430976745,40.683977366225385,-73.80843771210824,2,card,medium,8.683097279795284,17.710573574521142,31.732996041088555
2024-01-03 07:40:00,40.70796222098348,-74.17160333388907,40.71554466674794,-74.21288162238508,1,cash,low,3.5798771348575023,4.4045025719407,11.230034506777274
2024-01-03 07:49:00,40.91545472527427,-73.81252200787752,40.91687423581147,-73.81386132575999,1,card,medium,0.19385321084645615,2.5152908587857254,3.942956532640654
2024-01-03 07:58:00,40.82403848024124,-74.11938321635476,40.849017271473066,-74.14823533318621,1,card,medium,3.6886564435341,9.547899386195636,14.37207819175087
2024-01-03 08:06:00,40.903406184401305,-74.19452713633117,40.84999629304157,-74.13246217997211,1,card,medium,7.905719300761339,18.360437934095195,29.511657101319155
2024-01-03 08:15:00,40.62028271625379,-73.76211541192626,40.620731383590545,-73.75,1,card,medium,1.0237717600176228,2.3428509649241525,7.837063796133825
2024-01-03 08:24:00,40.86918145092487,-74.15716363801839,40.92,-74.16162746342233,2,cash,medium,5.663207558215761,12.789407679058302,23.068429138531148
2024-01-03 08:32:00,40.79660512055701,-74.19030749526024,40.890092612993065,-74.13760972674046,2,card,high,11.301036942960254,48.98969067806734,54.790853472127516
2024-01-03 08:41:00,40.62145337063394,-73.9407293409481,40.67905918773766,-73.86645114269244,1,cash,low,8.960891395225419,10.963773241647385,27.2224819800419
2024-01-03 08:50:00,40.780007719989534,-74.097379793757,40.72703950223527,-74.09886114236528,4,card,high,5.8911186848414445,41.457428454006276,32.82373537769951
2024-01-03 08:59:00,40.81327276413585,-74.19199190535795,40.833570134827816,-74.18615308282709,1,card,medium,2.3098200520923284,5.45703808321586,13.691666476531802
2024-01-03 09:07:00,40.58418291320212,-73.9534282302199,40.58,-73.92041553858668,1,cash,medium,2.826445443734902,5.375561663546193,11.094184065217874
2024-01-03 09:16:00,40.734468107026196,-73.87291753411667,40.74724363371704,-73.91083174328507,1,cash,low,3.4958766257302347,5.750153860180614,13.775546876985327
2024-01-03 09:25:00,40.860635833806754,-73.85546882915435,40.82588608204679,-73.8505144373697,2,mobile_wallet,low,3.886406306756068,6.236488104265854,11.883566279361672
2024-01-03 09:33:00,40.68042206861699,-74.18068857348375,40.60331576373364,-74.08426315370467,1,cash,medium,11.819563196425216,34.393678065582336,44.51254340025067
2024-01-03 09:42:00,40.73590634781151,-73.97599779535064,40.72040307207001,-73.9984984037619,4,card,medium,2.5625483503274866,3.3039847991526043,17.22451301385512
2024-01-03 09:51:00,40.73038680320308,-73.84502403095246,40.762903924550535,-73.80660185012067,1,card,high,4.852844480419866,22.1046766911364,27.10845420737954
2024-01-03 09:59:00,40.68265531309045,-74.17784562417367,40.69561530208677,-74.15427442409751,2,card,medium,2.4548839212857736,3.9729820736609662,13.37502132345298
2024-01-03 10:08:00,40.89227024447529,-74.15408205159696,40.91040289817144,-74.16145151748859,1,mobile_wallet,medium,2.1092461508403884,6.03527904690967,8.137999165345033
2024-01-03 10:17:00,40.84563997204672,-74.25877018730985,40.85537573658079,-74.24879570812892,2,card,medium,1.369596409191203,3.3099896822521835,7.667268900786846
2024-01-03 10:26:00,40.61760005973868,-73.9924365802384,40.635803796106735,-73.91356868363413,1,card,high,6.956911622691865,33.679318438358024,35.291790393430205
2024-01-03 10:34:00,40.91899178366478,-74.1607123346004,40.92,-74.13580046300433,1,card,high,2.096152675091558,11.9934645362188,14.401039147452693
2024-01-03 10:43:00,40.87892800826464,-73.89063628637928,40.86656734396168,-73.85869444833251,2,card,low,3.0169862091802258,4.856505898124898,11.2295245395722
2024-01-03 10:52:00,40.676528868873774,-73.76927093363503,40.680258944137655,-73.75,1,cash,medium,1.6771746770670513,3.73942001103455,8.132892116050217
2024-01-03 11:00:00,40.86454483708472,-74.15353470061048,40.92,-74.1665581702754,3,card,high,6.262751366915143,33.880237056515384,31.11734048094552
2024-01-03 11:09:00,40.61618264083627,-73.9289605240006,40.62257403714132,-73.9760716949433,2,mobile_wallet,low,4.039319168792529,6.082433048041658,12.29037589885374
2024-01-03 11:18:00,40.919695608361245,-74.15196442465616,40.92,-74.07238879203459,2,card,low,6.686176994451962,10.99258536862038,23.532214580639884
2024-01-03 11:26:00,40.806332810276224,-74.25081650192035,40.81096261310141,-74.24467302170252,1,cash,high,0.7296401603835547,1.3106917334017414,7.228915600733738
2024-01-03 11:35:00,40.80104250528999,-73.87313736095057,40.79123662196576,-73.83292532269385,1,card,medium,3.5562839580354777,6.78605146310187,16.49525408703533
2024-01-03 11:44:00,40.6107498471746,-74.03865761490805,40.59115882880717,-74.07296242826092,1,card,high,3.624028643130176,14.43322613572329,20.16910600532879
2024-01-03 11:53:00,40.884991355624855,-73.77713870062753,40.8943818892213,-73.75965501689146,1,card,medium,1.8028518915967915,5.163397254581229,12.67020123156656
2024-01-03 12:01:00,40.58985983108952,-73.98751420010687,40.58,-74.03687617542566,1,card,medium,4.310198260094677,10.707827012026364,18.863678830281888
2024-01-03 12:10:00,40.66188153973399,-74.17968373682241,40.65533336790752,-74.17681544403464,6,mobile_wallet,medium,0.7672699999817765,1.0,4.12468330141198
2024-01-03 12:19:00,40.62862743755665,-74.0306150346834,40.59305427576297,-74.05977157801641,4,cash,medium,4.65874865697929,12.256597168953045,17.862785042644735
2024-01-03 12:27:00,40.844101099835356,-74.15652518464894,40.8489616310394,-74.19601962972001,1,card,high,3.3657512079862064,28.146142017643257,23.499493196451073
2024-01-03 12:36:00,40.647389437252386,-73.81220507092985,40.67367820974031,-73.82584559105132,2,card,medium,3.141467670941334,9.682206326614926,14.94582009434586
2024-01-03 12:45:00,40.8896169972245,-73.90763937774736,40.880080828528506,-74.01084195668093,1,card,high,8.74042033117706,50.889382922585646,49.76386606106958
2024-01-03 12:53:00,40.803131473371344,-74.0859682096261,40.712754443711326,-74.1381638193261,1,cash,medium,10.969010820638843,26.460172370245377,38.62807876246726
2024-01-03 13:02:00,40.592295321568194,-73.99081163536836,40.61886204105069,-73.95560299833664,1,card,high,4.190617431554805,23.382408700192393,26.03471762754297
2024-01-03 13:11:00,40.581846143603755,-73.91856510401136,40.58725441652795,-73.90292011648171,2,card,medium,1.4515955376399605,3.3456147631990842,7.892865591041454
2024-01-03 13:20:00,40.59756369178489,-73.86074256451083,40.58,-73.90908097712415,3,card,low,4.524922954686892,9.194091982786396,17.765640894036093
2024-01-03 13:28:00,40.786014560400226,-74.21912492296603,40.82081172130477,-74.1944706123401,1,mobile_wallet,medium,4.390610573960932,10.768592836274832,14.123022195886337
2024-01-03 13:37:00,40.8525038156922,-74.24851539058243,40.78957468165999,-74.26,1,card,low,7.063819077867751,11.580546837097085,22.870749614750395
2024-01-03 13:46:00,40.661107959013314,-74.20162912444336,40.70815130170291,-74.16914075027475,1,cash,low,5.904879895401478,9.209752767222419,18.374398288794215
2024-01-03 13:54:00,40.86879900659385,-74.058551881812,40.866217508709724,-74.06375564011778,1,mobile_wallet,high,0.5233255606928076,2.5932948515943886,3.0090025055789305
2024-01-03 14:03:00,40.59945885965211,-74.02197962885813,40.58,-74.03661017062579,1,card,high,2.4915729556183086,10.450353071299903,16.218525583781112
2024-01-03 14:12:00,40.85232771023817,-74.19040456859094,40.860352541665016,-74.19450243165868,2,card,low,0.9565631761657932,1.5814989168326699,5.9763069322426485
2024-01-03 14:20:00,40.89545044625858,-74.0503118996712,40.877171789694486,-73.93513311912125,4,card,low,9.893467748866543,15.1712899804112,33.32181291701839
2024-01-03 14:29:00,40.84251685569549,-74.03477237895547,40.817458637563455,-74.06891844733397,1,cash,low,4.002168709553703,5.905250098043923,13.742163643846315
2024-01-03 14:38:00,40.817361066552735,-74.20436411852448,40.7841634072872,-74.19416897854249,3,card,high,3.789848132474432,17.894054838139873,21.622432097908035
2024-01-03 14:47:00,40.86491327434283,-73.79250342030018,40.85918856375414,-73.75734182837301,1,card,medium,3.0246660295068812,9.633045580704843,16.554422062631154
2024-01-03 14:55:00,40.593651441846,-73.95443557693027,40.58,-73.99774415513927,1,card,medium,3.9596591720649674,9.391777211829,19.469198424661034
2024-01-03 15:04:00,40.64860591764448,-74.0618468794673,40.58,-74.13358848215056,2,cash,medium,9.739956977805068,26.639958585937716,33.265575380265105
2024-01-03 15:13:00,40.622474050963916,-74.00147733642918,40.67971710586439,-74.02852675286248,1,cash,high,6.761826872430279,35.727838382747365,34.29459077353818
2024-01-03 15:21:00,40.751540536665615,-74.09975928190092,40.74054444214733,-74.06558343785102,1,card,low,3.1279349449147045,4.1665747053043285,10.30486399774934
2024-01-03 15:30:00,40.83336396363181,-73.82429117386125,40.80042688791729,-73.83968132918903,1,cash,low,3.884684593579161,5.52082736214973,17.183545031423414
2024-01-03 15:39:00,40.79420402715598,-73.96674232880007,40.74342496144144,-73.97714209571132,2,card,medium,5.713892935025778,16.051604228543546,24.285261918155733
2024-01-03 15:47:00,40.869384573919056,-74.00760313465929,40.90406751695444,-73.96661850035115,1,card,high,5.171402754547856,42.484453998934,35.099767337059475
2024-01-03 15:56:00,40.63277241742997,-73.79544844442124,40.58,-73.8317338829985,1,card,medium,6.619426102581495,15.784481239790269,25.39376774647145
2024-01-03 16:05:00,40.82977117125795,-73.83263035390063,40.83580059984156,-73.8366243429022,1,cash,high,0.7499362647172245,1.0,5.070918899322259
2024-01-03 16:14:00,40.64563410689543,-73.84547103537282,40.61936990181112,-73.91359388223208,1,cash,high,6.4479155996030695,56.0073998605433,42.179466253406154
2024-01-03 16:22:00,40.67205797544805,-74.14493930584176,40.648414090722746,-74.1305069481091,1,card,low,2.897254710778676,4.675273833244887,14.759532060144837
2024-01-03 16:31:00,40.82136759707564,-74.18190721315115,40.77170741818173,-74.17157939479557,1,card,medium,5.589978691337749,15.620704149462357,25.958712254990104
2024-01-03 16:40:00,40.91326962686556,-73.9080507749465,40.88535525240208,-73.87225164152898,3,card,high,4.3229113807082715,29.1229283432236,25.453253332462435
2024-01-03 16:48:00,40.7879248260322,-74.02099244926589,40.788321383650015,-74.0725289751911,1,card,low,4.339036139070898,3.762622263050882,14.991430548580935
2024-01-03 16:57:00,40.59853010709704,-73.91130651639202,40.60911915728275,-73.91994145752678,1,card,medium,1.384846320537102,4.730838893477658,10.791846634957553
2024-01-03 17:06:00,40.78954504977536,-73.87208011162333,40.75419338811763,-73.92961127784395,2,card,low,6.238838201284817,11.849748701318612,23.42870022201856
2024-01-03 17:14:00,40.594399187537256,-74.10939011125419,40.59030713942757,-74.1204649121312,2,card,high,1.0399465931217702,4.611777753342444,9.970917701882586
2024-01-03 17:23:00,40.88060954186472,-74.11482827910737,40.92,-74.04814781571251,1,card,low,7.112835191200422,10.333020254026605,22.123709984367874
2024-01-03 17:32:00,40.821256616934214,-74.00967590120833,40.7464383318715,-74.02410977522716,1,card,medium,8.407703786518514,21.94488230649945,31.632505156179693
2024-01-03 17:41:00,40.63886346778365,-74.12048985010149,40.638581363972015,-74.18195624219251,1,card,medium,5.18651783986792,9.953199132296795,21.08376924989679
2024-01-03 17:49:00,40.61118514198023,-73.91967940923173,40.58,-73.9502739761556,1,cash,medium,4.324035192882175,8.636069295458137,14.301772913455165
2024-01-03 17:58:00,40.642401297819305,-73.87916747260084,40.59503051007406,-73.95166030510461,2,card,low,8.07361398778277,15.867214926866378,26.882391946113497
2024-01-03 18:07:00,40.91320924104843,-74.01926013751284,40.92,-74.07756991705917,1,cash,low,4.957380562615339,6.672228769634199,16.2895056991705
2024-01-03 18:15:00,40.73591061843589,-73.89086211954469,40.711374302345845,-73.8606677069074,1,card,high,3.7307114778914023,20.75778562422988,20.904490616595908
2024-01-03 18:24:00,40.84658752243608,-73.99967683977391,40.7918313817555,-74.0647595854552,1,card,high,8.189336703431705,35.28698069484574,40.21578139794695
2024-01-03 18:33:00,40.79637883631664,-73.89643542179682,40.85597157995979,-73.88238063523086,1,card,medium,6.731108168391394,16.946287502985083,26.83545367101245
2024-01-03 18:41:00,40.77462047098594,-74.14526619362418,40.81602449913087,-74.14410777320947,1,card,low,4.604950498974418,5.1706425694115925,15.297672561289442
2024-01-03 18:50:00,40.62934428658612,-73.88319004657416,40.58,-73.90710881778335,2,cash,medium,5.846599675111379,17.53947026778161,22.36041625193337
2024-01-03 18:59:00,40.90164831420975,-73.89528674803692,40.835299048449656,-73.88505599893432,1,card,medium,7.4276883610940905,19.103725234742402,31.267401731654946
2024-01-03 19:08:00,40.68245649505501,-74.12403108940492,40.70916206326435,-74.16622585732554,1,card,medium,4.633816288358227,11.784821047326574,20.38601679996833
2024-01-03 19:16:00,40.776525853374565,-73.97645479456952,40.76370653088788,-73.9386167965323,2,card,low,3.4907154870427726,7.62197822751606,17.792593587644888
2024-01-03 19:25:00,40.817923821160285,-73.82379104938406,40.885449680156256,-73.85521636281982,1,card,low,7.960164604823833,14.313145204203082,27.39478513121918
2024-01-03 19:34:00,40.8007392727834,-74.13274345004406,40.828474410717746,-74.15012996003136,1,mobile_wallet,low,3.413497277395076,8.321867158699323,8.993301875921794
2024-01-03 19:42:00,40.89980209929648,-73.88465031015252,40.91327804786991,-73.90739110539539,1,mobile_wallet,medium,2.4285197852250247,5.5420467939701785,8.396576545822878
2024-01-03 19:51:00,40.630469256572816,-73.77347697425509,40.58448543544067,-73.75,1,card,medium,5.483821401727626,11.938806008950117,18.691638298038605
2024-01-03 20:00:00,40.75283993107196,-73.81821662092364,40.77495474434086,-73.79371664481573,1,card,medium,3.2100621053082246,7.054493685552049,13.699419826560653
2024-01-03 20:08:00,40.71737169285186,-74.05522475783306,40.65996231488809,-74.17320131029963,1,card,medium,11.819366990393346,26.780831113801103,42.40875706542341
2024-01-03 20:17:00,40.74121736802409,-73.95032405617606,40.79995337202754,-73.93888312404354,2,card,medium,6.601826287295379,14.837558487380905,26.663806192557388
2024-01-03 20:26:00,40.62053395890723,-73.75419723153112,40.63953019541305,-73.83270390896327,2,card,medium,6.953695241518636,15.11042012146842,26.037109491287467
2024-01-03 20:35:00,40.625592167356736,-73.97009692019839,40.588474791402646,-73.98545639724689,1,card,medium,4.326144969805315,7.88098646344235,18.8037475548195
2024-01-03 20:43:00,40.674545685565626,-74.20133592276052,40.71075616983158,-74.20620375373912,1,card,low,4.047284148436074,9.244289849067982,16.18063124999934
2024-01-03 20:52:00,40.68359956527868,-74.23683031506283,40.78446818528982,-74.25267293539177,3,card,low,11.295232481208222,20.444854256427632,37.342684514224935
2024-01-03 21:01:00,40.72548709265166,-73.85693960003054,40.715694323160236,-73.8344027350361,1,card,medium,2.1892930004634574,5.176403688277006,12.751927613302366
2024-01-03 21:09:00,40.78773576599245,-74.04394955404506,40.81250435952856,-74.01154610857148,1,card,medium,3.8761680931993667,9.257121521722992,18.026401220934684
2024-01-03 21:18:00,40.79577389992221,-74.13412542577912,40.77634158053611,-74.16893138645598,1,cash,medium,3.6408835460759295,5.462548664883233,15.312019232518182
2024-01-03 21:27:00,40.72001570483909,-74.08268726436292,40.723856554631915,-74.1191281294753,1,card,medium,3.100533398848841,7.063501881918237,12.934762395758629
2024-01-03 21:36:00,40.718986257205756,-73.87373983806131,40.65116070200434,-73.87535846797567,4,cash,low,7.543092467442564,11.315811155688792,26.272849593397467
2024-01-03 21:44:00,40.65399369907696,-74.02272385882675,40.6539698709692,-74.09219180245223,1,card,low,5.860239932702484,8.640341351330683,19.30319426658869
2024-01-03 21:53:00,40.78002412445906,-73.81706525881181,40.78198510430144,-73.83852926769525,2,card,medium,1.820335549229797,3.9687813754492596,10.937976002059836
2024-01-03 22:02:00,40.68779390984786,-73.88518794972337,40.76874880980588,-73.82452444722094,1,cash,medium,10.35193048704504,24.40623208181429,36.492049645555284
2024-01-03 22:10:00,40.5922603436543,-73.76325278327283,40.58,-73.83103630870731,1,card,medium,5.884064194799228,14.729671074365342,26.152923458392678
2024-01-03 22:19:00,40.72225601501333,-73.80686307893718,40.70961625935348,-73.82216836010629,1,mobile_wallet,low,1.9076955675900373,1.8592975117065618,4.197853896448578
2024-01-03 22:28:00,40.74120510953066,-74.13018092198914,40.79917038433306,-74.156834458571,5,mobile_wallet,high,6.825080484038478,34.9954291353985,32.375065420496846
2024-01-03 22:36:00,40.65670157518943,-73.92387979127069,40.64582185787849,-73.83364273660824,1,card,medium,7.708135673038469,19.509684883266114,27.238261726876967
2024-01-03 22:45:00,40.774635697261516,-74.24952305239066,40.76692532827719,-74.26,1,card,medium,1.2302294573791828,7.179876601093364,11.57676690662228
2024-01-03 22:54:00,40.77236244614685,-73.75453557054091,40.73486579002715,-73.77612706038204,4,card,medium,4.548837720774737,12.110899780896817,19.479566789333887
2024-01-03 23:03:00,40.81868074157752,-74.12688688451068,40.7767134994657,-74.17327130626175,1,mobile_wallet,medium,6.084549325237315,14.795361441760637,19.548002188288653
2024-01-03 23:11:00,40.800302483948414,-73.92095450225197,40.718139064485925,-73.92053502109145,1,card,high,9.136223715434532,65.29631311647695,52.15196344827317
2024-01-03 23:20:00,40.801827239217154,-73.82693165318823,40.77351255307317,-73.81477413571216,1,cash,low,3.3106437411399723,7.098025630854178,12.505553190075103
2024-01-03 23:29:00,40.687512811620174,-74.17816302200873,40.642991834140126,-74.21802491515162,2,card,low,5.984269723204929,9.793503321498935,20.694600649914708
2024-01-03 23:37:00,40.847726955475224,-73.82758153516666,40.85303870298979,-73.78308900913417,1,card,low,3.7885935207898966,7.3906192490993545,13.213223738241146
2024-01-03 23:46:00,40.766709090423895,-74.25375471044669,40.73126402131483,-74.2415568491537,1,card,high,4.073052932983895,25.68821503474379,23.602082929697644
2024-01-03 23:55:00,40.72668218636116,-74.03459165957645,40.70510059203398,-73.99625619248202,4,cash,high,4.024650129912052,23.689248800870754,23.479883589846988
2024-01-04 00:03:00,40.79284424351996,-74.01926081250912,40.772495000832365,-74.03402691126192,1,cash,medium,2.5817861305989234,4.575939301881614,11.773744026349107
2024-01-04 00:12:00,40.702623493713084,-74.06921373623805,40.700456060510014,-74.05827044134794,1,card,medium,0.9534683955315291,1.3508679677633284,6.407549704793094
2024-01-04 00:21:00,40.7543313431663,-73.96094377938675,40.73054784162808,-73.97053312165609,1,card,low,2.7652473146501557,5.7780746137186,16.856646013151813
2024-01-04 00:30:00,40.830479934083954,-73.79343040216166,40.78269956003678,-73.75,1,card,high,6.448941584879011,42.25203314232361,38.012958924339415
2024-01-04 00:38:00,40.88137698148606,-74.09323555170685,40.88523647146371,-74.08800366552515,1,card,low,0.6145160968881719,1.0,7.042294569199043
2024-01-04 00:47:00,40.893159447080365,-73.96457745754513,40.92,-73.96418352987095,1,cash,low,2.984716912681507,4.498144470653682,13.203080446890981
2024-01-04 00:56:00,40.751235194562256,-73.8124941118709,40.75701617337284,-73.83311500182684,1,card,high,1.8520743380011147,12.246180767054803,16.692474086326285
2024-01-04 01:04:00,40.75689353901179,-73.8657723484983,40.729451619291055,-73.88899071186954,2,mobile_wallet,low,3.6245284492069048,6.2530282127567896,10.093817467740243
2024-01-04 01:13:00,40.8519559396597,-74.2392260349492,40.84641435143049,-74.22852854158212,1,card,high,1.0905540820998616,8.096977511855606,10.456656298103939
2024-01-04 01:22:00,40.686913235193025,-73.77917671029489,40.59463476052698,-73.75,1,cash,high,10.552085065904233,69.21320077065933,58.284693695564194
2024-01-04 01:30:00,40.864710003197324,-74.23621007882811,40.85843687946807,-74.26,1,mobile_wallet,high,2.1187494289622157,10.69073133060898,9.930288363035089
2024-01-04 01:39:00,40.748008159815925,-73.9597331780691,40.729992213206856,-73.95403711059618,2,cash,medium,2.0599619789593566,4.548927765282755,10.09755819567311
2024-01-04 01:48:00,40.61939128627399,-73.96656965363927,40.58,-73.95828202654342,2,mobile_wallet,medium,4.435646418868108,14.614862124181922,13.607067481396092
2024-01-04 01:57:00,40.6045001100048,-73.85894098234182,40.58,-73.84281462410492,2,card,medium,3.0456299817438848,5.954389851047477,16.328918822830754
2024-01-04 02:05:00,40.86627769175342,-74.18429404355703,40.84781713918413,-74.26,5,cash,high,6.689713579864862,21.88643675540569,32.312734571652584
2024-01-04 02:14:00,40.59889309174834,-74.16852110004803,40.64355371416863,-74.21013407153502,2,card,medium,6.082489482598877,17.098195448465898,25.12803580542837
2024-01-04 02:23:00,40.67540788828544,-73.87642546430344,40.72455060704055,-73.93788846770893,4,card,high,7.530374548063611,34.35040990631719,38.74132084473017
2024-01-04 02:31:00,40.69360421377053,-74.18375257627008,40.65183858150043,-74.18227277707075,1,card,high,4.645802944907058,27.221590907709793,27.86361871969945
2024-01-04 02:40:00,40.63881811136514,-74.02058298519653,40.61550462956919,-74.06112678684158,1,cash,medium,4.292739459771409,11.191154226112882,17.54269452286977
2024-01-04 02:49:00,40.68672374573268,-73.88685947399243,40.664557197654695,-73.90919032432163,1,mobile_wallet,high,3.10188617413332,19.356676753861,16.894433270716515
2024-01-04 02:57:00,40.83251547268653,-73.92786661632084,40.86894502088629,-73.98160923989683,1,card,low,6.069735699563033,10.126467321825755,19.733899141178487
2024-01-04 03:06:00,40.58499216681042,-74.15259186508233,40.59153996167885,-74.17073750925488,1,cash,high,1.69643831524797,11.500334719601438,12.415923515884401
2024-01-04 03:15:00,40.86123896433703,-74.1049802680701,40.86541450815588,-74.15556493012494,1,cash,high,4.279112631878389,21.768191925005468,19.499710395904934
2024-01-04 03:24:00,40.871226328015354,-73.76582279934706,40.895358145619305,-73.75,1,cash,low,2.9949476121329406,2.9541466202213815,10.803852505315117
2024-01-04 03:32:00,40.70656893488513,-74.03117798372101,40.67973033150663,-74.0096127250802,2,card,medium,3.4945423034873535,13.436036423687591,15.267848849181565
2024-01-04 03:41:00,40.63222838568061,-74.23732668701746,40.69360328152654,-74.23056636935111,1,card,medium,6.848357370570077,20.18640139372302,25.81862847437083
2024-01-04 03:50:00,40.78428573870133,-74.14801170127217,40.78420722911742,-74.16159908810779,1,card,high,1.1440095324507196,3.500207590782705,8.678546167017156
2024-01-04 03:58:00,40.62068866899406,-74.08535810427247,40.58217260891543,-74.1770540087561,3,cash,low,8.84716961835247,11.034508827244052,27.221406727193806
2024-01-04 04:07:00,40.70407258276661,-73.75026040380976,40.6937387717957,-73.77087970195703,1,card,medium,2.0837148574513655,10.105841705488569,13.252746148059371
2024-01-04 04:16:00,40.90586592150633,-74.10562731078677,40.92,-74.13989285525271,1,cash,medium,3.280355643691262,8.889349508103955,13.147436444643095
2024-01-04 04:24:00,40.918457920678435,-74.2465381171209,40.899326524559164,-74.23541077734396,1,mobile_wallet,medium,2.323761497152036,8.585678869489538,8.889173546724729
2024-01-04 04:33:00,40.84251566306056,-73.99840999544678,40.885245764017576,-73.97052317285058,1,card,high,5.2985794967545905,33.56404899887677,31.177388768335195
2024-01-04 04:42:00,40.68572691337306,-74.21736125366327,40.65758635269834,-74.20275278385108,3,cash,medium,3.3628978399380767,8.84333659814806,-13.256969265617082
2024-01-04 04:51:00,40.81380611671647,-74.12022552466519,40.77935125036149,-74.0633888007545,1,card,medium,6.129341592178548,15.327506371689617,23.462682087710682
2024-01-04 04:59:00,40.81983816426457,-73.75388458019209,40.84952004774131,-73.77945872073943,4,cash,high,3.939836767533572,20.071064773626304,22.15715550929815
2024-01-04 05:08:00,40.71186617635564,-73.90063435534562,40.672537411126584,-73.92807427000504,1,card,low,4.947391732856494,8.243127794484936,17.042834278236153
2024-01-04 05:17:00,40.797902135759294,-74.23416001906574,40.83491644701657,-74.18745549876512,2,mobile_wallet,low,5.6909901076198075,10.001137057537608,14.309114101053641
2024-01-04 05:25:00,40.58364739929173,-74.03116977351819,40.59947056924778,-74.02369003576398,1,cash,low,1.8693768813551863,1.7627267304201846,9.574027280046936
2024-01-04 05:34:00,40.651079603924764,-74.17246486855929,40.61176787687372,-74.18357981188369,1,cash,high,4.470763431186663,15.155088251214522,18.30041555652249
2024-01-04 05:43:00,40.758530023008866,-74.19729822523492,40.75531509952912,-74.11420477371465,1,card,high,7.007969590357921,37.488401646390464,38.98994402171332
2024-01-04 05:51:00,40.635675443447816,-73.96059663919212,40.610980600372635,-73.9345987645599,1,card,medium,3.5149009820136037,8.725314166256824,14.510155114655168
2024-01-04 06:00:00,40.63640833507802,-74.0021154962835,40.65211228012813,-74.01068998411053,6,cash,medium,1.890125946296482,5.91830818084236,10.71314535281064
2024-01-04 06:09:00,40.86434345878708,-73.8811380419991,40.92,-73.91200555861322,2,mobile_wallet,medium,6.710620504496965,13.729424347256634,19.890749749467222
2024-01-04 06:18:00,40.91630522091243,-73.80492382360175,40.899623513782494,-73.75,1,mobile_wallet,medium,4.974412283546834,15.333973745557586,17.470281225936642
2024-01-04 06:26:00,40.769029605529674,-74.13419225270985,40.79304953785331,-74.12487738676981,2,cash,medium,2.7836656329443783,8.063489231885939,13.472712663321667
2024-01-04 06:35:00,40.86528370849978,-73.78927408680575,40.86638353737482,-73.78817082542652,1,cash,low,0.15350288183748384,1.0,2.5
2024-01-04 06:44:00,40.916709365870936,-73.99582419599741,40.91779196250878,-73.96539175676193,3,card,low,2.5599221376084356,4.064824094528915,10.601392836707861
2024-01-04 06:52:00,40.628142602113385,-74.12799419172559,40.620708371680465,-74.08839023816716,1,cash,high,3.443131823129781,15.16440657594688,16.949474610411137
2024-01-04 07:01:00,40.73240350850648,-73.82864922256768,40.69381972342066,-73.80390507326558,1,card,medium,4.7703589896587015,10.783576818932934,20.508329980293883
2024-01-04 07:10:00,40.713474723386256,-74.2418797418052,40.72855602110397,-74.20210084090176,1,cash,low,3.748376747272752,7.4069390429567346,14.657808523698936
2024-01-04 07:18:00,40.607216756439705,-73.97465021748879,40.59422337769333,-73.95433837133817,1,card,high,2.242355569828167,16.538410487574815,16.910945014911228
2024-01-04 07:27:00,40.836812258750214,-73.89197301713472,40.79609625498197,-73.86700294088035,4,mobile_wallet,medium,4.991289757031842,14.798448970078823,16.3047033467488
2024-01-04 07:36:00,40.72748486928968,-74.11721137955037,40.773122666090856,-74.15013508301833,1,card,medium,5.783096580588736,15.878041199859767,23.944490084301215
2024-01-04 07:45:00,40.73957115762474,-73.81961912204277,40.74402659064634,-73.75,1,card,low,5.886141958451394,8.257019098385708,20.4300116072125
2024-01-04 07:53:00,40.6312288110965,-74.13745487268743,40.62096435801605,-74.192970322342,2,cash,high,4.822198072156562,37.102038907246374,29.344965371634444
2024-01-04 08:02:00,40.6415150617585,-73.83166411580682,40.70181760942208,-73.81774212315443,1,cash,low,6.807358980677141,12.805946167391795,22.03156771067603
2024-01-04 08:11:00,40.888415231533116,-74.21994206844545,40.80579156243413,-74.26,1,cash,high,9.785715246457926,56.171130108074436,49.78207522651461
2024-01-04 08:19:00,40.595180690251254,-74.17843692814711,40.652457626419064,-74.18285272139472,1,cash,medium,6.3797991731377905,19.717033690419207,25.1396957447749
2024-01-04 08:28:00,40.65916977688086,-74.06569786221003,40.619561319169726,-74.0914060759141,1,card,low,4.909469853564574,7.629717136360483,14.58093795953367
2024-01-04 08:37:00,40.67930017230694,-73.82443168847293,40.68881913658063,-73.81832267426245,2,card,low,1.177151042594371,2.1808297021565473,7.609193407668197
2024-01-04 08:45:00,40.746667164416536,-74.18626146378534,40.7202042954811,-74.17088236812425,1,cash,high,3.21522399756207,16.154112221553515,18.492691835914947
2024-01-04 08:54:00,40.77939135882503,-73.81352649770494,40.73785631200467,-73.8565615143397,1,mobile_wallet,low,5.871011070390783,9.017146170385928,18.10987312044482
2024-01-04 09:03:00,40.74771859178923,-74.14283692142747,40.80684348545781,-74.1441605719003,1,cash,low,6.5753328909788795,13.149034391422887,23.872428780711743
2024-01-04 09:12:00,40.608599213749336,-74.0292207167168,40.69212895928212,-73.96650537670627,1,card,medium,10.689337705567105,31.387014150439548,42.1555915861975
2024-01-04 09:20:00,40.66284693437894,-74.08010545382723,40.652891780099644,-74.1391573832148,1,cash,low,5.102780911380741,10.103597374132567,16.108224371051595
2024-01-04 09:29:00,40.866820050819264,-74.1997556244266,40.88191641241801,-74.23818804403889,1,card,medium,3.6413827800970586,10.845191670352923,16.241752873213485
2024-01-04 09:38:00,40.796780158162676,-73.77840203284524,40.799344764487486,-73.75,2,mobile_wallet,medium,2.4077302219402164,7.1632437894054535,8.621234477357552
2024-01-04 09:46:00,40.80071067704566,-74.03652907171637,40.87858348472653,-74.03303910512028,1,card,low,8.664036831258363,13.000702355985482,26.504870269939865
2024-01-04 09:55:00,40.80786910681946,-73.90793105670834,40.71277733668405,-73.90112908486623,2,card,medium,10.589230837942656,27.39688541878925,39.06075497939851
2024-01-04 10:04:00,40.83938702647344,-73.96661348490134,40.8563575813306,-73.92060987921019,1,card,low,4.30511965326979,6.644463866943582,15.20690891322585
2024-01-04 10:12:00,40.59975688378529,-74.00412488240538,40.58,-74.0398579739863,3,cash,high,3.732332734053341,20.19675900737426,18.346653221787594
2024-01-04 10:21:00,40.70464685087709,-73.945545411986,40.598628469910885,-73.96891549734039,1,cash,low,11.9524296108925,13.606288986184696,615.0632700401505
2024-01-04 10:30:00,40.76343932798897,-73.80184542383677,40.747215473604655,-73.83076430782778,2,cash,medium,3.031146161013416,5.782890808639056,13.045520626616192
2024-01-04 10:39:00,40.69507520432109,-73.903350688396,40.778237399912065,-73.9190198255261,1,card,medium,9.34097837154758,33.584169255541624,39.31826346901381
2024-01-04 10:47:00,40.86712281691764,-73.98843515947785,40.83760060334963,-73.9281566656552,1,cash,high,6.0398602752952515,44.89922229033173,36.1136969980755
2024-01-04 10:56:00,40.74407465291968,-73.93095516006035,40.77965910071509,-74.00750376435896,1,card,medium,7.564487973518484,22.828282197506194,31.556318331840146
2024-01-04 11:05:00,40.84133338041619,-73.9507389169404,40.89527362928404,-74.00447876343135,3,card,low,7.509627276831185,12.563008517811086,24.64231132410001
2024-01-04 11:13:00,40.8696852757396,-74.03910818418198,40.86911391962172,-74.10056392221017,2,cash,medium,5.1679540441066445,9.758758944920412,21.508975014925355
2024-01-04 11:22:00,40.75162910418719,-73.94137035483347,40.757049607015695,-73.8782941270526,2,card,medium,5.347108426585172,17.283743080544436,22.501405580738677
2024-01-04 11:31:00,40.88924776291626,-74.03377940191628,40.81201435712191,-74.06142739897777,1,card,high,8.89724110907399,54.533574215666455,46.33111802311978
2024-01-04 11:39:00,40.779622139782575,-73.87361666728533,40.7473947659398,-73.88831698135915,1,card,low,3.7913615303119683,9.454826354020053,16.2551478057181
2024-01-04 11:48:00,40.86909326160347,-73.76585463340363,40.909908604698316,-73.83851317141007,1,cash,high,7.609315514872001,27.644636862109216,34.84236751840197
2024-01-04 11:57:00,40.69580087050112,-73.77046866767641,40.698531429867785,-73.78227603930388,1,card,low,1.0406885590008788,3.4201599296342,7.792408733493531
2024-01-04 12:06:00,40.7495977659007,-73.84142474892326,40.766128130765665,-73.80243127148537,1,card,medium,3.7636873599805734,10.02745428794773,18.774301237185835
2024-01-04 12:14:00,40.76067975394156,-73.95310296249967,,,2,card,medium,1.1674822332273362,2.4292616871255373,8.827389123343725
2024-01-04 12:23:00,40.61569310340466,-73.87784068608393,40.714333280897996,-73.88269456839237,2,cash,low,10.975925242336903,21.569987539595893,34.14524137893235
2024-01-04 12:32:00,40.71550785227852,-74.16919536941865,40.69613445987503,-74.23961521806397,1,card,high,6.314733349331507,28.475810451311283,31.29013573326958
2024-01-04 12:40:00,40.89189480866757,-74.0157005867699,40.92,-74.03045843069876,1,card,medium,3.36225995415247,10.573138227773729,16.415199563935715
2024-01-04 12:49:00,40.794482961724015,-74.12877456985441,40.800490606723315,-74.12216340547775,1,card,low,0.8694554777732072,1.3882158268596574,7.120006731860094
2024-01-04 12:58:00,40.64035223802857,-74.25821755963423,40.7165911918847,-74.26,1,card,low,8.478717318460514,12.852268720011372,29.69815030714881
2024-01-04 13:06:00,40.695210916107264,-73.76696383691724,40.640086902090644,-73.75,1,card,high,6.294280565171423,43.510503488459605,38.49344244963775
2024-01-04 13:15:00,40.645145023285316,-73.81943723345556,40.65345437262871,-73.77960914885654,1,cash,high,3.484809478202384,34.42511821525128,22.37289411138677
2024-01-04 13:24:00,40.58843986481151,-73.99801370458034,40.58,-74.02180289646978,1,card,low,2.2173212634032247,1.0,10.544016829020633
2024-01-04 13:33:00,40.89533655589137,-74.13038233305932,40.90161281100462,-74.09771988433958,1,card,low,2.8325651368284164,1.953337995352948,11.158057742441704
2024-01-04 13:41:00,40.73239049160733,-73.9065826427984,40.78739742342731,-73.91152092468518,2,card,medium,6.13061707654515,13.587947931742008,26.30827423786766
2024-01-04 13:50:00,40.68456192462307,-74.03825144687954,40.70160835686418,-73.9866302377085,1,card,medium,4.747008266947867,9.543476834960366,17.987263420070985
2024-01-04 13:59:00,40.78348224512963,-73.85029173795442,40.838399466180846,-73.75875495825181,5,cash,medium,9.830424701758652,19.59463550340973,34.51202134192062
2024-01-04 14:07:00,40.582486915139626,-73.75024576380771,40.58,-73.79946071049471,3,cash,medium,4.165430924767429,9.50364231305187,15.38784326256713
2024-01-04 14:16:00,40.674527516244275,-74.08196787018016,40.63749996565571,-74.04734107202057,1,cash,medium,5.048181822431097,10.695095945067445,16.245201289700944
2024-01-04 14:25:00,40.81903137833763,-74.1353544478262,40.8197561066288,-74.07663104234888,1,card,low,4.94219697454742,7.057777747875705,16.079826729961503
2024-01-04 14:33:00,40.79548172284355,-74.12363493071467,40.79374237481595,-74.16731554603051,3,card,medium,3.6821538207958415,9.033705692706056,16.12847805071787
2024-01-04 14:42:00,40.913814022164466,-74.21239341470286,40.90545035056738,-74.23827384477269,1,card,low,2.365354376715746,4.084664438596267,13.085157680051129
2024-01-04 14:51:00,40.790921621283736,-74.05903643978492,40.74778319362856,-74.08542340920523,1,card,low,5.286479926897833,10.762630596151515,20.669210717387845
2024-01-04 15:00:00,40.74235199703343,-74.25111322311439,40.79629131857676,-74.25708837884851,4,cash,high,6.018849312251944,28.766725803411415,28.00951876933399
2024-01-04 15:08:00,40.83888707148256,-74.20165826572536,40.82255939745405,-74.21769471350528,2,card,low,2.262001770386293,1.0,11.348426061490859
2024-01-04 15:17:00,40.88713147646778,-74.12143516889094,40.92,-74.13035797535342,2,card,low,3.7309518176109857,4.56717614670184,15.509405989181579
2024-01-04 15:26:00,40.82503662188424,-74.17846998428617,40.82561007331842,-74.14076050951365,3,cash,high,3.173587067209189,15.261567958178214,17.68339443156626
2024-01-04 15:34:00,40.90749181600679,-73.88659885925463,40.92,-73.97191038673951,1,card,high,7.3023707869743815,33.56385816148329,36.23526647307551
2024-01-04 15:43:00,40.84588175805098,-74.20614155665737,40.87097869198434,-74.24996676063124,1,mobile_wallet,high,4.622994279687001,20.806214482472967,20.140597234353255
2024-01-04 15:52:00,40.874712489009056,-73.81834300643749,40.83762012569327,-73.78819624300804,2,card,low,4.84146039452569,6.4995012865531026,17.62359254462996
2024-01-04 16:00:00,40.618795384202436,-74.14723160310741,40.6353195156723,-74.12235667641947,1,cash,medium,2.789796330901115,5.8344769820219335,15.39736397979603
2024-01-04 16:09:00,40.82902059101789,-74.20461878534451,40.915795573518906,-74.25225318407601,1,cash,medium,10.44718277967344,23.101817170223786,39.398874596328795
2024-01-04 16:18:00,40.7296301578393,-74.25484561134006,40.74095270922882,-74.22965902357639,1,cash,high,2.4674898837078696,19.108649696884598,19.03552384689578
2024-01-04 16:27:00,40.76805529281983,-73.8952454477957,40.80861274610002,-73.83553643473881,2,card,low,6.753307420752119,9.015130127697216,22.762690773030457
2024-01-04 16:35:00,40.802394819224,-74.12912545957134,40.83359205223065,-74.1313316527223,1,card,medium,3.4739384251192327,14.023191068930602,17.653683695777545
2024-01-04 16:44:00,40.9097371396799,-74.00015571137973,40.92,-74.0455139573726,3,card,low,3.9785465876166106,6.290613830882217,15.454041718346827
2024-01-04 16:53:00,40.91475654768676,-74.2030758161972,40.92,-74.16370287466306,1,cash,medium,3.359294888939065,9.14397206952893,14.48694354681626
2024-01-04 17:01:00,40.67799760346589,-73.75749907914951,40.70262680362635,-73.75,1,card,medium,2.810680570875826,6.72359910280192,14.59658651142395
2024-01-04 17:10:00,40.82947618912889,-74.19605378307433,40.863823903720295,-74.23593009672912,1,card,medium,5.08306716409936,13.91165450379603,24.484624473181917
2024-01-04 17:19:00,40.83499440289799,-74.04991777741265,40.774147020330695,-74.0481514340849,4,card,medium,6.767553432338887,17.689043531522866,26.204358930186118
2024-01-04 17:27:00,40.697807572846436,-73.82565875380942,40.708936202855774,-73.77660175023951,9,cash,high,4.316506589620945,13.577062240827496,21.475700831895917
2024-01-04 17:36:00,40.62211572345383,-74.135107656275,40.6138322188202,-74.12991651410165,2,card,high,1.0199878602678691,8.70877711917216,7.668485759817061
2024-01-04 17:45:00,40.59392196649714,-74.12384438947346,40.58,-74.20247272445883,1,card,medium,6.817736008007243,19.768163190042632,27.782226079464134
2024-01-04 17:54:00,40.84429666335992,-73.84766524689573,40.9026150604162,-73.82771144955036,1,cash,low,6.698226852834349,8.632714058607387,20.453007125126586
2024-01-04 18:02:00,40.74649791221775,-74.12059677483208,40.71350633105487,-74.16464316346661,1,cash,high,5.218511320899876,33.58593748609904,29.57849953005816
2024-01-04 18:11:00,40.91508365762828,-74.25853563134164,40.85231904991433,-74.26,2,cash,low,6.980191616733792,9.365766416646322,21.322400796462176
2024-01-04 18:20:00,40.73809097510584,-74.04176400255012,40.7738982052482,-74.11951266214449,1,card,low,7.664147586222333,12.727969361747093,28.022724403141005
2024-01-04 18:28:00,40.912491772885105,-74.25360704306398,40.84857404934018,-74.20003871487152,2,card,medium,8.41405785827329,17.61859145103416,31.114837879091766
2024-01-04 18:37:00,40.71993584074598,-73.79600593524702,40.633178402237846,-73.8335679446028,1,card,medium,10.153726049097235,26.16993208522065,37.40739278283329
2024-01-04 18:46:00,40.84985193119039,-73.9326752556686,40.890723977239944,-73.91767512755744,1,card,low,4.716536422451934,4.1260172619425575,14.939786030313037
2024-01-04 18:54:00,40.60883855258602,-73.96266272422717,40.61598105386133,-73.93660977485109,1,card,low,2.3381841116101887,4.918828975326228,11.840201112713052
2024-01-04 19:03:00,40.76885698144684,-74.1571893494602,40.790129364678435,-74.14990749491851,1,card,low,2.443554545836381,5.507082268630569,14.027857379618087
2024-01-04 19:12:00,40.85270032757515,-73.90302744543139,40.83279108671007,-73.88968176033256,1,card,medium,2.482186803311264,6.514727133542041,15.466043058927575
2024-01-04 19:21:00,40.89439856685476,-73.91460013172404,40.83210029093235,-73.89745296779107,1,card,medium,7.0757401203860155,20.072383994249037,27.243747733005396
2024-01-04 19:29:00,40.85967825080993,-74.22916357729807,40.80631782619713,-74.22294918139903,1,cash,medium,5.956398920001186,17.79352786895973,22.677263725500715
2024-01-04 19:38:00,40.5925700472484,-73.81076826928661,40.580321546773995,-73.84497544743083,1,card,medium,3.193582460206356,7.417148093089248,13.184001290070853
2024-01-04 19:47:00,40.70671879604429,-73.9644991849058,40.64946066743798,-74.00271935720262,1,mobile_wallet,high,7.136129124818498,33.56201585373903,34.11344896178553
2024-01-04 19:55:00,40.59655748058671,-73.8558418906703,40.61037486140376,-73.86056606015822,1,cash,medium,1.5873429953737206,4.225920001790341,10.389482597644221
2024-01-04 20:04:00,40.61715597897895,-74.12591382321429,40.5963453717674,-74.1315912053765,1,card,medium,2.3631460257601753,4.003417878507266,13.179625975596077
2024-01-04 20:13:00,40.80960391374695,-74.19775562212574,40.81793053587839,-74.17843623416654,1,card,medium,1.8710019609495776,3.485700993482257,11.958685827901181
2024-01-04 20:21:00,40.82250778674598,-73.90175071767474,40.82948945251617,-73.85217646465232,1,mobile_wallet,medium,4.242856471437986,11.766395453433422,15.398304469583453
2024-01-04 20:30:00,40.843065032135556,-73.85511983000987,40.86047101208466,-73.83964408878424,1,mobile_wallet,high,2.3324355955076626,8.358292531481176,10.059004760364417
2024-01-04 20:39:00,40.874255226338924,-74.06312289785417,40.89673194006693,-74.09961266521444,1,card,low,3.9567949789578076,6.342702006659987,13.527248926768639
2024-01-04 20:48:00,40.83140669928201,-74.24791693958869,40.81593117269695,-74.26,1,card,high,1.9987160873070358,8.638475528259939,13.446495311142716
2024-01-04 20:56:00,40.852296341316254,-73.84269044742653,40.86057495831478,-73.8772926216911,1,mobile_wallet,medium,3.052249562310813,7.700211834152093,11.067173676694813
2024-01-04 21:05:00,40.596647661339915,-74.15489210777147,40.60726802711882,-74.21539417404017,1,cash,high,5.242602944683502,27.17495995711259,27.927738583862162
2024-01-04 21:14:00,40.65974195115004,-74.08709370963228,40.58,-74.11996045873852,3,cash,medium,9.290699923426065,23.494759995470847,34.33938462001425
2024-01-04 21:22:00,40.79144524294758,-73.93960218603367,40.820538901511256,-73.92869972153473,2,card,medium,3.3626907052928376,11.947579915960151,18.017694118697083
2024-01-04 21:31:00,40.87176260357244,-74.20902309320223,40.87851000240235,-74.20522552034949,1,cash,low,0.8153919533110323,4.278957233943934,6.566170241516091
2024-01-04 21:40:00,40.581530042479486,-74.22328215926939,40.60691224141544,-74.13966416650717,1,card,medium,7.603467173719248,21.110753194037084,30.160950967120904
2024-01-04 21:48:00,40.75497397631956,-74.24689107649661,40.69706601452444,-74.22515240665291,1,card,medium,6.694578796495284,11.207540919638022,22.663599783891293
2024-01-04 21:57:00,40.8102777157839,-73.79251367127787,40.79606792290159,-73.75,1,cash,high,3.911693721526275,33.76411440876806,27.34339235697769
2024-01-04 22:06:00,40.590066478303726,-74.10119480042299,40.58,-74.06901352724344,5,card,high,2.939076003528505,11.655489568620888,18.599077043361675
2024-01-04 22:14:00,40.716460889568154,-73.92306400429027,40.74996795149773,-73.87420720084154,1,card,medium,5.5523111351712835,14.801079479691644,22.59576229541244
2024-01-04 22:23:00,40.88451585967046,-73.75549002300095,40.821285615277375,-73.77164062522388,1,cash,high,7.160900390480939,32.17281036797808,34.20433587293336
2024-01-04 22:32:00,40.80834835501099,-73.91858009528342,40.76655888982449,-73.96693301303324,3,cash,high,6.177715693109262,54.51727188598132,41.440222938020774
2024-01-04 22:41:00,,,40.68484797931484,-74.01240484919938,3,mobile_wallet,high,3.1703509485896237,18.25093288266357,16.392293209198723
2024-01-04 22:49:00,40.86994558407485,-73.9943308339062,40.84162373012237,-73.99486496278672,1,card,medium,3.1495668477404997,9.791434679208527,14.891399428823762
2024-01-04 22:58:00,40.698330683959234,-74.06777225428768,40.65655310440373,-74.0960394040679,2,card,low,5.221350441334427,6.292571259206393,18.869161534569088
2024-01-04 23:07:00,40.870137188188984,-73.95411237546291,40.910939562518294,-73.9991637845641,2,card,high,5.909800584804616,41.00075223658807,37.05886351370686
2024-01-04 23:15:00,40.68164084138043,-73.77101639133168,40.72428787042706,-73.75225869517276,2,card,medium,4.998807139382376,8.656231450695195,20.163062041930893
2024-01-04 23:24:00,40.78070888530027,-73.85809754281387,40.813202088964616,-73.90334041529275,1,card,medium,5.249630681933569,11.47954206535859,21.468420869069075
2024-01-04 23:33:00,40.71495962303426,-74.04364442531305,40.75315155836157,-74.11265156297839,2,card,medium,7.200126643379866,14.298707357155173,24.294449953576954
2024-01-04 23:41:00,40.67344051725672,-74.0904531371934,,,1,card,low,4.413531078262709,6.579365041315601,18.197962531255577
2024-01-04 23:50:00,40.88142957113844,-73.8093989198922,40.87222288727979,-73.81994491686405,1,card,low,1.3543342584438873,5.951847934306692,8.571071016598701
2024-01-04 23:59:00,40.64378185185942,-74.19074922893044,40.61461819432541,-74.23534058877985,1,card,low,4.96757619842504,5.343991752203125,14.676821713471663
2024-01-05 00:08:00,40.60883594102016,-73.8267115189482,40.616383753567376,-73.83697556459754,1,card,medium,1.2062494833167208,2.3244168867773367,6.135462885699262
2024-01-05 00:16:00,40.696255159105526,-74.12991085171541,40.67249973437586,-74.10289085797784,1,card,medium,3.4883027402458504,7.543810183483545,14.268588681500631
2024-01-05 00:25:00,40.82399731019813,-73.89502908975429,40.80450933093142,-73.86917915264544,0,cash,medium,3.0705392036129666,8.141236027745306,13.798249418747282
2024-01-05 00:34:00,40.85452674603194,-73.84882750380484,40.881522265561166,-73.87856466971387,1,card,low,3.906819616096,5.722224198664427,16.61335162835458
2024-01-05 00:42:00,40.9195727458227,-74.01673177619563,40.92,-74.07540914761238,4,mobile_wallet,low,4.930414454908668,6.643321158496632,13.643435327284276
2024-01-05 00:51:00,40.680763099383796,-74.16193517216745,40.69868481082595,-74.18783822809917,1,card,medium,2.956525690240527,9.59081912763926,19.217821672632095
2024-01-05 01:00:00,40.71870026338463,-73.82916845083419,40.79944447732055,-73.79966443439393,1,cash,low,9.315897460036265,18.193683138634913,29.729952394933797
2024-01-05 01:08:00,40.62651923453007,-74.07257074402281,40.5947710337886,-74.03255691371581,2,cash,high,4.88585092580432,24.992527910552745,24.96930575342865
2024-01-05 01:17:00,40.77545645607183,-74.09645306715392,40.69274759730741,-74.08057302070742,1,cash,medium,9.293627372665158,21.5526672557763,30.942847018006965
2024-01-05 01:26:00,40.919177212669396,-73.99989174699975,40.92,-73.94582712470496,2,cash,medium,4.543548334513853,9.588325025614363,16.544964173433936
2024-01-05 01:35:00,40.81829954344102,-74.03810601703701,40.78356703357192,-73.96029192165413,1,card,medium,7.603680012618315,18.202967579477328,26.749510895704923
2024-01-05 01:43:00,40.78237236574055,-73.91164336931026,40.77005621486066,-73.93338862607608,1,card,medium,2.2865310452815644,4.718537306749734,11.067109467618508
2024-01-05 01:52:00,40.71340549159341,-74.19002911772995,40.633764648637964,-74.12313377130056,1,cash,low,10.499992871938737,16.868832215077365,33.436247244241024
2024-01-05 02:01:00,40.89120157849709,-74.03779827643558,40.85073711736653,-74.0495230048712,1,card,medium,4.606181508099752,13.971672646168892,18.181819892791694
2024-01-05 02:09:00,40.74895164268432,-73.80523207627515,40.681351408938255,-73.75933888489844,1,cash,low,8.453599290926467,12.401394533611917,24.060296540893816
2024-01-05 02:18:00,40.62568475052644,-74.24160801818574,40.60614110367253,-74.20972225709546,1,cash,medium,3.459210389824057,9.945745144130555,12.271884176500512
2024-01-05 02:27:00,40.704228677487706,-74.02675745009181,40.68647386026297,-74.11572507895818,1,card,medium,7.756028659656397,21.479196594477084,32.22738704986096
2024-01-05 02:35:00,40.60283666740824,-73.92312869714354,40.60688488592791,-73.96660891821524,1,card,medium,3.698140806182456,10.015351489279839,19.156133248477094
2024-01-05 02:44:00,40.64867287281418,-73.8072673456086,40.70446040621017,-73.86222530184256,1,cash,medium,7.743419212230405,16.930578472100386,27.911925628708545
2024-01-05 02:53:00,40.58600738553997,-73.95716902426408,40.616468167460376,-74.03736114068724,1,cash,high,7.5702580461090445,49.30044080534936,42.83968492127371
2024-01-05 03:02:00,40.73411517161006,-73.83951302166794,40.66111753798059,-73.79994384741514,2,cash,medium,8.77569881567696,24.52497283354283,31.656566056517267
2024-01-05 03:10:00,40.79574369008361,-74.14642758033077,40.82310438468619,-74.05333284685037,2,cash,low,8.404994242003976,11.714664539338242,27.6534693647438
2024-01-05 03:19:00,40.69671943720883,-74.0800671875238,40.70174839859369,-74.09166245023525,1,card,medium,1.1261461325788276,3.94282980673798,7.970440621422708
2024-01-05 03:28:00,40.722929802311796,-73.7795125402967,40.71852761287017,-73.75,3,card,medium,2.5348653495042486,7.3842084329834075,15.60530375729515
2024-01-05 03:36:00,40.90613115276716,-73.80815269232274,40.90510967391998,-73.75,2,card,medium,4.888467771079147,11.30030902379757,20.284819780395324
2024-01-05 03:45:00,40.835667461335476,-73.97544397882876,40.84487232059936,-73.96606905232053,1,card,medium,1.2921238262991857,3.09187085137471,6.518872591738066
2024-01-05 03:54:00,40.76389125656129,-74.01750094772463,40.73275635096568,-74.0186400356458,1,cash,medium,3.463373080028053,5.399078296103745,14.66278828836116
2024-01-05 04:02:00,40.67674389753802,-74.02995563035823,40.668538108949406,-74.04101158710662,1,cash,medium,1.3045820205066296,3.1282759948171712,7.9960472435239796
2024-01-05 04:11:00,40.88497891158282,-74.23001727260083,40.92,-74.20582712290161,3,cash,medium,4.3929226138359185,11.290460889023345,14.976247033061437
2024-01-05 04:20:00,40.65993301973943,-73.80488767698215,40.628257259440275,-73.76552644473068,1,card,high,4.840926434230322,32.311407900020086,29.641833494035357
2024-01-05 04:29:00,40.69061652837567,-73.84274375070818,40.64427156944779,-73.82196252993641,1,card,medium,5.443234658464054,13.107038222202242,20.376065628837917
2024-01-05 04:37:00,40.8890820369038,-74.0273119161888,40.886305206249475,-74.00807607777703,3,card,medium,1.6462324822147085,3.0980905296770094,11.092691546410805
2024-01-05 04:46:00,40.76004429879693,-74.11748561391308,40.70916880824289,-74.11978974446744,1,card,low,5.660426664090079,10.042433860576313,18.628995837588405
2024-01-05 04:55:00,40.83238810280211,-74.08511049072247,40.754862862336665,-74.15679344435074,1,card,low,10.522630139090875,20.036008622011664,35.835107693928485
2024-01-05 05:03:00,40.78085323001568,-74.19718810120483,40.765352207047314,-74.15679086371078,1,card,low,3.813527312513946,6.202416492119935,16.085209464625482
2024-01-05 05:12:00,40.802169331063226,-73.89188723193408,40.8673573158686,-73.94969536231675,2,card,low,8.72894003300083,11.94677019417645,28.022639875518013
2024-01-05 05:21:00,40.68179031911504,-73.97609837315703,40.68005313480058,-73.94822601926317,1,card,low,2.358256021913127,5.907498006029545,12.79438527635783
2024-01-05 05:29:00,40.66206650095307,-74.14060725435931,40.67010247020324,-74.10659910510962,1,cash,medium,3.004328913796392,8.090868464307286,15.012516281932173
2024-01-05 05:38:00,40.689647398037344,-73.94226715824038,40.59379072192054,-73.99358660294247,1,cash,medium,11.504729682675832,28.082435848673406,40.33932125431509
2024-01-05 05:47:00,40.63285013178836,-73.76059259072996,40.6525657789482,-73.78794362630718,1,card,low,3.183007833593017,5.830116886123638,-12.613517351630804
2024-01-05 05:56:00,40.877266884198875,-74.19757848090715,40.881468347957814,-74.10211212609461,6,cash,medium,8.039754596274399,16.26337841129884,29.429676468465836
2024-01-05 06:04:00,40.67630395730504,-74.02617264458108,40.64638279004327,-74.0297493452852,1,card,high,3.3407324704096624,18.200326317138586,20.56596360370696
2024-01-05 06:13:00,40.77090639410089,-74.00797900132972,40.779008665313995,-74.06288861672427,1,card,medium,4.710661516718191,9.21540326097698,21.55340352899843
2024-01-05 06:22:00,40.84927130454807,-74.17493342094987,40.856926777320176,-74.13889385516278,2,cash,high,3.148427808395033,16.943558052866187,15.780938638415458
2024-01-05 06:30:00,40.846500197187744,-73.98889409239138,40.798823240411636,-74.02366447664217,1,card,high,6.055188627068107,29.865701685871876,33.224741215703695
2024-01-05 06:39:00,40.729051327918626,-73.95095159814048,40.74398474562372,-74.03737517915091,1,cash,high,7.468508222477196,55.59347096061861,41.69619352185184
2024-01-05 06:48:00,40.741927484919486,-74.17975428520258,40.79579857893321,-74.15636465554049,5,card,medium,6.305728253014645,17.374672452467678,29.22411658720882
2024-01-05 06:56:00,40.91819859463791,-74.18109081150548,40.9079412282416,-74.22233861321573,2,card,high,3.6489103538470626,15.428304564274057,18.216774777657484
2024-01-05 07:05:00,40.80936314217287,-73.82326215502678,40.7703214030632,-73.80880867962678,1,card,medium,4.508545095423737,12.364877633090387,18.186991117277206
2024-01-05 07:14:00,40.85697707066008,-74.10119240729829,40.848985967519,-74.13776345901289,1,card,medium,3.201648882874721,14.420093529205555,17.625645781382634
2024-01-05 07:23:00,40.88686834953454,-73.9385299725899,40.92,-73.90670578384777,1,card,low,4.552561758415781,6.4901223580217335,17.51120345078799
2024-01-05 07:31:00,40.84778054431798,-73.94034573140564,40.7925961965496,-73.93208830679838,1,card,low,6.17543560604142,9.507403061813648,20.1675468092705
2024-01-05 07:40:00,40.64296097728421,-73.83202285345286,40.6689960989295,-73.94853723995601,1,card,high,10.246209882057695,39.93134522280675,49.8032240132331
2024-01-05 07:49:00,40.77113804947078,-73.88265373807192,40.740627398837354,-73.86546317374021,1,card,medium,3.688702130913412,9.943853519665293,17.27438722126068
2024-01-05 07:57:00,40.614644013486945,-73.83130601894648,40.62553685214903,-73.84434392872585,1,card,low,1.6364606156822128,3.203819295191887,9.520003756684142
2024-01-05 08:06:00,40.80199352303176,-73.94114045727817,40.77659861565471,-73.87738816337958,1,cash,low,6.06465769929966,9.520980250595903,20.321460693545205
2024-01-05 08:15:00,40.90481880558386,-74.03077684813786,40.87930304260519,-74.01299249493215,4,cash,medium,3.206956346951049,10.878370874215953,16.115976550914574
2024-01-05 08:23:00,40.75432890186204,-74.05928107413034,40.822868173092616,-74.02525397116145,6,cash,high,8.141831854794107,24.58888852909317,36.7667987806868
2024-01-05 08:32:00,40.72721064757504,-74.06669481900268,40.66380175100103,-74.09866915504863,2,cash,high,7.548477787948526,73.32853754395902,50.13687088742122
2024-01-05 08:41:00,40.59218653548217,-74.04661952006633,40.61402801347172,-74.08217256885314,1,card,low,3.86101152925609,6.854544910278686,13.495702972012827
2024-01-05 08:50:00,40.906323337591935,-74.19405228140158,40.92,-74.19520650129931,1,cash,low,1.5238651521973896,4.282046005217991,6.656029685896212
2024-01-05 08:58:00,40.61502091260425,-74.04378123078838,40.64586939929553,-74.0600089564941,1,cash,low,3.693452833262026,3.8393793415198347,10.357833362712073
2024-01-05 09:07:00,40.593966891723646,-74.06138309732667,40.58,-74.00117268997721,1,cash,medium,5.316284744012717,13.022059797183374,19.608419970268518
2024-01-05 09:16:00,40.66366264791168,-74.2423684517077,40.60599152501049,-74.24926780935026,3,cash,medium,6.439109479548353,17.113378939163052,24.83353100263884
2024-01-05 09:24:00,40.60228034753225,-74.11968331478357,40.58,-74.17480029353284,1,mobile_wallet,medium,5.272322493101694,11.684876229688543,17.228195747382742
2024-01-05 09:33:00,40.73474006642,-73.87652744288249,40.741845922438394,-73.91376858399848,1,card,medium,3.2356068234688737,8.439311771418376,16.71718145925014
2024-01-05 09:42:00,40.75546985242742,-73.9652477585811,40.765637273661426,-73.92182045977347,1,mobile_wallet,low,3.828364160042384,9.393001345136478,11.440109264724278
2024-01-05 09:50:00,40.686273782669716,-73.84885457665443,40.62904743772623,-73.85638115714626,1,card,low,6.394874450977262,9.996316870645757,22.19185848243742
2024-01-05 09:59:00,40.59732656407546,-73.98322909736581,40.58,-73.99316112692355,3,card,medium,2.1012527816831095,5.416336414769907,13.243849150318932
2024-01-05 10:08:00,40.61794412520474,-73.82441727960762,40.58142741329063,-73.77670883899282,1,card,medium,5.719393213090426,14.19305458231355,19.506438475955083
2024-01-05 10:17:00,40.71073148851657,-73.85400577920312,40.7025978821514,-73.89517012270207,1,card,medium,3.585767060748699,10.82926283327742,17.49720110175591
2024-01-05 10:25:00,40.60057967328102,-74.20987486922746,40.68989096885912,-74.26,1,card,high,10.793929860946385,70.64114905647936,63.579066164884125
2024-01-05 10:34:00,40.81738450670737,-73.76172675231184,40.77539108875431,-73.8001057513979,2,card,low,5.678130563080979,11.529091265763553,22.177588663172273
2024-01-05 10:43:00,40.650386984118434,-74.25247880208033,40.60642388162732,-74.24158479309575,1,card,high,4.974173113318537,38.19053573283305,32.09847433683707
2024-01-05 10:51:00,40.68270433338644,-73.9556126006559,40.63171302010497,-73.9668406190711,1,cash,low,5.7485380408409545,6.581638726822681,17.642170562172485
2024-01-05 11:00:00,40.714002764240554,-73.85581913024845,40.74260226994645,-73.92603846315225,2,card,medium,6.717463365013244,14.944102559863493,26.551526584669755
2024-01-05 11:09:00,40.72164727524351,-74.09073398867605,40.71978690340753,-74.04501130976523,3,card,low,3.8588032032132236,5.417748946071851,16.923443603925527
2024-01-05 11:17:00,40.58056464060943,-73.95472940592845,40.58,-73.94737204335465,1,cash,low,0.6245081764564989,1.0,4.175632165746741
2024-01-05 11:26:00,40.618103926139554,-74.0753175092678,40.601778124869526,-74.0578118480057,2,cash,low,2.340763977381391,2.9249212430363207,11.982947842780868
2024-01-05 11:35:00,40.8733399516719,-74.22908636274617,40.837721988128806,-74.21020390105592,1,cash,low,4.267066499466737,5.3336051147713786,14.830788355523302
2024-01-05 11:44:00,40.58041924125405,-74.25568462526445,40.59373434890757,-74.26,2,card,medium,1.5247576014172024,2.5468850692150147,12.03261242996761
2024-01-05 11:52:00,40.75277690097638,-74.2116203646433,40.87357384828221,-74.19799081340396,1,mobile_wallet,high,13.480893824042475,125.18561371653337,83.59720348236415
2024-01-05 12:01:00,40.74643068221245,-74.20981110699879,40.771219580468596,-74.16897568675469,2,cash,medium,4.407640634816231,12.150310889475874,18.169291756327087
2024-01-05 12:10:00,40.693252014743614,-73.9484462135292,40.68906753156378,-73.89713225316251,2,card,high,4.351325085650644,15.675566400519227,-22.171599511491618
2024-01-05 12:18:00,40.72665118684979,-73.99180873220912,40.696727289912836,-73.95935188258353,1,card,medium,4.307586370982263,7.696005201654685,19.903214530576886
2024-01-05 12:27:00,40.84539758675904,-74.0277137169117,40.78494458307422,-74.00462288227506,1,card,high,6.997301545375195,48.745177148818215,42.54574163472266
2024-01-05 12:36:00,40.86600926011309,-73.90712004744277,40.899025298026224,-73.98530400435745,2,cash,low,7.52864050680035,13.060505163934536,23.56075716836143
2024-01-05 12:44:00,40.66851850476118,-74.25141867012366,40.69908944278767,-74.25209072949865,1,cash,high,3.399805529591761,14.433415887435686,17.485381159716614
2024-01-05 12:53:00,40.689646749929025,-74.12179842447799,40.66867220507794,-74.16484427020262,1,cash,medium,4.3146076436386505,9.32239891614137,16.408012219976776
2024-01-05 13:02:00,40.66244417002963,-73.86352970704331,40.71704419926205,-73.80583215235572,1,mobile_wallet,medium,7.779798077929249,20.26149177339935,24.396696382887665
2024-01-05 13:11:00,40.74315355618736,-73.79591167567627,40.74410336843719,-73.75,1,cash,medium,3.8692915817761575,11.48106321169846,16.616251456427626
2024-01-05 13:19:00,40.812307841603996,-74.03644833591883,40.84717207469678,-74.07922213240124,1,card,low,5.28966606158446,7.509275695694116,16.659000576304184
2024-01-05 13:28:00,40.65760597765756,-74.21844317012939,40.67093484274905,-74.22051218839616,1,card,low,1.4923410181302394,2.2831082803194067,8.499392449216632
2024-01-05 13:37:00,40.692450152298655,-73.85264834299348,40.68447903770416,-73.84146541803565,3,card,medium,1.294085143101148,4.5318072413387185,10.648263433590218
2024-01-05 13:45:00,40.89633076998031,-73.8085630790309,40.85336096247147,-73.7680274724439,1,card,high,5.869012304136573,66.1125815048135,44.24928254050357
2024-01-05 13:54:00,40.59651355854796,-74.0490332619462,40.58996441189164,-74.12443608319025,1,card,high,6.408199277869611,38.4542641704789,36.096698473764455
2024-01-05 14:03:00,40.736661665781455,-74.13588882050067,40.77455394588172,-74.23532182462336,1,card,low,9.37539929331019,15.152042531800227,29.656029780049217
2024-01-05 14:11:00,40.821929734142905,-74.2375744492063,40.79906365410743,-74.23585776621847,1,cash,low,2.5466935855177373,2.4690247146809514,12.217984477925501
2024-01-05 14:20:00,40.63115436392954,-73.95854776083362,40.650942726731685,-74.07246151784052,1,card,medium,9.860150296192495,26.864019954370786,37.107972304646225
2024-01-05 14:29:00,40.596107166801865,-73.79596655981312,40.58,-73.78883080137157,1,cash,medium,1.889678475120205,1.0,9.866970786994173
2024-01-05 14:38:00,40.6269898263571,-73.91427710698464,40.66209245148296,-73.88762775717342,1,mobile_wallet,low,4.50451574359021,9.47707684246136,14.995765034687398
2024-01-05 14:46:00,40.89239988580044,-74.0982032150737,40.906482245942485,-74.04257961919895,5,card,medium,4.9303142220835126,9.494616336780659,17.654042426669335
2024-01-05 14:55:00,40.58314832581918,-73.93212695461212,40.58,-73.96014252591864,1,card,medium,2.3916854227378876,7.843579155888364,13.805655964203327
2024-01-05 15:04:00,40.64402947143586,-73.8356451122015,40.63394881787738,-73.82839193812542,1,card,low,1.2771096341818784,4.197219679902389,-8.474864509367263
2024-01-05 15:12:00,40.59063639438656,-74.01732666973177,40.63255123530588,-73.98800872694706,3,cash,low,5.27701842781468,9.01116975929749,18.17309945935132
2024-01-05 15:21:00,40.617614018971146,-73.8419282701011,40.58,-73.89483567047975,1,cash,low,6.11934558985744,9.554512158384,18.59776653099576
2024-01-05 15:30:00,40.79085075745362,-74.06012606490016,40.742657996715494,-74.01893541400133,1,card,medium,6.383574755558412,17.50547763712808,24.645778503234112
2024-01-05 15:38:00,40.66215722897129,-74.08226210391616,40.659029866005895,-74.06991669928092,5,cash,low,1.097870748211694,1.0,5.958795836408037
2024-01-05 15:47:00,40.77353209714643,-73.96267580080195,40.86953198001588,-73.9899208856837,1,cash,medium,10.918111367262679,25.488035768985135,41.008060762448814
2024-01-05 15:56:00,40.780666430140485,-74.02300992697582,40.75040041635871,-74.01664780122566,1,card,high,3.407812436810686,18.408218966516976,20.0359934898408
2024-01-05 16:05:00,40.86880801325053,-73.76167292056485,40.891095343231875,-73.76794297239793,1,cash,low,2.5336809994956644,3.6786117511262875,12.384966208514147
2024-01-05 16:13:00,40.58161207359004,-73.99664139400063,40.5933181669321,-73.96153806623948,4,card,low,3.237431697735554,4.391084230840501,10.718616529086509
2024-01-05 16:22:00,40.87014561617641,-74.06356226525283,40.843617220664456,-74.07978296930943,1,card,low,3.249995794969425,6.778405159855942,13.688150903587916
2024-01-05 16:31:00,40.790500489385174,-74.05858389300445,40.7977514902155,-74.0483648208024,2,mobile_wallet,high,1.1790333519834943,10.961478244374065,6.783152399269828
2024-01-05 16:39:00,40.635332785275686,-73.98055062518732,40.61518022548141,-74.00849254800421,1,card,medium,3.2530606771731088,6.536755844353893,14.551234285986826
2024-01-05 16:48:00,40.842798711966,-74.07899486061582,40.82669749641075,-74.12119778835695,1,cash,high,3.9763922589472234,19.565850359083832,19.958364068483103
2024-01-05 16:57:00,40.8708671242088,-73.89131763299788,40.796109888584006,-73.88359865736194,3,cash,high,8.337953708130959,30.170317384084594,35.3789722368401
2024-01-05 17:05:00,40.66644958447641,-74.06586190687217,40.66534995390742,-74.106216451888,6,card,high,3.4058525128261614,23.244524225331634,22.477689628439563
2024-01-05 17:14:00,40.89238985150691,-74.06408636287213,40.92,-74.02806024975693,1,cash,high,4.3118396639856,19.168331214095335,25.48546493043068
2024-01-05 17:23:00,40.73451552630154,-73.94534364281783,40.73709968616663,-73.91869317886986,1,card,low,2.263755292737202,3.595833861791243,11.682613342650013
2024-01-05 17:32:00,40.78516431447333,-74.22896809492504,40.834237163710334,-74.26,2,card,medium,6.04946404142742,13.789869449061912,23.115007910508588
2024-01-05 17:40:00,40.91478084143,-73.92576899176127,40.92,-73.91614887232699,1,card,high,0.9950863718103835,8.351496858896912,9.509355988673178
2024-01-05 17:49:00,40.702922266737325,-74.00246416924907,40.700242907952465,-74.0371006647641,1,cash,medium,2.934971902069328,7.326725530123412,18.4855116181185
2024-01-05 17:58:00,40.85647417757884,-74.02895668171382,40.82821752769353,-74.10115075797489,1,mobile_wallet,high,6.837638457550536,35.98291429767929,30.524487134226277
2024-01-05 18:06:00,40.688255700061674,-73.89318097473894,40.66637383287041,-73.92005610727405,4,card,high,3.3251519677974577,25.48081614453558,24.297578871046515
2024-01-05 18:15:00,40.851732597562105,-73.87328955117752,40.785559626234935,-73.8755538084948,1,card,medium,7.3605652712368705,14.02216343861193,25.23846498266289
2024-01-05 18:24:00,40.7842495324133,-73.82840695965965,40.77223098235887,-73.80494356703853,1,mobile_wallet,medium,2.3852008078768097,8.740289122987901,10.43714977042792
2024-01-05 18:32:00,40.653560936376635,-74.0688504083831,40.66013088051202,-74.06212381151194,1,cash,medium,0.9250217096350833,1.0,6.729513832116088
2024-01-05 18:41:00,40.72076887188834,-74.09321077695078,40.7979628212893,-74.05236541927451,1,card,medium,9.247317778512242,33.811916890248746,40.29731406011878
2024-01-05 18:50:00,40.68799611568361,-73.89568552823779,40.711770530231156,-73.93983800595154,1,card,low,4.565364252635768,6.61812666067971,17.785867441724616
2024-01-05 18:59:00,40.60655685364732,-73.96327952183837,40.58,-73.98023094929442,1,card,medium,3.281579756448466,9.726026992651878,16.078941705509962
2024-01-05 19:07:00,40.5901438218339,-73.93778121136057,40.58,-73.86378470978109,1,card,high,6.3496912402662,30.095468155353807,34.40379720102518
2024-01-05 19:16:00,40.69780274283844,-73.97668331737603,40.68850789891423,-74.06358191975882,1,card,high,7.398906882136697,40.512862804014745,38.06400297817851
2024-01-05 19:25:00,40.586471610257945,-73.86592655816604,40.62300101036519,-73.8862645019327,1,cash,low,4.409855577882176,6.519314085060835,14.022638612413168
2024-01-05 19:33:00,40.6362658375778,-74.16307914686901,40.62633810242656,-74.21129637451833,3,cash,high,4.216023598234183,24.818538833609235,22.74329651872329
2024-01-05 19:42:00,40.8265623290893,-73.97658681230189,40.85095161696455,-73.98537974049333,1,card,low,2.8110347045610045,2.237186133913128,15.011938478456546
2024-01-05 19:51:00,40.82075102013242,-74.17936808763875,40.81260037491607,-74.19891822457338,1,cash,medium,1.878318746595798,2.9252407291296985,10.168348860241554
2024-01-05 19:59:00,40.83111733139551,-74.0523015109616,40.863382350957714,-74.02520451624754,1,card,high,4.250478171333214,34.774121671961986,29.345770503603152
2024-01-05 20:08:00,40.687832078184194,-73.9213631500578,40.615955467162436,-73.90986472038438,1,cash,high,8.05096512979892,44.71813090063026,41.04713748807646
2024-01-05 20:17:00,40.882606615420016,-74.00853347975978,40.92,-74.06728627049574,2,card,medium,6.455343990988572,20.654230540031687,28.704531505475348
2024-01-05 20:26:00,40.78190238632967,-74.06640831629718,40.7318406311596,-74.09287560959024,1,card,medium,5.996414148784916,17.918916663948988,23.269731354820838
2024-01-05 20:34:00,40.62284895619385,-73.80866529927805,40.65856691103169,-73.8086705664887,2,card,medium,3.9716553929527043,11.602189959705896,17.536582930420657
2024-01-05 20:43:00,40.62886434489488,-73.86585888560629,40.61661606513478,-73.83258674582453,1,card,medium,3.120962732846115,4.651362043933335,13.21967427217662
2024-01-05 20:52:00,40.8156524451561,-73.99159169964982,40.810440189639586,-73.88210866683922,5,cash,low,9.232024263234761,14.399975068672084,28.10959683049841
2024-01-05 21:00:00,40.638800938390304,-73.7754728906055,40.62795135262165,-73.75,1,card,low,2.4649380659900206,2.7768879406948335,11.670456021459922
2024-01-05 21:09:00,40.752479518537896,-74.04357370238816,40.76398172486521,-74.08913619881288,1,card,high,4.045109010431998,18.639622251880013,22.91915571243608
2024-01-05 21:18:00,40.91720332181576,-73.85808280693007,40.92,-73.86230584342303,1,card,low,0.47181936474304215,2.2803016450854763,6.500085689065826
2024-01-05 21:26:00,40.581362585609334,-74.17435251770128,40.628988853641374,-74.16620858892476,1,cash,medium,5.3402404559519985,16.637498192215606,23.50508189015999
2024-01-05 21:35:00,40.58563713264517,-74.1142458366736,40.64899483236205,-74.13761842583907,1,cash,medium,7.316051758426306,18.11603910927519,24.42943416152766
2024-01-05 21:44:00,40.91764875785638,-74.08757635351968,40.92,-74.06641475225263,1,cash,low,1.797183038455341,4.185186687935142,11.260194225803945
2024-01-05 21:53:00,40.778777203605614,-74.2060314161207,40.85589254436819,-74.26,2,cash,low,9.703277600483721,16.65140523461285,29.735922927240026
2024-01-05 22:01:00,40.62314939167629,-74.00407954431121,40.627333156103305,-73.97918781135145,2,cash,low,2.151638176522092,3.8100798396387923,11.915647083848043
2024-01-05 22:10:00,40.88508274791639,-74.16194733159548,40.92,-74.18338476560486,1,card,low,4.2802820058322855,5.1142921496002245,15.050092923056928
2024-01-05 22:19:00,40.879329302043416,-73.93656519638067,40.898621687324194,-73.94150193180697,1,cash,medium,2.184985908902841,4.479993263694258,11.555434820901398
2024-01-05 22:27:00,40.76230814045787,-74.16305289661777,40.73759393204373,-74.09709536436158,1,card,medium,6.198564454830021,12.609950420435988,22.588313764662676
2024-01-05 22:36:00,40.79140929015266,-74.19701180875697,40.79956482709975,-74.25378008165937,2,cash,medium,4.864023117470636,11.829581618402587,-17.243744572682623
2024-01-05 22:45:00,40.672883645110296,-73.76576576892455,40.695526379598206,-73.75349340138737,1,mobile_wallet,high,2.722120866558712,22.596804299312453,18.09015146068709
2024-01-05 22:53:00,40.59717669676648,-73.92429744403634,40.595727780853366,-73.88857097298106,1,card,high,3.0207425545327236,24.90994678479247,17.673439866723093
2024-01-05 23:02:00,40.7821529870229,-73.78241003349868,40.80073153033279,-73.77474489287579,1,card,medium,2.164276215110488,6.315487246159656,11.413217548150632
2024-01-05 23:11:00,40.68021676568894,-74.01015722608345,40.71915809885865,-74.08279587983186,1,card,medium,7.499802747243599,20.89009819562203,31.359394376976606
2024-01-05 23:20:00,40.80563115586452,-74.24296474383769,40.804579364474705,-74.18219689560912,1,mobile_wallet,medium,5.116016888015161,13.630364860922635,16.63402667164102
2024-01-05 23:28:00,40.864323360126484,-73.96707070307997,40.73184841503577,-73.97658163534825,1,card,low,14.752281702317134,20.824754164545336,43.98383229646707
2024-01-05 23:37:00,40.58617458493088,-73.97525226771378,40.66169674174808,-73.99899160596729,2,cash,low,8.633374531103003,10.650063749228588,28.216200558208758
2024-01-05 23:46:00,40.782542683393146,-74.25236244097235,40.76915106903323,-74.26,6,card,low,1.6220229755457123,1.0,11.677997059433936
2024-01-05 23:54:00,40.65863538349353,-73.82076655735507,40.62158777355608,-73.83796314495032,1,card,medium,4.367573047274156,9.249522501346155,18.287877360698477
2024-01-06 00:03:00,40.87712208928729,-73.94381495288563,40.82653712598292,-73.99737303815937,1,card,medium,7.206274025109792,21.553165618187258,31.558713716538566
2024-01-06 00:12:00,40.66624593223102,-73.88020750361817,40.651105866626004,-73.87278472724469,2,cash,high,1.796165342770973,9.379103879317379,14.41763679128989
2024-01-06 00:20:00,40.78766184530004,-74.00810023585967,40.76233819289078,-74.0349757212158,1,card,low,3.612555705235092,6.443530849154968,17.291272702892257
2024-01-06 00:29:00,40.76820388563047,-73.9446147566668,40.73503845975566,-73.91442478442005,1,mobile_wallet,medium,4.479646598562458,10.891130245996512,13.9283025879921
2024-01-06 00:38:00,40.71469661002014,-74.12869035445345,40.684000927877136,-74.10539855724078,1,cash,low,3.937693121995195,7.5328313371405855,14.317391321632375
2024-01-06 00:47:00,40.81039105962393,-73.76338353843799,40.834229486706626,-73.75,1,mobile_wallet,high,2.880022183597513,10.961776379954054,11.740400791867884
2024-01-06 00:55:00,40.82676167580325,-74.05563279615069,40.91812803064839,-74.06515628760246,1,card,medium,10.190983407479832,24.82218820755912,39.26607824550671
2024-01-06 01:04:00,40.77275885040859,-74.17721342311782,40.80968457231926,-74.21335966191484,1,card,medium,5.110631318245976,10.878796959748051,20.276251965193364
2024-01-06 01:13:00,40.837863560642816,-74.23148313662894,40.88838047895677,-74.26,1,card,medium,6.107706084557099,15.622677907776817,24.999509877463403
2024-01-06 01:21:00,40.9143618058376,-73.93555231412647,40.8973783544225,-73.8368518617531,1,card,low,8.50700670085951,12.279620475487445,27.9227948835114
2024-01-06 01:30:00,40.72255261188627,-73.75847627590001,40.72726255333605,-73.75,1,card,high,0.8857158752055276,7.275942728427593,8.57076786768344
2024-01-06 01:39:00,40.754958237641084,-73.8031448066084,40.77414994583145,-73.8343037030615,1,card,high,3.3823524606785313,22.221684387357918,21.451705397570066
2024-01-06 01:47:00,40.58423975850001,-73.90192667058193,40.58,-73.8257346915649,2,mobile_wallet,medium,6.451636981886954,16.667259434997476,19.75303078210209
2024-01-06 01:56:00,40.85064970914553,-73.75479505621364,40.83149185597082,-73.75,3,card,low,2.1681092502833894,4.4795302239521355,-11.18004575907633
2024-01-06 02:05:00,40.756878222795635,-73.89135758635852,40.795333060920626,-73.952165073969,3,card,medium,6.6709075245004525,17.045876823290477,25.284804570164116
2024-01-06 02:14:00,40.71870688632259,-74.0869819270653,40.7677700603021,-74.12088829644408,2,cash,medium,6.15814526859947,15.430988725996023,22.25366084791154
2024-01-06 02:22:00,40.61198446745039,-73.95337875213932,40.61501792957858,-73.95933337017154,1,card,high,0.6053194755535526,1.8227563850016848,3.671627287373809
2024-01-06 02:31:00,40.88248318336964,-74.21931901233236,40.8287011102346,-74.26,1,card,low,6.889845573836454,11.932321432717346,23.42200082374363
2024-01-06 02:40:00,40.71430246161379,-74.14694192998651,40.701000822369,-74.1512880058175,1,mobile_wallet,high,1.5237662799939078,9.256173106543088,8.943071486822655
2024-01-06 02:48:00,40.812077743391136,-74.04705447967648,40.74721784233837,-74.01501619208669,1,card,high,7.7000915252132245,33.23688910867614,38.0195857843137
2024-01-06 02:57:00,40.63078721316517,-74.15707256828286,40.63417132160773,-74.21886930690737,2,card,low,5.228343639777078,9.968508420693684,21.031631684017984
2024-01-06 03:06:00,40.906926874043954,-73.77371448243764,40.918420014051165,-73.76052945777882,1,card,medium,1.6913852096290078,3.9345759015972748,9.43883674169246
2024-01-06 03:14:00,40.64067019901942,-73.75224526136023,40.62848823007272,-73.75,4,card,low,1.3677589602464344,1.0,7.646327341084745
2024-01-06 03:23:00,40.647844277585826,-74.07082268073795,40.65872128259307,-74.05281276997077,1,card,low,1.9419376663578678,3.9464693358941605,12.296880925254909
2024-01-06 03:32:00,40.87205417258962,-73.89829321710063,40.890814728348396,-73.90169595306574,1,cash,medium,2.10560209910304,3.9758684273851754,10.487196531422759
2024-01-06 03:41:00,40.89027813300826,-74.05203692736175,40.90183692493908,-74.08210150654268,3,card,low,2.835070131055072,5.591102510405055,14.437589185666765
2024-01-06 03:49:00,40.65213011855792,-74.18885030576304,40.59806125540456,-74.15146242151857,1,card,low,6.789895405217731,6.533689106537169,24.863402987269627
2024-01-06 03:58:00,40.739732301979444,-74.08816730767192,40.72833540733137,-74.14112871271409,2,card,medium,4.638859152314904,11.392469466587826,19.367789799944067
2024-01-06 04:07:00,40.829388267551366,-74.14098043365502,40.84783120157335,-74.13005480215574,2,mobile_wallet,high,2.2473093406882128,16.103312623792913,12.604858836826645
2024-01-06 04:15:00,40.87864434949567,-74.09268010759222,40.92,-74.09153189960482,2,card,low,4.599551029921614,9.20269817708381,16.409747777832994
2024-01-06 04:24:00,40.70887791631268,-74.15033893891717,40.69664125755194,-74.09968644273773,2,card,low,4.481418806907384,7.415789641389028,16.497891525959215
2024-01-06 04:33:00,40.755786625528806,-74.2027039892803,40.780574434548974,-74.2289276835284,1,card,low,3.531876540494507,6.154439063843633,15.707846004181972
2024-01-06 04:41:00,40.83218357957671,-74.14911150102517,40.871700415613276,-74.17150961256037,1,card,low,4.780879041871391,9.225900641564209,19.028096353088028
2024-01-06 04:50:00,40.82858623206195,-73.79806391376678,40.819737985635186,-73.8539478329452,2,card,high,4.804089535345203,34.873187759433236,32.022976483256684
2024-01-06 04:59:00,40.84620644420887,-74.21653694535398,40.8978847928458,-74.19685915299696,1,card,medium,5.979827515718482,14.5605495424066,24.73033557822519
2024-01-06 05:08:00,40.77377749833812,-74.09437411168483,40.82787532075251,-74.11344582462128,1,card,medium,6.225924662641576,14.342252434722173,21.634210991565606
2024-01-06 05:16:00,40.61556913291362,-73.99049055380365,40.67768644594637,-74.0292838827808,1,card,medium,7.643328421653161,21.74906195825526,31.83051060448515
2024-01-06 05:25:00,40.887350918898534,-74.07919854534904,40.90798036650288,-74.11370527734952,1,cash,high,3.697786478179577,19.391808754779433,20.064226470232125
2024-01-06 05:34:00,40.87429466336915,-73.99602038154038,40.92,-73.97185063419954,1,card,medium,5.473180013889578,10.269614054558442,21.44390523181828
2024-01-06 05:42:00,40.85135312817823,-74.23785576928049,40.823665388103834,-74.26,4,card,high,3.598481452206186,36.67864634722852,28.88868256757416
2024-01-06 05:51:00,40.61395324223464,-73.92922948698417,40.709536733612694,-73.97486695540826,1,card,medium,11.304041193777005,26.01184681167822,41.319262516494646
2024-01-06 06:00:00,40.649495104807684,-73.97262581120641,40.68406858179731,-73.93228954705813,1,card,high,5.133561565581683,26.331231452102454,28.78645827149235
2024-01-06 06:08:00,40.8328241241366,-73.9127072044141,40.8931415541228,-73.92018263032644,1,card,medium,6.736388606375115,16.020031481950706,25.14263408406777
2024-01-06 06:17:00,40.58786763215786,-73.97069851392811,40.58,-73.92770348505881,1,card,high,3.7347275556022863,14.502784649595684,17.687743243080508
2024-01-06 06:26:00,40.912936375460475,-74.03666917296292,40.92,-74.05284018465183,1,card,medium,1.5694645023054528,4.461354829181219,9.729740314299347
2024-01-06 06:35:00,40.70822919132093,-74.08142781343003,40.77244302868583,-74.08147847890288,1,card,medium,7.140254211254726,16.80821698154593,27.508567437997996
2024-01-06 06:43:00,40.82456626145488,-74.14451805304911,40.77563512248731,-74.13748458581198,1,card,medium,5.473009814915056,16.808097388857064,24.49679348530607
2024-01-06 06:52:00,40.88177417008593,-74.00496545932863,40.87442448740424,-73.94253757730702,1,card,medium,5.311862007604656,18.56841061442498,22.40152189276566
2024-01-06 07:01:00,40.71417416197103,-74.24671324928748,40.617817791000626,-74.18794897210802,1,card,medium,11.805207604475445,30.76098149465616,46.743263852344676
2024-01-06 07:09:00,40.688505046123886,-74.09259717766935,40.68048006216567,-74.0407015109507,1,card,low,4.465916124065047,5.752941150319113,14.933299757300423
2024-01-06 07:18:00,40.7869719838254,-73.9142851302821,40.7502516151197,-73.94258197942919,2,card,high,4.727629024689911,20.8397292953886,24.762455636968152
2024-01-06 07:27:00,40.777536387074335,-74.20455430975996,40.767736841115834,-74.2489616403822,3,card,medium,3.8950090408209164,7.585936847576317,16.525733057142478
2024-01-06 07:35:00,40.71910759239243,-74.22792546641705,40.850671543484644,-74.1936898505793,2,card,low,14.910500437959636,24.567110934683335,47.311592552730325
2024-01-06 07:44:00,40.78460341699502,-73.9273889113014,40.861904574800896,-73.86543472469786,3,mobile_wallet,medium,10.052811045632975,19.700007542043984,32.45971645007806
2024-01-06 07:53:00,40.89802966565261,-74.0571348922174,40.83325452650108,-74.00480804927206,1,card,medium,8.440389572704484,20.9042796020193,35.83759930309333
2024-01-06 08:02:00,,,40.76400591082501,-73.85048201477981,3,card,low,2.781227486189725,1.7204317585128832,11.82402206351567
2024-01-06 08:10:00,40.646892341455214,-73.78197123497462,40.68284424037288,-73.75,1,cash,medium,4.822147271151203,9.777299468168696,18.559920309026488
2024-01-06 08:19:00,40.70825003418022,-73.77190936859638,40.693044665278514,-73.75,2,card,medium,2.5039806276372043,9.173082730229714,15.08130739190188
2024-01-06 08:28:00,40.71399637408166,-74.04294764451397,40.7220202162238,-74.0362452189019,1,card,high,1.0559894052212424,6.921762075802754,11.626660955961082
2024-01-06 08:36:00,40.62457695562891,-74.12519311561974,40.63699615496259,-74.11653630250657,1,cash,medium,1.5622761842372903,6.629032965733032,10.432245485982866
2024-01-06 08:45:00,40.63537631018855,-73.94960699324133,40.58,-73.94518820308521,1,card,low,6.168853185161086,9.427582155689016,21.7956836772245
2024-01-06 08:54:00,40.812751104953854,-73.9396216077766,40.76634128401998,-73.97508595177415,1,cash,medium,5.961981164512926,12.83921126247348,19.9861926067607
2024-01-06 09:02:00,40.69542243643102,-73.94260408260129,40.703175788760866,-73.97347644229131,1,card,low,2.741667692526082,3.070071996688675,12.390985030491917
2024-01-06 09:11:00,40.904665453230976,-74.09589290700337,40.90913856699016,-74.12745997327131,1,card,high,2.699068010195662,15.055184935744105,17.6862262460171
2024-01-06 09:20:00,40.662822893421925,-74.22748661442718,40.630937571228145,-74.26,5,card,high,4.482743404413222,65.1251283990703,39.05563031294865
2024-01-06 09:29:00,40.61363433173564,-74.15289753219895,40.58,-74.14646883546827,1,cash,high,3.7791488456283,22.671139319794566,20.14370265011634
2024-01-06 09:37:00,40.836191551420086,-74.18124609170866,40.83215148518488,-74.18307189348634,1,card,medium,0.47477020048289315,1.6312183266886577,5.35998743656688
2024-01-06 09:46:00,40.87955225765208,-74.19681082365052,40.91942905053633,-74.16252243754475,1,card,low,5.288320729947011,9.216649943403672,18.81357519561602
2024-01-06 09:55:00,40.6745585413363,-73.7875955062535,40.671116681643696,-73.75,1,mobile_wallet,medium,3.1936340409224937,7.099551809372286,9.513777765810858
2024-01-06 10:03:00,40.648709954559465,-74.25293770055328,40.72173284193807,-74.19334445413519,1,mobile_wallet,low,9.548822391284144,14.143775058443552,26.000668063437615
2024-01-06 10:12:00,40.64316048585617,-73.95305255298948,40.61184856121135,-73.88922160736554,1,card,low,6.4140874103147185,11.035895271545247,21.315695438483324
2024-01-06 10:21:00,40.757484182464616,-73.77678836417253,40.766174123530085,-73.81085701040054,1,card,medium,3.0276758480031845,8.96886808484351,14.85096634309495
2024-01-06 10:29:00,40.7392616580239,-74.076372904978,40.72331836371422,-74.14081107248742,1,cash,medium,5.7117198324263025,13.618747083994789,20.454573061772226
2024-01-06 10:38:00,40.66820954555054,-73.99117997452204,40.69466778813913,-73.9492965135091,1,cash,medium,4.5966317939458,13.532644759322006,18.02750780994087
2024-01-06 10:47:00,40.595358859776404,-73.90515033162767,40.58,-73.84295432690863,1,mobile_wallet,low,5.522693686365858,9.256952201689792,15.371865066307333
2024-01-06 10:56:00,40.743707055710935,-74.0982434557243,40.83043995464065,-74.02822379559983,2,cash,low,11.303208487646797,20.877210713462443,32.19018559140378
2024-01-06 11:04:00,40.906172998196105,-74.01639748626931,40.83009544005768,-73.99457265683316,2,cash,medium,8.656214179476974,23.933610429987908,36.265163882514095
2024-01-06 11:13:00,40.801856528255904,-73.8432775463303,40.87905313904152,-73.93312922397246,1,card,medium,11.437426090536503,33.66289442991373,45.45336911926104
2024-01-06 11:22:00,40.74847222925373,-73.87986861070706,40.752521710363624,-73.86341618485255,1,card,medium,1.4572129275814694,2.0962405070911494,9.829959734308792
2024-01-06 11:30:00,40.61763530517007,-73.84769080013865,40.64249441134868,-73.82269596108273,3,card,medium,3.4770610493156746,9.125065587860549,15.26016145438222
2024-01-06 11:39:00,40.66582833878686,-73.75645651654989,40.725881959426,-73.75,1,cash,medium,6.699806167145361,17.73830184729576,25.790475572155785
2024-01-06 11:48:00,40.68022314285535,-74.07113298778255,40.71881791013782,-74.0067996965533,1,card,high,6.915951213154891,22.596467560883195,30.098288742430434
2024-01-06 11:56:00,40.840033207886464,-73.87898345590276,40.80718199793578,-73.83804995275041,1,card,high,5.0206443263134775,23.84671104878313,27.46702000522994
2024-01-06 12:05:00,40.87808167106997,-73.952579870778,40.90508570105679,-73.9790074212013,1,card,low,3.735113530585142,3.8648042379458323,11.586139252153867
2024-01-06 12:14:00,40.88655823021259,-73.92003156871719,40.92,-73.96634184787206,2,mobile_wallet,medium,5.382908744137694,12.041216544994809,15.556740722670146
2024-01-06 12:23:00,40.91475332680526,-73.88266430853521,40.87482519975802,-73.85863605670347,2,card,high,4.877592543639605,24.744032143039625,25.68958674318792
2024-01-06 12:31:00,40.914004672255544,-73.87763702835738,40.92,-73.91329570832653,1,cash,high,3.0695046581415824,14.513738358304186,18.51850002263152
2024-01-06 12:40:00,40.90401970514112,-73.80826997385964,40.92,-73.75,1,cash,low,5.208981612587655,7.643436939017545,15.613243804741947
2024-01-06 12:49:00,40.60441952777098,-74.08184594562961,40.58492427803457,-74.15855109781045,2,card,high,6.829672776882437,29.363033393268616,34.37952560229377
2024-01-06 12:57:00,40.62684980221545,-73.92672450838293,40.58665177990808,-73.90121461082518,1,card,high,4.9615379973117175,27.58026382294192,25.029596024947452
2024-01-06 13:06:00,40.68351861900185,-74.11705187988561,40.67347070065348,-74.1026728060222,1,card,high,1.6488189363303631,12.385053294999443,14.346469625013357
2024-01-06 13:15:00,40.76798540638192,-73.95676996039035,40.67999788148374,-73.96607446042925,1,cash,low,9.815135571891396,14.305548019318643,32.51100049257213
2024-01-06 13:23:00,40.61297248215986,-73.87690067851231,40.594286481052215,-73.91853091085602,3,card,medium,4.082783779285836,8.793205369589366,18.10741884317092
2024-01-06 13:32:00,40.86757096565273,-73.85658944605757,40.85573923967923,-73.9493693796675,2,mobile_wallet,medium,7.912542190412582,26.250911494005646,25.804227548733497
2024-01-06 13:41:00,40.789697100886286,-74.04573650347555,40.74134848667623,-74.06965079434882,1,cash,medium,5.740983884094442,13.983133674633894,21.979698879515073
2024-01-06 13:50:00,40.76440389678275,-74.00055268616731,40.79805693055345,-74.02367742932285,2,card,low,4.218284794293458,4.754469684521892,17.46649680571602
2024-01-06 13:58:00,40.63620584994488,-74.08973657590322,40.62636136699436,-74.03970842625503,1,card,low,4.36136324882754,7.676007032716956,18.434664965593342
2024-01-06 14:07:00,40.666106861296065,-74.17379146326479,40.63749610678842,-74.2090199669874,1,card,high,4.353563703276838,17.6485209130075,22.553238161451123
2024-01-06 14:16:00,40.634506088493964,-74.12713612335182,40.61986606141588,-74.10676144574144,2,card,medium,2.3678352642142397,6.315434062987621,11.747619764405798
2024-01-06 14:24:00,40.86965727365023,-73.7948101275011,40.88563710994945,-73.85296091865598,3,card,medium,5.201936938716039,14.283942722770702,21.96940898574269
2024-01-06 14:33:00,40.77863747242081,-74.10242553337125,40.78193242689183,-74.08081436463749,1,card,low,1.856157775985091,3.204287051007496,9.52969656310139
2024-01-06 14:42:00,40.82994400535667,-73.76287273989173,40.79840012639273,-73.86356925574005,1,mobile_wallet,high,9.171427098292805,64.8636234844339,45.545822233944676
2024-01-06 14:50:00,40.68065117338941,-74.13684617654016,40.68630557972123,-74.04255784853328,5,cash,high,7.975364192890072,61.13130243845858,46.5811836495029
2024-01-06 14:59:00,40.706225896610015,-73.89123374538467,40.703945478519536,-73.89758178409058,1,cash,medium,0.5921432621765048,2.672770612170237,5.330647160846595
2024-01-06 15:08:00,40.71765068790502,-73.96730932027836,40.66637479786333,-74.09306185287632,1,card,medium,12.038152090311906,33.42370646061436,49.43868223753193
2024-01-06 15:17:00,40.838405090392975,-73.90459627474236,40.82542237918515,-73.93689500114256,1,cash,low,3.077061647570057,4.219810380736295,12.478686241638735
2024-01-06 15:25:00,40.84260001580935,-73.93158144722932,40.86867023797829,-73.97098624771819,1,cash,medium,4.403021658906403,12.685097499337127,17.686382046719526
2024-01-06 15:34:00,40.65031659935477,-73.89955822236523,40.67606282105011,-73.92907003829922,1,card,high,3.7937086155145594,28.601668736335192,22.81571686564488
2024-01-06 15:43:00,40.90012321129095,-73.79817100529792,40.8897748163328,-73.81457986810886,1,cash,high,1.7962012641496503,13.56171955435196,12.586468702617818
2024-01-06 15:51:00,40.62102281473085,-73.97263055700813,40.65147759049622,-74.00244832890779,1,cash,low,4.218813692504958,9.000554099297297,15.327402252687861
2024-01-06 16:00:00,40.88468150802404,-74.22539712071897,40.84058351065973,-74.26,1,mobile_wallet,medium,5.701898419270167,14.432233741386865,20.67839511094568
2024-01-06 16:09:00,40.61413451952093,-74.12187902843209,40.58,-74.17401976127204,1,card,medium,5.81262232870168,16.583805893615637,24.515800574990788
2024-01-06 16:17:00,40.66994353579145,-73.89880831999153,40.65863706244323,-73.86182779591454,1,cash,medium,3.3629945264331598,7.2907786458256645,13.375070405053737
2024-01-06 16:26:00,40.867802702263106,-74.00802193973242,40.92,-73.95397083704678,1,card,medium,7.3707835493929,19.721845420702714,29.21976058826107
2024-01-06 16:35:00,40.64102730459767,-73.98023848886396,40.64837362779189,-73.9916943109096,1,card,medium,1.2654931093596677,1.4408097281575625,8.529742381084212
2024-01-06 16:44:00,40.72061309664539,-73.95574396775605,40.70822163521043,-73.9565376170075,3,card,high,1.379490345510397,7.274700534050841,14.22142205473422
2024-01-06 16:52:00,40.732952161981004,-74.06485907077787,40.802438372035304,-74.11554395948653,5,card,low,8.827144027915997,15.562048009420423,29.63102398102341
2024-01-06 17:01:00,40.66338805082789,-73.8653132822052,40.65047582124373,-73.86211735078005,1,card,medium,1.4608657572150445,1.881222957449815,8.94957303161109
2024-01-06 17:10:00,40.82148336845424,-73.89099720921276,40.92,-73.88064883991584,1,card,medium,10.989053243962607,27.45777696456148,41.46609672206359
2024-01-06 17:18:00,40.86945378079675,-73.89570729978152,40.84644604023382,-73.90558023721864,3,card,high,2.689712510410596,16.614981086953616,18.6185697917471
2024-01-06 17:27:00,40.8773555475509,-73.89519181124219,40.83182775473459,-73.87736843724257,1,cash,high,5.279733750072152,81.00819193798397,43.84629374984284
2024-01-06 17:36:00,40.69536952955043,-73.80591741915633,40.6878832406821,-73.79202552396403,3,cash,high,1.4369284735775518,4.885879417057768,6.9829194592609145
2024-01-06 17:45:00,40.760489134057856,-73.95634968248393,40.74928034232019,-74.003785954993,1,cash,medium,4.185492207846373,13.178916903392901,16.684421325471398
2024-01-06 17:53:00,40.66445817731432,-73.76679317825655,40.628110778378606,-73.75,1,card,low,4.282788451107412,5.372641232179088,17.384558592297775
2024-01-06 18:02:00,40.66323081052705,-74.19921173096078,40.78031964404418,-74.20855581265312,1,mobile_wallet,medium,13.043475868984988,30.72328662355939,44.887072555883634
2024-01-06 18:11:00,40.634826381369656,-73.93770092193714,40.649164576920896,-73.86230019985088,1,card,high,6.558599119712914,28.806253045132614,31.375782947963298
2024-01-06 18:19:00,40.89960646367456,-73.89436746157274,40.92,-73.87544853504887,2,card,low,2.7694544179747558,1.6821661240076846,12.398752477463505
2024-01-06 18:28:00,40.8819162017259,-74.01661759041328,40.86113163470474,-73.92792559954654,2,card,low,7.807420469610296,11.749903955771853,26.253675183335755
2024-01-06 18:37:00,40.84430196253142,-74.11301372290697,40.818306840217886,-74.06012661028818,1,card,low,5.306058525876582,8.006176018643986,17.991194901462343
2024-01-06 18:45:00,40.75600491723783,-73.97948089911735,40.80215504324513,-73.969257365851,1,cash,medium,5.203360067141542,13.15390545370481,24.850528099410383
2024-01-06 18:54:00,40.74680669127404,-74.07397868305175,40.6713938115075,-74.10651849204963,4,card,medium,8.822686728439189,19.771398535279754,34.30822762290467
2024-01-06 19:03:00,40.760113526502046,-73.79634672375542,40.70868462522648,-73.82791726012005,3,mobile_wallet,low,6.30702707769723,9.563103522123775,17.85845055379158
2024-01-06 19:12:00,40.76243312461621,-74.07803586960804,40.75130424186387,-74.05404932678383,1,card,low,2.3692148101725423,3.9608524635960665,12.352940413898498
2024-01-06 19:20:00,40.727751448797214,-74.17038943372192,40.788548577550756,-74.16394875995132,1,card,medium,6.782062798486545,11.709331213834531,23.068652880286127
2024-01-06 19:29:00,40.6247966431833,-73.96604153851563,40.60794337939968,-73.99254771913523,1,card,medium,2.9184487551026264,7.904780019080599,17.976280278760967
2024-01-06 19:38:00,40.6227257099753,-74.05804377839601,40.64145253005264,-74.02055608075356,1,card,low,3.787288788080208,7.97712690051713,16.315477548135924
2024-01-06 19:46:00,40.90376490338753,-74.21109194615157,40.905012693959996,-74.20934723628555,2,mobile_wallet,medium,0.20186822354607273,1.0,2.5
2024-01-06 19:55:00,40.74389045825936,-73.97193040099107,40.80222208684152,-73.93417495930254,2,card,low,7.2234754057347725,14.547468362213182,27.42247566284329
2024-01-06 20:04:00,40.904089878467765,-73.9856983303055,40.832777342648185,-74.02959448330706,3,card,low,8.746580433817176,13.675952613835118,27.992019265078632
2024-01-06 20:12:00,40.63561613842143,-74.17166948581708,40.66873448258896,-74.12669326075671,1,cash,low,5.287513293788685,8.625271242067402,18.372501138840782
2024-01-06 20:21:00,40.768501627693574,-73.95520453383048,40.75955117585516,-73.93265973320986,4,card,low,2.1437416847193567,5.301420328890078,13.615483148313084
2024-01-06 20:30:00,40.650623866139526,-73.97064692333268,40.6922436548659,-73.9167562884319,4,card,low,6.486466885344789,8.225516431947167,24.21258309417385
2024-01-06 20:39:00,40.66608276608304,-73.86545756224879,40.62921507130853,-73.82147318971656,1,card,low,5.529568680805805,8.356247751741687,18.61318293869011
2024-01-06 20:47:00,40.5902185567788,-74.07559933578025,40.59131624492263,-74.07942223881211,3,card,low,0.3451067195198634,1.4918147326039484,5.300518145308863
2024-01-06 20:56:00,40.62044412565167,-74.13313264293154,40.6158313236606,-74.14057449726049,1,cash,medium,0.8109418116158107,1.0,2.504839110569137
2024-01-06 21:05:00,40.89172845859393,-73.77487785764491,40.84661886238451,-73.75,1,cash,high,5.434686756685199,23.86649603543646,23.032424394534303
2024-01-06 21:13:00,40.689321217103995,-73.97377906338077,40.63170263152138,-73.98685464450297,1,card,low,6.501135151001718,11.971633060998194,23.876825862241663
2024-01-06 21:22:00,40.78676393205096,-74.24615862096907,40.76064542076712,-74.21247910452136,1,cash,medium,4.059297424935688,9.37330699056702,14.856055481306411
2024-01-06 21:31:00,40.73810480487635,-73.841437041103,40.74395170568113,-73.85859945575154,1,cash,low,1.585355088542334,2.875842961036486,5.3415559651178635
2024-01-06 21:39:00,40.716153423383396,-74.15965338893135,40.68209237328969,-74.24343812753754,1,card,high,8.01457223422782,40.547379669012,39.6053307553892
2024-01-06 21:48:00,40.760841271057664,-73.85912147800062,40.745987960721415,-73.91435173740189,1,card,low,4.9366906785026705,7.084424228800741,18.31389245376121
2024-01-06 21:57:00,40.64366124116921,-73.90036716215046,40.58,-73.88210072233167,1,card,low,7.244790850126869,12.080543444371788,25.428682012678976
2024-01-06 22:06:00,40.91612532549666,-73.76590500062579,40.89944607907489,-73.75,1,card,medium,2.2860987571965765,8.721793798182043,12.053126206463535
2024-01-06 22:14:00,40.85822467535932,-73.7675545561868,40.904286074457445,-73.75,1,card,low,5.330181783278314,8.99476533730386,21.13857278450054
2024-01-06 22:23:00,40.83214897512872,-74.12005058142556,40.86388208979737,-74.06848285386285,4,card,low,5.591496349067566,11.152454699091859,19.789822416220535
2024-01-06 22:32:00,40.73937816098474,-73.86911071357606,40.73546667381852,-73.85150400659053,1,card,medium,1.545870526338224,3.9066582286475717,10.683531094249489
2024-01-06 22:40:00,40.63197822152296,-74.09840390625224,40.64294259414859,-74.13328946803728,2,cash,medium,3.18612629049423,7.689658886946055,13.304958415078735
2024-01-06 22:49:00,40.89302639181302,-73.93910905119691,40.85575467401128,-73.91236545303059,5,card,low,4.715127543031708,6.874120506593814,17.234554340902207
2024-01-06 22:58:00,40.69607160290979,-73.95514949667316,40.7691713436579,-73.94751713843131,2,mobile_wallet,low,8.15372097712938,12.752062850668977,21.40506661032917
2024-01-06 23:06:00,40.59703627449696,-74.23218280703321,40.690085587290085,-74.25808291725595,2,card,high,10.574860132099209,38.22196792862984,47.74636728086779
2024-01-06 23:15:00,40.696417250115616,-74.25735730758397,40.70383431349738,-74.23609393901796,1,card,low,1.9731446120482783,4.933989310803565,11.826132900331663
2024-01-06 23:24:00,40.8501153903686,-74.23054035255666,40.92,-74.22696869508587,5,cash,low,7.776612629473681,12.781249055070186,24.580603719924785
2024-01-06 23:33:00,40.791720973295995,-74.19474955575882,40.76111276657691,-74.22197458054875,1,card,medium,4.103535099876112,11.369878669043306,18.502695286831234
2024-01-06 23:41:00,40.83528511881325,-74.12859722941263,40.77898655301015,-74.13660118922297,2,mobile_wallet,low,6.296256561107957,10.328206557649997,19.138805984675134
2024-01-06 23:50:00,40.84983603051321,-73.79745283614629,40.81790296157897,-73.75,1,card,high,5.342869894034777,40.65508809357115,32.93027368141229
2024-01-06 23:59:00,40.65206456776738,-73.99549733557319,40.64218750583901,-73.93335738385005,1,card,low,5.356401428187234,9.621326990851486,20.601888942647367
2024-01-07 00:07:00,40.89408632747168,-73.8535852131912,40.92,-73.84511872692403,2,card,low,2.9680138383609598,5.248155002245834,14.14951854527544
2024-01-07 00:16:00,40.72891646499293,-73.83246100642532,40.71626430425966,-73.82988398432039,2,card,high,1.423519339317894,6.0922710350618035,13.286912121502107
2024-01-07 00:25:00,40.797264640749816,-73.88517901971882,40.75858012917364,-73.9496660891457,3,cash,high,6.927288975223064,40.04387672703835,34.462943362994054
2024-01-07 00:33:00,40.58078498267949,-74.06039358654552,40.58,-73.98302215644404,3,cash,medium,6.53474519091464,14.238114026627214,25.84157101307375
2024-01-07 00:42:00,40.9177452894598,-73.8194317091411,40.92,-73.77279632420954,2,card,low,3.9264613125668286,5.789993941702779,14.313055439413066
2024-01-07 00:51:00,40.675504771227814,-73.88155462580633,40.720383349901724,-73.84771680512463,1,cash,medium,5.748073531627928,13.401509266596259,24.689654530412017
2024-01-07 01:00:00,40.60110145622365,-73.88099276386342,40.58,-73.9833556461325,4,cash,high,8.956240962205769,59.95995306587417,49.84456631965901
2024-01-07 01:08:00,40.735809094122416,-73.80019709314556,40.651398808898946,-73.79835557386605,1,card,medium,9.387279452457785,26.210154234493277,38.11371881146048
2024-01-07 01:17:00,40.62387021944189,-73.95468162904659,40.58,-73.96040242092094,1,card,high,4.901996790160504,28.975825610864227,28.00949498594025
2024-01-07 01:26:00,40.63179108145358,-73.9904270407193,40.70924705414106,-73.95970034599577,1,mobile_wallet,medium,8.994125208151523,19.65621617655678,30.087817696855204
2024-01-07 01:34:00,40.79497615643027,-73.80601709562549,40.825972511235,-73.82631348223505,1,cash,high,3.8467018351917868,18.78423365142738,21.08618470190424
2024-01-07 01:43:00,40.71359531313388,-74.02822451863626,40.716541075034,-74.03865147837668,1,card,low,0.9378607410242347,4.350651027953061,8.043143347745902
2024-01-07 01:52:00,40.8934298330527,-73.84609894502529,40.92,-73.81822536277232,2,card,high,3.7704078447258946,24.772314897000086,24.580247686772825
2024-01-07 02:00:00,40.688513208166746,-74.23253835617315,40.77663789044326,-74.26,1,cash,high,10.068509798639683,48.45979099986222,43.70266575626766
2024-01-07 02:09:00,40.826901243650525,-74.25934212832728,40.82528396156226,-74.26,2,mobile_wallet,high,0.1881599512060136,1.2161993820161192,2.5
2024-01-07 02:18:00,40.73677380625267,-73.99057083030178,40.73598307702875,-73.98187113151253,1,card,high,0.738244607241797,5.340448732493876,11.32525670802737
2024-01-07 02:27:00,40.80438344238396,-74.22245793415365,40.77819134168892,-74.16222607750292,4,cash,high,5.847516485953444,40.796617939031265,34.293076350502055
2024-01-07 02:35:00,40.78389642128344,-73.76196306313894,40.771089273346604,-73.75,1,card,medium,1.7443412111639756,6.66634319062134,13.25848837578808
2024-01-07 02:44:00,40.74074655073806,-74.2571944012397,40.67386192682705,-74.20880121813774,1,card,medium,8.482435356544995,21.970301516396322,32.796391978197896
2024-01-07 02:53:00,40.90302077217231,-73.89374368538569,40.83595338524403,-73.890894429106,2,cash,high,7.4614005945258794,35.04008627847469,35.668930318697555
2024-01-07 03:01:00,40.696522638536685,-74.13587380514903,40.61900298943592,-74.0685952940788,1,card,medium,10.320315418868434,30.10302810592393,41.86659004141803
2024-01-07 03:10:00,40.64026007042475,-73.76654847731125,40.68905523573613,-73.8449016864138,1,card,medium,8.550694294309814,20.150767225574775,34.29819115215268
2024-01-07 03:19:00,40.810551980699145,-74.06541375817977,40.74028888066808,-73.9744129933517,1,cash,medium,10.943440456368966,24.66912418137619,39.85690527815454
2024-01-07 03:27:00,40.86764257084469,-74.24608545260543,40.92,-74.14925629872232,1,card,high,10.00685033683214,59.928861818848326,53.53054068132342
2024-01-07 03:36:00,40.59368627157957,-74.24626275964152,40.58,-74.22571502391236,1,card,low,2.307959354504056,1.0,14.611077443460243
2024-01-07 03:45:00,40.73287511406371,-73.97777958042042,40.81105585986892,-73.94032776173582,1,card,medium,9.247700211359474,28.04582382651331,40.07381478369832
2024-01-07 03:54:00,40.88344581449369,-73.75677689069404,40.867018369064745,-73.75848688457428,1,card,medium,1.8322980021526425,4.762408549077529,11.814878625069026
2024-01-07 04:02:00,40.83487033043377,-73.76031549712668,40.76439192574235,-73.76974607346499,2,card,high,7.876942149644177,50.35978478064922,46.558249433956334
2024-01-07 04:11:00,40.9172146236092,-74.08799078413247,40.92,-74.11547995102387,1,card,low,2.3304070306828706,4.983083283952578,14.641535292802248
2024-01-07 04:20:00,40.760680695943066,-74.01382113891367,40.82376464918656,-74.01602667964556,1,mobile_wallet,medium,7.017072399123003,15.984186807215835,26.58817559762996
2024-01-07 04:28:00,40.80439854439239,-74.20876753904312,40.76362624938037,-74.18375053264087,2,cash,low,4.999063621555715,11.575444696052209,16.78691093048022
2024-01-07 04:37:00,40.68284329558689,-73.99368980344421,40.66791894359001,-73.97479503032186,2,cash,medium,2.3006527523365676,5.88371223941614,907.4034654648347
2024-01-07 04:46:00,40.90216210388644,-73.95415218448538,40.8614012867412,-73.86475504625928,2,card,high,8.776525343411407,58.47876110650736,50.4244919855005
2024-01-07 04:54:00,40.704554066109225,-74.13195855053823,40.699130364858625,-74.12744619597711,2,card,medium,0.7130268353479555,1.0,9.357445863232337
2024-01-07 05:03:00,40.831093642313455,-73.94782163768326,40.8359459539483,-74.01481892294379,4,cash,medium,5.662346199637511,9.400712610386705,24.245640546847877
2024-01-07 05:12:00,40.717067669400485,-73.8011566966349,40.70125543174029,-73.75,4,cash,medium,4.656644386064259,11.649011503346312,17.519843280105214
2024-01-07 05:21:00,40.77101843622142,-74.25951277995404,40.68916832342883,-74.26,1,cash,medium,9.10140988191102,24.0075111570891,35.122922786548045
2024-01-07 05:29:00,40.82472606190733,-74.14324377510295,40.798586492728276,-74.16841636675069,1,card,high,3.596709258496366,19.00118186458923,19.849969088999167
2024-01-07 05:38:00,40.75303761159546,-74.1529410227048,40.78469595595539,-74.140712581344,1,card,medium,3.667782432293497,7.443650985727254,15.70995285014932
2024-01-07 05:47:00,40.888409351149235,-74.19681803645275,40.87900887173242,-74.17804515775092,1,card,low,1.8929654864578522,2.5859054955027716,9.180166978370755
2024-01-07 05:55:00,40.722562335895454,-74.17528838150409,40.707827507655175,-74.24033310585597,1,card,medium,5.7216698976107985,16.537467757259375,26.600866086715925
2024-01-07 06:04:00,40.80000441136873,-73.94078460186365,40.758119466842345,-73.97437585250047,1,cash,medium,5.448960371360672,12.542691305428278,21.008777892431848
2024-01-07 06:13:00,40.696403227322016,-74.20762586102317,40.66895091570812,-74.26,1,card,medium,5.368614916466429,13.08483467453086,22.57310671312569
2024-01-07 06:21:00,40.71877326719854,-73.88334887939943,40.78217593199473,-73.85537179154991,4,card,medium,7.433525609236225,22.43598282988969,30.72837603586957
2024-01-07 06:30:00,40.72961703679941,-73.80761847881523,40.67832706024332,-73.7543663840036,1,card,high,7.2578733571785055,21.31433233790341,32.85322024909318
2024-01-07 06:39:00,40.622774386226176,-73.78744026066903,40.655211425577015,-73.84242297266012,2,cash,high,5.8764418735441275,69.42944597064601,44.269732362858285
2024-01-07 06:48:00,40.61118605088006,-73.92331033469695,40.61330353582072,-73.87850563680979,3,cash,low,3.7893605418401184,5.73917295231587,12.264963738066456
2024-01-07 06:56:00,40.8069465738699,-74.15932783057686,40.817963053710365,-74.11744278708224,1,card,medium,3.7317534864341018,11.044730561359458,14.944052664638319
2024-01-07 07:05:00,40.80287603103664,-74.21649874647466,40.76991999839098,-74.24615693202067,1,mobile_wallet,medium,4.434375731593687,12.431104570006799,13.211470180424268
2024-01-07 07:14:00,40.805389302831436,-74.14166727355844,40.78955932135928,-74.23088333017249,2,card,high,7.713483611945611,48.376893061322335,40.85319363873603
2024-01-07 07:22:00,40.586720591416515,-73.76940183524962,40.58646318330878,-73.81760835611338,1,cash,low,4.070854385671084,7.0098382549788925,14.589285290347334
2024-01-07 07:31:00,40.6910259265084,-73.76920394710714,40.66759591310099,-73.79599053851804,1,cash,low,3.4481721043181435,5.901608432418428,11.35328938476824
2024-01-07 07:40:00,40.64725534806813,-74.06522136920165,40.66216979274977,-73.99584618109523,1,mobile_wallet,medium,6.082789752258203,14.616470764245841,21.377363344643417
2024-01-07 07:48:00,40.844571483664964,-74.09384631404025,40.8651562393905,-74.09916992991597,1,cash,medium,2.3323008534523466,6.9792577741480155,12.719707692253845
2024-01-07 07:57:00,40.87261433647468,-73.99989460304788,40.92,-74.04520186196744,2,card,low,6.5011445689103375,12.177043082670014,20.645008321861397
2024-01-07 08:06:00,40.66387132825689,-74.11123907335163,40.676389879578196,-74.1045858883788,3,card,high,1.5008389073464197,8.376496699548856,11.79763955981948
2024-01-07 08:15:00,40.80706871400832,-73.76037214965567,40.72101779450997,-73.81866279484461,1,cash,medium,10.754307925658425,22.154700258696117,34.49055784736247
2024-01-07 08:23:00,40.62398335317581,-74.14717709108747,40.67631921181355,-74.12403178882819,4,cash,low,6.138331323521747,8.59568989749296,18.02476802610331
2024-01-07 08:32:00,40.673551858704585,-74.07173723208679,40.664377679830956,-74.11573211475402,1,card,low,3.8482015834437626,8.83921512960287,15.258212772979267
2024-01-07 08:41:00,40.62714252871936,-74.04102085339291,40.71767917005152,-74.07848442170149,3,cash,low,10.55136643033172,16.94932020376412,31.376893629497673
2024-01-07 08:49:00,40.67639706064374,-74.19621734822861,40.74258866100647,-74.17932020604918,2,card,low,7.496703079364732,10.115024827802133,27.421558927188965
2024-01-07 08:58:00,40.80941042609876,-74.06475933834724,40.786673393831734,-73.98599882262114,1,card,medium,7.095494456421611,17.147204974877315,29.00143653190082
2024-01-07 09:07:00,40.88951114946299,-73.823067332748,40.92,-73.75,3,card,low,7.014350777032801,13.393090186864608,24.361636728605824
2024-01-07 09:15:00,40.64885761869422,-74.18841588925706,40.62212963704557,-74.23520983701714,3,cash,medium,4.942080464506885,11.816109107637534,21.13673897005313
2024-01-07 09:24:00,40.76430687188324,-73.96214880507864,40.7644279590719,-73.98899608978083,1,cash,medium,2.261096362674446,5.0655110544303845,12.871572158971205
2024-01-07 09:33:00,40.81847297442277,-74.0526150595894,40.848892291068694,-74.02941610676272,2,cash,medium,3.9051870379594966,7.657133314048563,14.595066195048643
2024-01-07 09:42:00,40.90399363928509,-74.17302626968011,40.92,-74.12043074900622,1,card,high,4.764609832994289,29.429675751791034,29.194106642936664
2024-01-07 09:50:00,40.78742056418164,-74.25370855613092,40.827704826481515,-74.26,1,card,high,4.510594340848684,18.433110778082707,21.85767176346017
2024-01-07 09:59:00,40.66673635654931,-74.12059491522015,40.67011088998539,-74.11666475836937,1,card,medium,0.5006715010541912,1.0,6.906190910890397
2024-01-07 10:08:00,40.79266257335074,-74.22846723004402,40.904416648854394,-74.2503886639894,1,card,medium,12.562539336258235,28.93997537849597,46.322112822347925
2024-01-07 10:16:00,40.68896699497053,-74.06784807963867,40.67254107667681,-74.15442903359502,1,card,medium,7.525940730866875,19.3591890772087,30.639653385616448
2024-01-07 10:25:00,40.91188365283518,-73.84679297359334,40.83955962440871,-73.90696552369299,1,cash,medium,9.50105915210579,26.697261364053055,38.39808699058773
2024-01-07 10:34:00,40.71588988595563,-73.89296051695241,40.65222841767121,-73.91851036763626,4,cash,high,7.399408202439845,34.42477871365944,36.45972084589979
2024-01-07 10:42:00,40.813045425058746,-73.7768343070321,40.87937577291425,-73.77418763113289,1,mobile_wallet,medium,7.378957288493699,22.621233031191405,26.262649928275348
2024-01-07 10:51:00,40.5878973779979,-74.04222213715809,40.584447996604794,-73.99685750844621,2,card,low,3.8499504317168154,8.432531984701258,13.709974986385406
2024-01-07 11:00:00,40.716020891685815,-73.89902128671815,40.72317847909825,-73.88307562153946,1,cash,medium,1.5618352301824774,2.7201977709340297,8.72872289456016
2024-01-07 11:09:00,40.87753658852966,-73.92067572172797,40.853123013933065,-73.87803644705544,1,card,high,4.497312617943161,22.800317198545713,24.237961680778625
2024-01-07 11:17:00,40.787477331107304,-74.1493063853893,40.76710571953884,-74.14810379027617,2,card,medium,2.2674820735753443,8.777261803696632,14.13293018328925
2024-01-07 11:26:00,40.73094058137463,-74.10517292233135,40.69552126763191,-74.13689548994351,1,cash,medium,4.760258433730579,10.495768789085,17.55416681372456
2024-01-07 11:35:00,40.89821874980815,-73.98978693796714,40.919420536408005,-73.99805568589132,1,mobile_wallet,medium,2.457803718050122,6.1771779276484375,10.190523823495544
2024-01-07 11:43:00,40.87035468789006,-73.85370476730698,40.86597259160089,-73.82240648667087,6,card,medium,2.676522255786244,5.072460064827844,12.926601903809233
2024-01-07 11:52:00,40.6895533290998,-74.02447550542391,40.709128571100955,-73.9780102078042,1,cash,low,4.481240687210022,8.486333263167742,16.07394133181333
2024-01-07 12:01:00,40.765146456694055,-74.14385181655048,40.780421184033344,-74.15050617735045,1,card,medium,1.7885201072725097,6.127779523700382,10.391898882280962
2024-01-07 12:09:00,40.74654024707144,-73.75333249795702,40.727375704057955,-73.79514268476426,1,card,low,4.1170831961018415,7.423857075975934,13.5494102249274
2024-01-07 12:18:00,40.794948850039056,-74.20105480875964,40.72930597190043,-74.1859501915827,1,card,medium,7.409183963031219,21.368563594709627,29.7458045753513
2024-01-07 12:27:00,40.693597830765974,-73.77249665717942,40.624036848946005,-73.75098751380652,2,card,low,7.944775362007159,14.662797098516023,28.054412236346955
2024-01-07 12:36:00,40.6630297002604,-73.84738639290045,40.79922902188668,-73.79191403402805,1,cash,high,15.849573795592931,79.21550124963953,74.70515681090522
2024-01-07 12:44:00,40.89030842398688,-73.832164305153,40.92,-73.86270863443619,1,card,medium,4.182049707614104,10.385676499609254,18.40679945546379
2024-01-07 12:53:00,40.89411732982949,-73.85459203262333,40.92,-73.88464290906529,1,cash,low,3.828935499833982,7.364059688699743,13.375800232874179
2024-01-07 13:02:00,40.86672978115907,-74.15383281993465,40.836372474844666,-74.11980561104536,1,cash,high,4.42554680008853,27.54228727293367,23.413657105999945
2024-01-07 13:10:00,40.91258950645995,-73.93738298752842,40.913017444479294,-73.95571749822383,1,cash,medium,1.541398265292391,5.1609633800818475,10.003612475368687
2024-01-07 13:19:00,40.833297118765095,-73.87405759565003,40.79660579310785,-73.89429338387059,4,card,medium,4.421030800873284,11.748056742866298,18.385171822073833
2024-01-07 13:28:00,40.83998685771108,-73.87970024602816,40.78094316342862,-73.82326395187185,2,card,medium,8.103318845711524,20.15675475144107,32.08073209984138
2024-01-07 13:36:00,40.8392806312673,-74.12150166102252,40.812785822850394,-74.18319691330517,1,card,medium,5.968831325591597,8.849862766248453,20.15433401504481
2024-01-07 13:45:00,40.74340659452039,-74.16762911224053,40.80308491787472,-74.07509997095063,4,card,medium,10.234544005584384,26.144022586140785,39.23533873897539
2024-01-07 13:54:00,,,40.773027287646435,-74.12022587179344,2,card,medium,4.80525006873021,10.285943119996858,20.63076641926474
2024-01-07 14:03:00,40.66167693389066,-74.01527931500753,40.61802477381767,-73.9762765368815,1,card,medium,5.864344821841124,13.617863934763054,24.09552638061841
2024-01-07 14:11:00,40.799238526082156,-73.96737181899752,40.78507180382507,-73.97226780378416,1,cash,low,1.6282956695066926,3.881205127510608,9.830036585928294
2024-01-07 14:20:00,40.67836884627479,-73.83315531521723,40.71207938901194,-73.82094401239797,1,card,high,3.887244833819378,32.3612377264069,27.405953671033913
2024-01-07 14:29:00,40.6676548592988,-73.86779254387065,40.64196114651537,-73.87961793635994,1,card,high,3.0261600217929536,44.017368007069294,28.525191902238657
2024-01-07 14:37:00,40.77922686719266,-73.91516323191007,40.78280824821014,-73.87661728256859,1,cash,medium,3.269835558685421,8.743802059086486,15.017430354361142
2024-01-07 14:46:00,40.71939401199651,-74.1256204605992,40.73747714711443,-74.14125003493008,1,mobile_wallet,medium,2.403678900043464,3.4872907434935443,7.86502662468724
2024-01-07 14:55:00,40.65441124699017,-74.01577094554318,40.67200312182316,-74.0415535367762,5,cash,low,2.9250148147632493,2.339256698707031,12.531072515432927
2024-01-07 15:03:00,40.85745904569596,-74.08892770419475,40.86889558994202,-74.00732732203059,1,card,high,6.978929437124423,37.71672558499673,37.29576854766836
2024-01-07 15:12:00,40.87259377256009,-74.14018662842923,40.84317739973987,-74.13886440706362,1,cash,low,3.272841047069752,4.879499211103369,14.326219728552465
2024-01-07 15:21:00,40.63701783669045,-74.25477486620443,40.612223980252104,-74.26,5,card,high,2.791996210882978,19.083992482546755,21.18327685668624
2024-01-07 15:30:00,40.582552391152,-74.08687439500895,40.58,-74.15393729155498,1,cash,high,5.670619303108282,27.188519670108658,26.51936814583759
2024-01-07 15:38:00,40.694284189299985,-74.12938070346554,40.62402404259238,-74.04542969206892,1,card,medium,10.54435478622359,24.75610052844993,39.69609942550435
2024-01-07 15:47:00,40.851153684131454,-73.96832981324692,40.84598999075539,-73.9931664551874,1,cash,high,2.1665384199289437,8.902256485564068,12.137786745213162
2024-01-07 15:56:00,40.86531911451967,-74.22822609715531,40.902050797176095,-74.13544337642276,1,card,medium,8.804699355910104,23.482237412293397,35.51455749990908
2024-01-07 16:04:00,40.62703188383946,-74.1220350056778,40.58,-74.10408655986423,1,cash,medium,5.444798785379185,11.407190618140174,21.312951887193776
2024-01-07 16:13:00,40.843274206402235,-74.23716756010592,40.85555800238782,-74.2307377260923,1,cash,high,1.4690675675962532,8.665807482128745,10.005703771716652
2024-01-07 16:22:00,40.619339416885204,-73.93287686869814,40.65464782148746,-73.92523389714339,2,cash,medium,3.9787309881083512,9.084800924959081,14.292903620084152
2024-01-07 16:30:00,40.71262128065322,-73.97022332513001,40.629968261056256,-73.87050553286255,1,card,low,12.457665902550831,16.34419674484146,41.30897170941746
2024-01-07 16:39:00,40.919527235104056,-74.08788518823202,40.907351085597924,-74.18653502385597,3,cash,medium,8.399384639934349,29.07111711551587,32.65978627238899
2024-01-07 16:48:00,40.64548087989851,-74.18485935377788,40.71956033891913,-74.17521398540005,2,card,medium,8.277315327597618,22.4815558619778,31.6363195498269
2024-01-07 16:57:00,40.632347618076395,-73.77146088528795,40.65718496387548,-73.7833950476268,1,cash,medium,2.939608438765718,10.415905134607423,14.814429753784482
2024-01-07 17:05:00,40.723752113065906,-73.9619598518318,40.639581541358105,-73.97154905416055,1,card,medium,9.394204977594066,22.445979782738355,39.24746686711618
2024-01-07 17:14:00,40.79068729882975,-73.91365218304824,40.82031257463827,-73.90693314970186,1,card,medium,3.342370179827637,11.620818587421969,14.445971465167876
2024-01-07 17:23:00,40.897186266020505,-73.98901213583258,40.86353811028023,-74.0009935725599,1,cash,low,3.874727622949887,6.26725371396452,12.549134773475725
2024-01-07 17:31:00,40.91347918948124,-73.84866804370044,40.92,-73.84020216367696,1,card,medium,1.015758160735942,2.355809695772371,11.423034174227954
2024-01-07 17:40:00,40.60367781644107,-73.80284617473046,40.58,-73.80390716052744,1,cash,low,2.634376787985692,3.94171071215088,14.254617012815004
2024-01-07 17:49:00,40.626919155898285,-74.06481762276522,40.624532695899745,-74.12392774078353,1,card,medium,4.995628573935095,10.877174937336045,22.139669718876725
2024-01-07 17:57:00,40.848850911124636,-73.9080870907624,40.824661486539306,-73.89092561906091,1,cash,high,3.05272357901604,15.14610793578346,16.639024721172174
2024-01-07 18:06:00,40.67201493177209,-74.14275738288134,40.67215702929532,-74.11053493255486,1,card,low,2.717558753138983,6.48041084087884,15.201856229215956
2024-01-07 18:15:00,40.88084868023216,-73.92755392594736,40.85532107240617,-73.95194687873523,1,cash,low,3.5020719834203993,1.847751579759672,10.662877736975918
2024-01-07 18:24:00,40.80557410745789,-74.05643062871196,40.795514886587945,-73.97237530519187,3,card,high,7.1630852468637745,46.216386734931646,36.98294862655783
2024-01-07 18:32:00,40.61802723280943,-74.25654138430534,40.58,-74.19644065575045,1,card,medium,6.605091177130552,14.1449561462433,24.863317512831674
2024-01-07 18:41:00,40.86305995687416,-73.77268078710446,40.88513963866779,-73.75,2,card,medium,3.108762349304286,6.94112111971199,13.630989204153527
2024-01-07 18:50:00,40.63996116920274,-73.81709481177525,40.647849003591716,-73.77966287829399,1,cash,medium,3.2777231478526887,9.842095032701614,14.276892370928708
2024-01-07 18:58:00,40.723988434191085,-74.11167335932353,40.6512444863564,-74.11031899645609,1,card,medium,8.089563989880725,16.6552492925216,30.972096271939105
2024-01-07 19:07:00,40.76774287571017,-73.75114376974125,40.812424125419255,-73.75,2,card,low,4.969261284231673,6.789947824595545,20.117080571841683
2024-01-07 19:16:00,40.750260490687296,-74.09826488597618,40.74232753250284,-74.02758092843338,3,card,high,6.019545851608517,33.855144373492436,33.199986832939764
2024-01-07 19:24:00,40.813295391309154,-74.02598946490588,40.82057469913977,-73.98962838432934,2,cash,low,3.1651241498277116,7.406112314687638,10.96699522221874
2024-01-07 19:33:00,,,40.83631876509686,-73.8515206470326,4,card,high,4.393110696276673,16.4810407100716,22.12425883671261
2024-01-07 19:42:00,40.91729428187954,-74.1046558608227,40.92,-74.1064415255456,1,card,high,0.3361982941091132,1.8527645017360148,6.768934454162122
2024-01-07 19:51:00,40.919803449136225,-74.03022445496238,40.92,-74.00440930347845,3,card,low,2.1691450131774617,1.4148538605027086,10.628615602651783
2024-01-07 19:59:00,40.75559619689612,-73.92055054476714,40.74239789839688,-73.88285202408507,3,card,high,3.4983851397976173,23.524562056150483,21.166526794943177
2024-01-07 20:08:00,40.61236768956669,-74.19346154706606,40.658917011946905,-74.19694802172053,2,card,medium,5.184402493759203,14.167372986452746,22.80952164169115
2024-01-07 20:17:00,40.827466721649365,-74.04460131196723,40.832998329450696,-74.07010769658704,2,card,high,2.2324051210923317,13.147622503609913,15.094219388431288
2024-01-07 20:25:00,40.912065786593644,-74.10220093194557,40.92,-74.03091161751357,2,card,medium,6.054825740504404,11.08811678136379,21.969548849113863
2024-01-07 20:34:00,40.688230971793864,-73.91484510400895,40.70639428456977,-73.9630994911623,1,mobile_wallet,medium,4.5418088154877205,10.151031336949526,15.126166703261317
2024-01-07 20:43:00,40.73681102118478,-74.19065561106922,40.79264388582371,-74.2330155400727,1,card,medium,7.160336857091346,17.816930940258718,27.252281541385848
2024-01-07 20:51:00,40.72442415443725,-74.14130694565853,40.75688771124742,-74.20102769708609,1,cash,medium,6.192397204551756,13.71254753361661,22.472586276127075
2024-01-07 21:00:00,40.597482512549355,-73.89719813608623,40.58,-73.93965792296933,1,card,medium,4.078458058953571,9.892760596678873,17.803233506689356
2024-01-07 21:09:00,40.80856990661597,-74.1803255714407,40.77971288963598,-74.12419505197035,1,card,medium,5.711665402307521,15.205655621846585,23.71380599244534
2024-01-07 21:18:00,40.70013481632328,-74.04477017625766,40.69789587968151,-73.98713270221457,2,cash,high,4.865324444268308,19.650743018700393,22.010817153967107
2024-01-07 21:26:00,40.84773771737471,-73.89643083173277,40.81353315252615,-73.89976288078371,1,cash,low,3.813691946672955,7.145316202019059,14.23278565258414
2024-01-07 21:35:00,40.86292082559588,-73.8696111239407,40.81557217653619,-73.84727697614065,1,cash,high,5.590128158112968,24.64546229584483,25.91295294986768
2024-01-07 21:44:00,40.85921846744327,-74.21161059887746,40.76345610632486,-74.21208330487053,1,cash,medium,10.648363035166362,27.470780458718266,41.36603638801623
2024-01-07 21:52:00,40.72166643933356,-73.82548223919606,40.65194961523127,-73.87912119636394,1,card,low,8.975005068096829,14.763766055212036,29.247875502143376
2024-01-07 22:01:00,40.689325531961906,-73.89077412642372,40.778668818211926,-73.79095931107837,1,mobile_wallet,low,13.016353636125883,15.703475554950193,35.784881759157685
2024-01-07 22:10:00,40.8345990650868,-74.08695975976642,40.80505655385346,-74.02509646133826,1,card,high,6.1555387594107565,49.67913062747188,40.11127244417428
2024-01-07 22:18:00,40.852472407506525,-73.87046054531157,40.92,-73.85451167207174,1,cash,high,7.627485243636213,32.062387380358736,35.154033009119075
2024-01-07 22:27:00,40.747027531773064,-73.88856757867626,40.765169488825066,-73.92708262518391,1,cash,medium,3.8201723894772557,10.818485686244001,14.597590593304282
2024-01-07 22:36:00,40.883630546642344,-73.95354547448072,40.88139143566872,-73.96366752145336,1,card,high,0.8866292653712555,5.7421822759778784,10.245319605043228
2024-01-07 22:45:00,40.628928956666705,-73.97517460156303,40.58,-74.00633375137693,1,card,low,6.04319684838228,9.420345559441111,19.20483738213683
2024-01-07 22:53:00,40.878883385084045,-73.88530122066122,40.87909348538496,-73.88091001981944,1,mobile_wallet,low,0.36992322397846433,1.0,2.5
2024-01-07 23:02:00,40.61267237921044,-73.75037745013022,40.697820648724004,-73.75,2,card,low,9.468109121718664,14.779062505376686,31.799097980804376
2024-01-07 23:11:00,40.632198677498565,-73.9649383528489,40.70229233097932,-73.98028900007037,2,card,medium,7.900861601249109,28.488478546413344,33.679052536122924
2024-01-07 23:19:00,40.76150560451315,-73.84755388540125,40.773846343884536,-73.91300245928207,4,cash,medium,5.680000295486659,14.912102347813732,21.099988238747283
2024-01-07 23:28:00,40.60295628326372,-73.88042040416906,40.58,-73.78447774981184,1,card,low,8.493834200723969,11.488375984965497,26.858611497447352
2024-01-07 23:37:00,40.597954414476035,-73.82353771496275,40.58,-73.81284901135534,1,card,low,2.190980563499948,1.9257146527685651,9.914150775068725
2024-01-07 23:45:00,40.580176373016336,-73.7731923206941,40.58,-73.75264568068535,1,cash,medium,1.7353210099907295,4.459529925801362,12.650111570845091
2024-01-07 23:54:00,40.72834766429605,-74.16152756419498,40.78586463602738,-74.18053598656836,1,mobile_wallet,low,6.5929505670034105,11.893211724666351,20.252157916753667
2024-01-08 00:03:00,40.84337211963936,-74.17561558543849,40.916799539264254,-74.2459060856283,1,card,medium,10.078952906008707,20.986905018818703,35.69112734001815
2024-01-08 00:12:00,40.59184503909517,-73.96096056750841,40.60066021666871,-73.96470909139882,1,mobile_wallet,medium,1.0300324895715463,1.9022257977785377,3.0138743447485603
2024-01-08 00:20:00,40.801767586198395,-74.03085951792788,40.78812896659985,-74.0454045083323,1,card,low,1.9491211264610442,1.0,-10.83799352430402
2024-01-08 00:29:00,40.859863287921506,-73.96893142661122,40.92,-73.93700237947884,1,card,low,7.205427668990077,10.896006692578878,23.01995872956526
2024-01-08 00:38:00,40.63712028851648,-73.85299820541239,40.593084479177556,-73.81222471461047,1,card,medium,5.9850619485474335,13.219319810737492,22.986754706957182
2024-01-08 00:46:00,40.629933669839275,-73.78482561517488,40.63226571958129,-73.75039928858796,1,card,high,2.9167128881631585,19.437437006782233,20.95882191723111
2024-01-08 00:55:00,40.872672331030984,-74.04711792914874,40.89350580101056,-74.00264567403246,2,cash,medium,4.398242658985667,7.212821787792043,14.918105999278477
2024-01-08 01:04:00,40.85986236738303,-73.89385435077276,40.82103634006009,-73.81268938943631,1,card,medium,8.078227675979056,22.595038346161537,33.88114613080467
2024-01-08 01:12:00,40.76324020052982,-74.15963241420089,40.734624060567214,-74.14208908592178,1,card,high,3.508404946207025,21.239395116399464,20.52034892418085
2024-01-08 01:21:00,40.858527958959954,-73.9873785058292,40.826409767896514,-73.93791379389276,1,cash,high,5.483474356197028,37.56848632877396,31.250948837024232
2024-01-08 01:30:00,40.611537066324324,-74.24887956333194,40.67528977484379,-74.22665583750933,1,cash,medium,7.332767349057042,20.01915884532584,28.221958302348288
2024-01-08 01:39:00,40.714123716099174,-74.00308721076212,40.80027024356674,-74.08858880376113,1,cash,high,11.98424249529518,42.33831922193475,56.74371169336864
2024-01-08 01:47:00,40.83085116907617,-73.981878405846,40.836016832936814,-73.98883181856695,1,cash,medium,0.8198520192994563,5.342537580774538,6.864398344062523
2024-01-08 01:56:00,40.667533666170144,-73.88492287875306,40.65546382975322,-73.92396989656373,1,mobile_wallet,medium,3.5565426336121306,11.269608889775478,15.434152717753019
2024-01-08 02:05:00,40.83579183090741,-73.92876275699443,40.808798982532714,-73.91834825711274,1,cash,medium,3.1267831928435235,8.835848179037335,12.995537448909378
2024-01-08 02:13:00,40.75142072549288,-74.07721766550405,40.751499309598145,-74.11281312267316,1,mobile_wallet,medium,2.9984150282575857,7.003033323401244,11.206904134606251
2024-01-08 02:22:00,40.8350904359024,-74.2570772406363,40.810330457087744,-74.22982160058494,2,mobile_wallet,high,3.5832735754116873,14.134829967381771,16.06085626187507
2024-01-08 02:31:00,40.737991076871495,-74.2011022044523,40.73362471596551,-74.15695594003601,1,cash,low,3.75111296557692,5.231832396942102,15.646809133820211
2024-01-08 02:39:00,40.70508747567542,-73.7637390667061,40.7236829527106,-73.75,1,card,medium,2.3698849538430906,6.4041425995239925,13.431080466777086
2024-01-08 02:48:00,40.65452433360274,-73.7896100892592,40.63628525117717,-73.75,5,card,low,3.90914471857898,3.577493397155709,15.97377662560233
2024-01-08 02:57:00,40.65084897608791,-74.09420248682862,40.64231751327027,-74.1696235706118,1,card,medium,6.433472056480829,14.491569545166255,26.53511970262357
2024-01-08 03:06:00,40.83550687559428,-74.12798500063882,40.82716142376602,-74.18194000221142,2,card,low,4.633342930576607,3.181356321295434,14.705074899171821
2024-01-08 03:14:00,40.62042951833155,-74.03742769021808,40.60613916376887,-73.9056760068376,1,card,medium,11.234149837955263,30.624758491772575,43.115728044870394
2024-01-08 03:23:00,40.60923399903772,-73.90813058489785,40.58936884457199,-73.86270201750416,4,card,high,4.4260457930720465,21.408670614852625,24.16096579684418
2024-01-08 03:32:00,40.63993906410752,-74.07801788694444,40.67423791123968,-74.06791772824732,1,card,low,3.907865509677608,4.508525631054626,13.121946631983503
2024-01-08 03:40:00,40.63961781389433,-74.22568013765712,40.58,-74.22423844969309,1,cash,low,6.630315437783784,10.702972954061094,21.725619041372145
2024-01-08 03:49:00,40.859856591754344,-74.05457450285336,40.92,-74.05713320947262,5,card,medium,6.691099692902154,16.487811911830885,26.81123333008033
2024-01-08 03:58:00,40.71549225198123,-74.12709961281448,40.721591077825366,-74.21411820790357,1,mobile_wallet,medium,7.364973667380349,18.00803637760395,24.96082022903966
2024-01-08 04:06:00,40.916732075502566,-74.09428569428229,40.92,-74.12904050399035,1,cash,low,2.942750127096544,4.926377577843404,12.855980306972684
2024-01-08 04:15:00,40.62665182764881,-74.17689180464848,40.65928032789051,-74.18192494640118,2,cash,low,3.6528917260505516,6.6906446726026445,12.309202897157334
2024-01-08 04:24:00,40.80220354073584,-73.92399156458272,40.77034087853446,-73.95620525897844,3,card,low,4.461859051602127,5.767438985772979,19.705506129588468
2024-01-08 04:33:00,40.73256803244843,-73.99141822404493,40.69142189742036,-74.01774934361966,1,mobile_wallet,low,5.085102513809355,7.919423814051463,17.0212754373408
2024-01-08 04:41:00,40.71359218007701,-74.12185981017937,40.667140062267585,-74.00671689619024,1,card,high,10.99661486416523,52.2793991496346,55.73291819024269
2024-01-08 04:50:00,40.87752862767839,-73.97753013453382,40.8664105663361,-73.9888545214043,1,cash,medium,1.5604564516415098,3.9670678309081433,9.479626678189321
2024-01-08 04:59:00,40.91170251958166,-74.00871899794471,40.92,-73.9962035975727,4,card,medium,1.3989951155758142,3.5160498799591666,11.803189274875345
2024-01-08 05:07:00,40.87677204598322,-73.85405282315132,40.850502754848286,-73.84313869032616,1,card,low,3.0618093487665146,3.2700124126051793,11.100229975707924
2024-01-08 05:16:00,40.645382230871945,-73.7724480226365,40.67273915467997,-73.75,1,card,high,3.5831528612232555,17.591318868316822,20.33404857054609
2024-01-08 05:25:00,40.65507129321104,-74.19335804042089,40.58,-74.21483576488504,1,cash,high,8.542123784152768,40.3495054203863,40.55363568352459
2024-01-08 05:33:00,40.80306511889232,-73.80920412575693,40.78571459480344,-73.7530899695952,1,cash,medium,5.102548309343109,11.133244410899195,18.505331415582415
2024-01-08 05:42:00,40.67828841775698,-73.9005535614747,40.730809599299505,-73.88059326276239,1,cash,medium,6.07763272470898,16.40213087811298,23.99167645144708
2024-01-08 05:51:00,40.8298065444654,-73.90679769189806,40.82211283645891,-73.96472008871568,1,cash,medium,4.948168964627184,10.360303435348598,18.300271963667736
2024-01-08 06:00:00,40.77258302127528,-74.06910654245735,40.735271557647806,-74.07394422242268,1,card,low,4.16880873589186,6.701428342274566,13.935742625637143
2024-01-08 06:08:00,40.76730898128674,-74.0846068203129,40.73775103629055,-74.09235349474314,1,mobile_wallet,medium,3.350844058049282,9.834318505903436,10.995830728055482
2024-01-08 06:17:00,40.861705954445185,-74.25712386274053,40.72544493910711,-74.26,1,card,medium,15.153467996344926,41.58862215636207,56.35389304199506
2024-01-08 06:26:00,40.82158114239251,-73.75907551393497,40.77605005372397,-73.75,1,mobile_wallet,medium,5.120137294621451,13.456700279858177,18.396824733381873
2024-01-08 06:34:00,40.58903644009908,-73.95068202548974,40.636612301862144,-73.92211939197668,1,cash,medium,5.81369660894168,14.27231306564742,20.178266810056773
2024-01-08 06:43:00,40.596816106629646,-74.0548124017988,40.58,-74.03156301307217,2,card,medium,2.7112040573151552,4.857478053091407,13.63080152788191
2024-01-08 06:52:00,40.78452987383505,-73.98267790083499,40.76362537754499,-73.9674267097215,1,card,high,2.6556525007479577,15.488754157427001,20.747255481020304
2024-01-08 07:00:00,40.745305305711575,-74.2393312126109,40.64037375729494,-74.23547751576638,1,cash,high,11.67237860536837,86.87164620709382,67.5061063285295
2024-01-08 07:09:00,40.66846278281662,-74.17143801280125,40.595075082126556,-74.26,1,mobile_wallet,medium,11.065441888271666,30.817964787949787,37.51821871541468
2024-01-08 07:18:00,40.722343069687035,-73.94208643826866,40.77589528272402,-73.90708126996644,2,cash,medium,6.644861154840639,14.314794013021926,25.786161974936093
2024-01-08 07:27:00,40.83768950836917,-73.99772651786135,40.86546774199894,-73.97575058358156,1,cash,medium,3.5996010510246403,10.148859504309286,15.093177347268549
2024-01-08 07:35:00,40.861047904783696,-73.85859184030691,40.80266314836892,-73.90290609775712,5,mobile_wallet,medium,7.486492299115111,19.78987802805798,26.052966339207124
2024-01-08 07:44:00,40.770815843082616,-73.92404122787288,40.74244008546182,-73.91141502534502,1,card,medium,3.329648168327253,9.196781746976068,17.19086674521667
2024-01-08 07:53:00,40.711025623491416,-73.95326780525052,40.70971286805647,-73.92411057360191,1,card,low,2.4619233990751486,3.790959082176168,10.783420600627194
2024-01-08 08:01:00,40.67203689890834,-73.84421449080429,40.61821115096129,-73.79150837286916,1,cash,high,7.4562878732458575,39.16036786075665,37.29690830676903
2024-01-08 08:10:00,40.75745228006155,-74.22518581616853,40.66726580530344,-74.2022222512257,1,card,low,10.213347590887775,17.233821485089333,34.112075010960645
2024-01-08 08:19:00,40.68701487031189,-73.90764773382004,40.679850402877115,-73.8931756525133,5,cash,low,1.4573301648846293,2.8674586131423347,8.00690324584282
2024-01-08 08:27:00,40.77179234659606,-73.8950487362226,40.797559731893855,-73.85244398193507,1,card,low,4.590887288983536,10.235701063326731,16.32574162159995
2024-01-08 08:36:00,40.81006181005328,-74.1196665896632,40.836695389441125,-74.13346089057194,2,cash,high,3.1808564598467934,21.894512597256263,20.28316257055307
2024-01-08 08:45:00,40.60246693171259,-74.16021868539143,40.64185261406199,-74.14167854050964,5,card,low,4.650637237183531,7.858747526094019,17.51383966629535
2024-01-08 08:54:00,40.58036293810773,-74.15093523751744,40.58,-74.17888533125662,2,cash,medium,2.360790256818242,7.504326212763881,12.836953864746047
2024-01-08 09:02:00,40.652174227205855,-74.15894815964968,40.65477981314807,-74.10898480780672,1,card,medium,4.224831458764527,9.61115285642565,17.742831621965976
2024-01-08 09:11:00,40.88413390922439,-73.99287108263917,40.872053597834075,-74.06530808278072,3,card,medium,6.236513203202113,10.035604461774305,18.836331885629857
2024-01-08 09:20:00,40.79973885949771,-74.19083058120343,40.79581392865033,-74.15407740836666,1,card,medium,3.12439728926418,7.798861263536152,15.397967503868394
2024-01-08 09:28:00,40.638466519658586,-73.92376421067614,40.628936346145046,-73.92296730739298,1,cash,high,1.0618384414480675,4.588162057035655,8.778253480129605
2024-01-08 09:37:00,40.88268974702003,-74.20641008793613,40.85296957889269,-74.16296765805345,1,card,medium,4.9260070732045875,9.760871106593745,19.289092171165517
2024-01-08 09:46:00,40.7397850196977,-74.24628628344178,40.603984449258,-74.26,3,card,medium,15.144561347421305,36.22129544238506,52.91486460887544
2024-01-08 09:54:00,40.74187119727075,-74.09716197635261,40.794153503196426,-74.09311271530588,2,cash,low,5.823519876469429,9.416609736980988,18.440329273526004
2024-01-08 10:03:00,40.8980842609065,-74.16215154089615,40.91293381835288,-74.15942318685823,1,card,medium,1.6670395343599573,2.1301118626072952,11.456387592153122
2024-01-08 10:12:00,40.600225475342334,-73.75578235174086,40.58,-73.75,3,card,high,2.301361442983274,5.958963104788587,13.857086944988684
2024-01-08 10:21:00,40.653160613373764,-74.10547188668522,40.674451537758436,-74.15261217446438,1,card,low,4.627558037982221,8.835936896238202,17.767489527326884
2024-01-08 10:29:00,40.77916225055261,-74.14674731612699,40.759033534237545,-74.1181176371632,1,card,high,3.289755714527683,12.843053659524234,17.486124331564376
2024-01-08 10:38:00,40.64646541325788,-74.15964739001541,40.62761165901908,-74.24271262577867,1,card,low,7.315882948443483,13.25320309138575,25.906688498128972
2024-01-08 10:47:00,40.811039183131044,-74.06933501855022,40.776460526064035,-74.0993879111205,1,card,high,4.602635224506545,25.945477887922568,24.469908692623346
2024-01-08 10:55:00,40.65279137837448,-73.9510170633809,40.67695324964383,-74.02133991370216,1,card,medium,6.5114990960501204,15.627813723805543,25.660675972082604
2024-01-08 11:04:00,40.613713370003595,-73.8612079097264,40.58,-73.82393803674054,3,card,high,4.89439629022249,19.97337808122827,26.596860982471508
2024-01-08 11:13:00,40.650374954277886,-74.07406611365104,40.60101739340381,-74.05606022866314,5,card,medium,5.694799004517761,11.783436888932552,21.248145215926662
2024-01-08 11:21:00,40.7237295716525,-73.94075480017818,40.77465808812977,-73.92023306106773,1,card,medium,5.920975678290038,13.084301293479026,23.17484385086574
2024-01-08 11:30:00,40.63988702171885,-74.01414945187751,40.63183735827935,-73.94785592904633,1,card,low,5.665124884527695,9.869527340691258,21.95822103454017
2024-01-08 11:39:00,40.62579528847394,-73.82828737341077,40.61915840092429,-73.84250474852306,1,card,medium,1.4087066956858643,3.1559303174157876,10.643732077004866
2024-01-08 11:48:00,40.87249584131444,-73.9697886936492,40.90365672672689,-73.94235733798564,2,card,high,4.1621050184996475,19.699016462055045,23.494050506089962
2024-01-08 11:56:00,40.68893504922308,-74.11215524734166,40.658893647685005,-74.10918424171872,1,mobile_wallet,low,3.349834931966175,4.838101261010232,9.442348662675094
2024-01-08 12:05:00,40.70265795341621,-73.9011704988391,40.681591060647094,-73.90505105379918,1,card,high,2.3652686707756057,17.249597819765768,19.13368607947762
2024-01-08 12:14:00,40.598791939230416,-73.84176711110827,40.612549126367945,-73.78296894866472,1,cash,medium,5.194108980015514,16.543873863283604,21.108798157680557
2024-01-08 12:22:00,40.701505671990695,-74.02262526505038,40.632143679879825,-73.92894069369729,1,card,medium,11.041789533406755,22.545274739417366,41.36954700022576
2024-01-08 12:31:00,40.670034440289335,-73.75652940817002,40.6799838973939,-73.77594540799888,3,card,medium,1.9761149389497614,5.651486716801521,11.625887626215118
2024-01-08 12:40:00,40.78756492289621,-73.81166059161244,40.753557907233045,-73.77414320999404,1,cash,low,4.927553016550931,5.698787980816289,14.435943369088188
2024-01-08 12:48:00,40.64983270120862,-74.1595531184706,40.6883289678691,-74.1451928574015,1,card,medium,4.448630222036234,12.356310631968524,17.64226683254354
2024-01-08 12:57:00,40.88204425404137,-73.85875450520032,40.90664410374961,-73.84385444619005,1,mobile_wallet,high,3.0084605161069162,17.792439594687913,13.513387678359008
2024-01-08 13:06:00,40.89608665111265,-73.95351486538162,40.91474132717652,-73.94239186757511,1,card,low,2.2752041944618555,1.9175846157702285,10.388120265749427
2024-01-08 13:15:00,40.613942559440105,-73.987246238118,40.58,-74.00223474773375,1,card,low,3.980749369116981,3.4437952119202055,13.365107539467317
2024-01-08 13:23:00,40.616517005138114,-73.99789132084442,40.61186421235529,-74.1592154460859,1,card,low,13.627061968732109,18.43177627807928,40.14751061769644
2024-01-08 13:32:00,40.61921098895773,-73.82476031718096,40.58,-73.75569389757403,2,cash,medium,7.280935652853822,13.489240858033796,26.16563830144646
2024-01-08 13:41:00,40.7906535471455,-73.94845487765924,40.78899467151154,-73.9797178441045,1,card,medium,2.638388560276624,4.6288707528314745,12.71148873666646
2024-01-08 13:49:00,40.621469447831274,-73.9857699476226,40.58,-73.99664001914537,1,card,high,4.701627496770631,28.28125517691283,28.18345553411825
2024-01-08 13:58:00,40.86980998809629,-74.2350814475534,40.800472536019406,-74.24499462805422,1,mobile_wallet,medium,7.754948195555042,22.048971449743373,27.846565765551315
2024-01-08 14:07:00,40.83645231507889,-74.03136553642314,40.8899588274767,-74.06663668911953,1,card,low,6.648009370144141,9.73575915721286,26.300139006647477
2024-01-08 14:15:00,40.85873501180093,-73.7968988033568,40.87534240472122,-73.786087996967,1,card,low,2.058288621552995,3.769690828902164,10.65198780187448
2024-01-08 14:24:00,40.75886057914125,-73.89701426803424,40.742938866004664,-73.89900832762824,3,card,medium,1.778364241962364,6.687610606370296,11.790098344252744
2024-01-08 14:33:00,40.918870251916516,-74.23401347119136,40.87797680239564,-74.26,1,cash,medium,5.044502215474405,7.021675078371877,16.67531377783178
2024-01-08 14:42:00,40.595019535001015,-73.80916393610296,40.58,-73.80244534535365,2,card,high,1.7638289242864527,10.25739406013431,12.343790612708496
2024-01-08 14:50:00,40.71643008782328,-73.8383997170977,40.72543709680226,-73.83988681828083,1,cash,low,1.0093443050273636,2.132238488064954,5.5850341964356875
2024-01-08 14:59:00,40.69013846743879,-73.98119105209955,40.674675013507134,-73.93943831639159,1,mobile_wallet,high,3.918157842554004,25.947525393185863,18.75993175695427
2024-01-08 15:08:00,40.9025394695623,-74.24857321275704,40.92,-74.26,1,card,medium,2.165996308600675,2.0535189872361155,9.970614986580987
2024-01-08 15:16:00,40.776132725889184,-73.97316089480276,40.76781835848872,-74.0094034142429,1,card,high,3.1889220643996703,14.136177742497976,21.19715192850234
2024-01-08 15:25:00,40.85410492825121,-74.23215958453753,40.856747350402216,-74.19952119204984,1,card,high,2.760689608753559,12.749290579968235,16.96892158291645
2024-01-08 15:34:00,40.6379160058439,-74.0966067305849,40.58,-74.12539516304007,2,card,high,6.883242410439666,53.12688950477787,43.17597045640897
2024-01-08 15:42:00,40.91273560892615,-73.9392560943596,40.89650414379318,-73.97990919617413,1,card,medium,3.8639644758419633,12.846629568713915,19.470314562471906
2024-01-08 15:51:00,40.749537445937946,-73.7944143272201,40.75750205916601,-73.82097741956548,1,card,medium,2.406382890768312,5.331270196508973,12.331694650030052
2024-01-08 16:00:00,40.74784850593202,-74.07752422499767,40.73107314892743,-74.0820682672487,1,cash,low,1.9042160460553346,4.630902492826841,11.600961660919202
2024-01-08 16:09:00,40.910100807705554,-73.82138787072944,40.888247523694716,-73.82576092285245,1,card,low,2.4576138453297816,5.13247639738392,13.485111034259821
2024-01-08 16:17:00,40.70944900281383,-73.79163588469574,40.72415993596652,-73.80108401432034,1,mobile_wallet,medium,1.8192983149577282,2.023841029299238,5.909868745718629
2024-01-08 16:26:00,40.7151585083487,-74.24926762096678,40.783325556018944,-74.26,1,mobile_wallet,high,7.633555999104156,30.31197949417856,29.565574036861825
2024-01-08 16:35:00,40.778815918953676,-74.13789180274621,40.78533954061753,-74.1030996510198,1,card,medium,3.0178626904249803,8.784171896318913,-12.311187358241753
2024-01-08 16:43:00,40.623537887586245,-73.89797022739398,40.675026270342535,-73.83829033809239,1,cash,medium,7.6242054518998525,22.164837235354497,31.748663427755496
2024-01-08 16:52:00,40.68916911298003,-73.87401004802943,40.717141219968376,-73.95997933891684,2,cash,low,7.886207346018321,12.301045186760069,26.791137106627723
2024-01-08 17:01:00,40.64569082963134,-74.0598674063893,40.694486731491395,-74.12977673417336,2,card,medium,8.012697486047884,23.74129414155441,34.82105464164142
2024-01-08 17:09:00,40.615116382896396,-73.92505514748585,40.5876789863458,-73.87992658362097,1,card,low,4.880988259876237,8.750179046383249,20.889033070688335
2024-01-08 17:18:00,40.87448916615255,-73.94779910514536,40.865177428878255,-73.8771582698172,1,card,low,6.029432146620416,10.834176135902885,23.584249998446815
2024-01-08 17:27:00,40.78037259648334,-73.88271476958346,40.77124778579893,-73.97852782331017,1,card,low,8.131457457075966,13.732208545116105,27.842357756271173
2024-01-08 17:36:00,40.70194874911949,-73.89348420184999,40.72653122476487,-73.85678955929244,1,cash,high,4.127549064184307,38.031492497865315,28.46145642107093
2024-01-08 17:44:00,40.71894758830468,-74.21620589302492,40.75460616530421,-74.14250129813473,1,card,medium,7.367815336775488,16.301478326604865,27.388031807585037
2024-01-08 17:53:00,40.7267164612537,-74.17929240772057,40.73234398985374,-74.21810095968304,1,card,high,3.3294687569910253,40.11387710804435,27.946117692536053
2024-01-08 18:02:00,40.7952707219292,-74.19230915489776,40.83472251791111,-74.12122410268756,1,cash,medium,7.418262253983658,15.712992257367224,27.81160196063007
2024-01-08 18:10:00,40.89510159310626,-73.78443516438016,40.869751676642096,-73.79244490701976,1,mobile_wallet,medium,2.898096853314644,5.215732138377215,11.641194998162087
2024-01-08 18:19:00,40.89714507068337,-73.79409324933998,40.92,-73.7799345802642,1,card,high,2.806098914737414,12.187500814775749,18.262102802204364
2024-01-08 18:28:00,40.71310727304043,-73.85331974250555,40.75881869793879,-73.88568524166017,1,card,high,5.768185667498929,29.701456408787926,28.137577850880007
2024-01-08 18:36:00,40.69194923626324,-74.20047353405526,40.72243657182985,-74.1554272503843,1,card,low,5.090160299281816,8.45774694890702,16.549035875452034
2024-01-08 18:45:00,40.73335581006299,-73.96712155034102,40.739393450319646,-73.92957120504832,1,mobile_wallet,low,3.2342371624426733,5.581420920523122,12.308646277110428
2024-01-08 18:54:00,40.77309763834569,-74.16451238069418,40.805197188303914,-74.08690045968633,2,card,low,7.445318709184862,11.908730192797103,24.58478193944552
2024-01-08 19:02:00,40.73701808989291,-74.07212419184502,40.69678788895718,-74.00729686023506,1,card,medium,7.061316925609475,16.675606538378574,28.632900345016598
2024-01-08 19:11:00,40.80397615933768,-74.12378344891492,40.81290246123389,-74.1241952009047,1,cash,low,0.9931642655884928,1.0,4.026054269650681
2024-01-08 19:20:00,40.76849566794912,-73.8372451994414,40.782018639406246,-73.75,3,card,medium,7.4988231645934835,16.882926008989482,30.787267207705995
2024-01-08 19:29:00,40.68904328587598,-74.18632978624518,40.62921508103417,-74.12554411706387,1,card,medium,8.399249079776842,22.244519881714528,31.723013225991895
2024-01-08 19:37:00,40.697548473959294,-73.93044862400886,40.71890476534157,-73.90612540243181,1,cash,high,3.1372948755812757,17.29536297781872,19.640227644661636
2024-01-08 19:46:00,40.70872154777031,-73.75821372147415,40.65252470511463,-73.80308566936856,2,cash,high,7.305132631355437,56.45756530865958,41.09029980196628
2024-01-08 19:55:00,40.61217752120479,-73.90960216254065,40.592921197798866,-73.97845363535589,1,card,medium,6.19454211105721,9.792969459361867,23.94441219448305
2024-01-08 20:03:00,40.63646129502075,-74.21959092060645,40.63825053818819,-74.26,4,mobile_wallet,medium,3.415514368646672,8.339836920044613,9.75613471732104
2024-01-08 20:12:00,40.82585869272943,-73.79699675399911,40.79297555542096,-73.83901170091072,3,card,low,5.086579577495169,6.4704359270441225,17.951372752094855
2024-01-08 20:21:00,40.712292881917506,-73.93202936437831,40.71600781365542,-73.87005074486325,1,card,low,5.240037690586714,8.11520101899785,20.39928373382589
2024-01-08 20:29:00,40.65294325067045,-74.02728140040135,40.65593831524008,-74.00536239930116,1,card,medium,1.8788026588388518,6.385854560223926,13.490906397611912
2024-01-08 20:38:00,40.77130861959545,-73.92355683594403,40.734400445824306,-73.9511586291956,1,card,high,4.716828181826444,20.76962709829328,23.677910583965282
2024-01-08 20:47:00,40.836883444440964,-73.81168739145896,40.86244229508806,-73.81780149694931,1,card,low,2.888167846727973,5.941167314193238,13.597500773635858
2024-01-08 20:56:00,40.667523603197424,-74.01666511376322,40.63313656054864,-74.02826370189499,1,card,medium,3.9468809593270557,12.724129544638103,16.237172341416944
2024-01-08 21:04:00,40.861108559854074,-73.98902604376576,40.92,-73.9530237635922,3,card,high,7.213912025055824,32.750682795389906,33.69395725538936
2024-01-08 21:13:00,40.89535165227252,-74.02925182639885,40.89042510522264,-74.06879772570846,1,mobile_wallet,medium,3.3689111832662455,8.70677053170708,9.903312662107735
2024-01-08 21:22:00,40.78311413988511,-74.22297837257493,40.730405903360555,-74.2072424851997,3,card,high,6.008888332431427,41.32954450025469,34.54427655659008
2024-01-08 21:30:00,40.80744220405714,-73.85859423526705,40.76314682457752,-73.84509037534944,1,card,high,5.054935883283591,32.72385229709137,27.877475023938953
2024-01-08 21:39:00,40.59787583670984,-74.19553001074267,40.649516957621266,-74.23372907119955,1,card,low,6.585339547354544,12.257003888207029,23.148814141362045
2024-01-08 21:48:00,40.901476762947446,-74.05876929475296,40.88306493871011,-73.9873090234385,3,cash,medium,6.346040080776979,20.39111434745751,25.646999524910616
2024-01-08 21:56:00,40.71344480965008,-74.06272034874006,40.65207543829773,-74.0760210530336,1,card,low,6.915514347217003,13.132598086800707,24.48349584297778
2024-01-08 22:05:00,40.89412613618545,-74.11717919603576,40.92,-74.1618529516408,1,card,medium,4.729917586593286,13.315059456801865,19.508394707951847
2024-01-08 22:14:00,40.776852358415084,-74.05472136579385,40.75815153346507,-74.01634176671544,1,cash,high,3.8432829974449945,15.18881608030786,18.05482904848114
2024-01-08 22:23:00,40.58157039160673,-73.94481535370497,40.610974269607105,-73.94236305273301,1,card,low,3.276111517713103,1.5285435331655721,11.626510556777784
2024-01-08 22:31:00,40.59310427976997,-74.10119247077407,40.635204750924494,-74.08281319670441,1,cash,high,4.931723977662893,27.14040929272019,27.321717724664158
2024-01-08 22:40:00,40.811342393927774,-74.17201891177389,40.823693253174156,-74.22532950278251,1,card,high,4.691686667961777,40.31842219053033,30.652555193342458
2024-01-08 22:49:00,40.77130712470286,-73.8166225696413,40.8791229575087,-73.7800638383174,3,cash,medium,12.376931678066168,31.48313241395483,42.48254987519243
2024-01-08 22:57:00,40.589021028650066,-73.76487534857286,40.58,-73.75,1,card,medium,1.6075345386613866,1.8778694389209996,9.335658985110046
2024-01-08 23:06:00,40.83277638681561,-74.02612224982308,40.79596863342838,-74.08294976766338,2,mobile_wallet,low,6.294625127911468,10.540912559023951,17.056283087823083
2024-01-08 23:15:00,40.869729414603526,-74.09321994670427,40.85821166439635,-74.07728055043474,2,card,medium,1.8538809692366909,7.013014823575881,10.107343058109652
2024-01-08 23:23:00,40.74878194402937,-74.23578414033311,40.850534752816735,-74.26,1,card,low,11.49654091294814,16.0640826947419,35.50547105586762
2024-01-08 23:32:00,40.73835752972147,-74.24120571428888,40.81926764087607,-74.120173441607,2,cash,low,13.594086030366928,20.21653818785085,39.60331306566836
2024-01-08 23:41:00,40.58186085700377,-74.05963018222084,40.639851946036494,-74.00384672070408,2,card,low,7.984624769677753,11.9526920769062,26.439019783153007
2024-01-08 23:50:00,40.847460902247825,-73.7855765706665,40.811725324914256,-73.77288174023016,1,card,medium,4.114662695305084,11.886360374922894,19.158049458192885
2024-01-08 23:58:00,40.692443462693674,-73.8873386428652,40.661955299404006,-73.94259267927933,1,card,low,5.762322069549596,12.617252627588053,20.918185506192252
2024-01-09 00:07:00,40.878779630726065,-74.0818725963759,40.841494429144745,-74.12624511974083,2,card,medium,5.577968864866794,11.478252241645597,22.84513553894385
2024-01-09 00:16:00,40.70684059976974,-73.76629632315715,40.671586389807906,-73.75,5,card,medium,4.153915458320647,10.00878722839689,17.583939412226552
2024-01-09 00:24:00,40.77212648961444,-74.04133346933958,40.83929819694186,-74.10264561823686,5,card,low,9.078459771499642,12.870113633561203,29.014666751537014
2024-01-09 00:33:00,40.67191620798777,-74.11883570057293,40.66094668743496,-74.17873582358632,1,card,medium,5.197324195466802,17.705057317255836,22.913201142195653
2024-01-09 00:42:00,40.63460002627887,-74.04255984519058,40.62958260886989,-74.04216243825803,2,card,low,0.5589183634036353,2.8408275650638704,6.343651940026928
2024-01-09 00:50:00,40.84346868714965,-74.15211295423825,40.87831609256121,-74.14610920410878,1,cash,low,3.9076103489977076,6.595439051598419,11.868805469754234
2024-01-09 00:59:00,40.74884076280774,-73.8083242271976,40.67398200397621,-73.79122281387386,3,card,low,8.44779384518174,15.0840678901627,26.148673036418156
2024-01-09 01:08:00,40.76240589407576,-74.07580161168698,40.76477495603287,-74.09558025008876,1,card,low,1.6864611047639877,2.8943582607991494,11.468886743554943
2024-01-09 01:17:00,40.90824142418379,-73.9244358281079,40.85888219639351,-73.883029233532,4,card,medium,6.499286029081164,15.563420638672312,26.18657537246968
2024-01-09 01:25:00,40.90761717015553,-74.06158592859815,40.89436849873041,-74.10036759068208,6,card,low,3.576897830028101,3.6253569832393877,12.736061724660253
2024-01-09 01:34:00,40.87091832137882,-73.80011697683838,40.844529390150655,-73.77191798092834,1,card,medium,3.772862207327325,6.757242344945239,17.398938755746766
2024-01-09 01:43:00,40.64378715954011,-73.93238581662503,40.61507802596871,-73.92275038608496,5,card,medium,3.294241784844333,6.977242438875782,18.78663052376793
2024-01-09 01:51:00,40.78205271606254,-74.01099153595653,40.792203897364324,-73.98396232710326,1,card,medium,2.5401663489934494,5.771299434869606,14.773005683514812
2024-01-09 02:00:00,40.87857012438288,-74.19260708571753,40.88852472749055,-74.13941717338088,1,cash,medium,4.606533556477098,14.301658885427258,601.6541109205764
2024-01-09 02:09:00,40.70731773839264,-73.80002250194538,40.69742581187711,-73.8205124574751,1,card,high,2.047745953822017,18.11887472806046,18.698679322584752
2024-01-09 02:17:00,40.6143760964181,-73.9811233971814,40.6310568918527,-74.01087188611328,1,card,high,3.1215539078897643,17.192105479988484,16.709467968759164
2024-01-09 02:26:00,40.85572738676157,-74.11462298378969,40.81663973242316,-74.19060070281651,1,card,medium,7.7295949239982455,18.802102747790332,27.99937268227409
2024-01-09 02:35:00,40.74379960746314,-73.81225728517349,40.77447097156991,-73.90311237949001,1,card,medium,8.37793930644908,21.642290802279984,34.10489762204243
2024-01-09 02:44:00,40.77189351132212,-74.23223538202886,40.76261455532503,-74.24015421914198,1,cash,low,1.2285341282055569,1.0,6.336848917829543
2024-01-09 02:52:00,40.91392906074807,-74.09982077216192,40.89216420045186,-74.10465930180105,1,cash,medium,2.454067660009852,8.154822922501467,12.211505388132519
2024-01-09 03:01:00,40.786451886367985,-73.98621751538691,40.750687739841354,-74.03509125596439,1,mobile_wallet,medium,5.7232034962764375,11.911690703747308,18.601825458714487
2024-01-09 03:10:00,40.724492991126475,-74.08669468861792,40.71363010540547,-74.12589417511201,2,card,high,3.5174958065227058,16.721183416427277,20.422022168539343
2024-01-09 03:18:00,40.70579468506805,-74.01686552975679,40.78997345162612,-73.94831010617847,1,card,high,10.998464662320393,52.24028818388359,54.692576380057226
2024-01-09 03:27:00,40.72199055950237,-74.1251987113112,40.71914143984775,-74.08578592119757,1,cash,low,3.336573927925867,4.883172309476668,10.456704731406914
2024-01-09 03:36:00,40.62025568828074,-74.19365762362423,40.58,-74.2504299329867,1,cash,high,6.558242958929281,39.71660663233284,33.917733641389106
2024-01-09 03:44:00,40.85021518986198,-74.24120438930541,,,3,card,high,4.861611312625694,32.88101859173347,29.011080010983395
2024-01-09 03:53:00,40.864823731783595,-74.17960025189481,40.84358695217296,-74.16133013077027,1,card,medium,2.817355748250911,11.119597138739262,15.337681458104232
2024-01-09 04:02:00,40.67669502575496,-73.77399727784734,40.68946418095082,-73.80218757394357,2,card,high,2.768836461642771,11.671224284248837,16.792110435510438
2024-01-09 04:11:00,40.68329085025938,-73.96654440199826,40.65603612549019,-74.00293569119151,2,card,medium,4.313292554875907,10.44348632291225,19.890828375873078
2024-01-09 04:19:00,40.877273647153835,-74.01063033610825,40.92,-74.02585139637846,3,card,medium,4.92018286887463,14.573563847836779,21.783848454510206
2024-01-09 04:28:00,40.5881499208795,-74.0639948419541,40.58,-74.01491510211413,1,card,high,4.2425650781789255,23.847409190354234,24.565496979730376
2024-01-09 04:37:00,40.75695553088086,-73.89870572554848,40.81985913991685,-73.84554266693513,1,mobile_wallet,low,8.30397769134557,17.88608427748151,25.469955631468046
2024-01-09 04:45:00,40.737649742991714,-74.18795766728789,40.69043301668792,-74.22105277408855,1,card,medium,5.945226552103987,15.700581430635904,23.054016238099287
2024-01-09 04:54:00,40.81464310165668,-74.11917376749714,40.80146231429948,-74.0984489682386,1,cash,high,2.2782879268980447,10.89218420789876,15.079916984280173
2024-01-09 05:03:00,40.63555317805081,-73.9254899189715,40.698552988416616,-73.92577844785099,1,card,high,7.005301560524408,45.51645153690225,40.668540325587934
2024-01-09 05:11:00,40.807232451870355,-74.01567717406154,40.81480029198551,-74.06104777122341,1,cash,low,3.9100181937392238,7.001323415980388,12.510363628198817
2024-01-09 05:20:00,40.70808956267746,-73.86725280513086,40.81030553005871,-73.88062115822711,1,cash,medium,11.421532198228014,28.251927763210468,42.120025823694874
2024-01-09 05:29:00,40.79036302457768,-73.8024739795821,40.77825170436197,-73.859364518042,1,card,low,4.975558453083059,8.360086282398452,18.69977613707139
2024-01-09 05:38:00,40.59363230335674,-73.84007997840096,40.605199231739974,-73.78774249272908,1,card,high,4.602124045111976,53.754923277467086,36.41258400389849
2024-01-09 05:46:00,40.736987247042734,-74.16605406572702,40.82271896428493,-74.09619282380754,1,card,medium,11.20169856453345,22.569341996018988,42.57229869411278
2024-01-09 05:55:00,40.75756530395401,-74.21335017988125,40.689438759200605,-74.23182596855209,1,card,medium,7.733674900562603,23.09598631538845,31.821095183010225
2024-01-09 06:04:00,40.652870976970696,-74.17358529372203,40.58,-74.20279386278652,1,cash,high,8.469642944565285,70.04260991312759,50.07235986561212
2024-01-09 06:12:00,40.6274720424209,-73.86039934728389,40.591674174446474,-73.8129425975897,1,cash,medium,5.647410529414202,12.203222093364165,21.241501751730006
2024-01-09 06:21:00,40.644081263024184,-73.79394614435871,40.68068303405048,-73.75,1,cash,medium,5.504958603541398,11.32662909341139,20.410446987105527
2024-01-09 06:30:00,40.69700796654154,-73.78802107747103,40.6245646632916,-73.83816959055619,2,card,medium,9.098436867954648,23.09339313925659,33.54950284955242
2024-01-09 06:38:00,40.61291545076369,-74.10790994742108,40.63978265830898,-74.11457195751495,2,cash,medium,3.0399415742379303,9.884443642136707,10.81704463781606
2024-01-09 06:47:00,40.902088730548066,-73.83142589721308,40.92,-73.83407812466729,1,cash,medium,2.0040738918712635,5.648184306254326,10.778650506058504
2024-01-09 06:56:00,40.717697980908575,-73.98651987713873,40.808345541402666,-74.02120480945321,1,card,high,10.494316706170256,61.40690532338176,59.73393750264659
2024-01-09 07:05:00,40.855049664852295,-73.84037615734242,40.902096486500355,-73.82300698110848,1,cash,low,5.431361623254328,7.527783954533858,18.96040157513135
2024-01-09 07:13:00,40.91130182185701,-73.9803339303862,40.92,-74.01183147046497,2,card,medium,2.8178389372129753,5.480646108227089,15.302655135807882
2024-01-09 07:22:00,40.60744999520093,-74.18559445791266,40.66861097728281,-74.2099061914537,1,card,medium,7.103450111886246,19.283816384282616,30.91912774805065
2024-01-09 07:31:00,40.801567619097895,-74.21959802895273,40.82581829644806,-74.2241584517953,1,cash,low,2.7237270257321065,2.22706743378696,11.42258818767262
2024-01-09 07:39:00,40.876279089492016,-73.77181823390323,40.85557593703379,-73.83882603660338,1,card,high,6.086833978052156,38.086861540578255,34.553969360848626
2024-01-09 07:48:00,40.79563970754869,-74.0428406962199,40.74413244758149,-74.13538109336885,2,card,medium,9.671286157592872,28.424261037633027,38.70255003245367
2024-01-09 07:57:00,40.72586888126152,-74.08123447110238,40.70024742909533,-74.03991221460365,1,card,low,4.499626524549893,7.642420722011663,15.997746371528164
2024-01-09 08:05:00,40.7265659615969,-74.07828542676816,40.72476263724228,-74.1115999657782,2,cash,medium,2.814508521746049,6.134970632910996,11.851330383964493
2024-01-09 08:14:00,40.5922056212425,-74.06674345014751,40.600081449483234,-73.97067456641139,1,card,medium,8.15842562707369,17.37536622399189,29.351988180663206
2024-01-09 08:23:00,40.76176425543835,-73.77805161777388,40.665680453524445,-73.75,2,card,medium,10.94250234043296,29.700550557996653,41.40861058746401
2024-01-09 08:32:00,40.91780461890753,-74.22802066042439,40.90792440383595,-74.25081219840175,6,card,low,2.2079261330730406,2.0055929237099823,12.317580537513425
2024-01-09 08:40:00,40.90596055883046,-74.19927874343503,40.90724673846018,-74.09402135863381,1,card,low,8.846847155416457,14.230508534796114,27.302541348829486
2024-01-09 08:49:00,40.593735737806334,-73.85727772710426,40.61837492282593,-73.81508687328181,1,card,low,4.493568636829168,5.418606550714534,14.868017523355816
2024-01-09 08:58:00,40.81997098123403,-73.97980115941652,40.893177020946816,-74.00884028054897,2,cash,medium,8.498616848113537,22.919503083432076,33.15073748706121
2024-01-09 09:06:00,40.68260005467695,-74.19444625343992,40.69095446377199,-74.26,2,cash,medium,5.604844286836701,12.390554315864875,20.517377810425792
2024-01-09 09:15:00,40.88701631215809,-74.24242533024305,40.84608598272694,-74.21145834905104,1,cash,medium,5.243533615765118,11.646412541863674,19.563321187681975
2024-01-09 09:24:00,40.59533901354115,-74.1456404823776,40.58,-74.14423216800795,1,cash,low,1.7097612836517384,2.349494277648679,7.755934793918863
2024-01-09 09:32:00,40.89819719468377,-74.12698652376777,40.92,-74.1075752524093,5,card,medium,2.922064146305098,6.196548991019121,18.1958276626415
2024-01-09 09:41:00,40.864741752887845,-74.25275135491694,40.82563282171136,-74.26,1,card,medium,4.391251855435559,13.364331940598676,20.57179756431239
2024-01-09 09:50:00,40.619951489965885,-74.14979382544803,40.65895915393815,-74.20126738732498,4,card,high,6.138149555475943,83.77254372447094,51.32030661460698
2024-01-09 09:59:00,40.60034027468788,-73.88345734215427,40.6632241815352,-73.90267354205322,1,card,low,7.177940733144335,13.182900274901145,25.399709334508675
2024-01-09 10:07:00,40.86380060587116,-73.82372881828513,40.7943172414021,-73.7919301404176,1,cash,medium,8.176317013775204,21.20877658929609,31.182421046125846
2024-01-09 10:16:00,40.632957608131356,-73.80189972681744,40.65788277327551,-73.81784661834928,4,card,medium,3.0808594419340483,6.549541944282129,16.674408767978267
2024-01-09 10:25:00,40.7618653720118,-74.0611438433518,40.82003338047707,-74.07736264693222,1,cash,medium,6.610532877980029,17.751838598711597,24.91428896072454
2024-01-09 10:33:00,40.891353251678765,-74.09709899978918,40.92,-74.16547141875178,1,card,medium,6.569871359783112,18.03095556488401,27.168806908304433
2024-01-09 10:42:00,40.772932358606774,-73.75007096741398,40.6785952839458,-73.75,1,card,low,10.48980580148276,20.01751208748664,35.173465861002136
2024-01-09 10:51:00,40.71505932250076,-73.86763637002998,40.67664498048504,-73.91767330739692,1,mobile_wallet,low,6.003376580611562,11.061320189067938,18.444010832748187
2024-01-09 10:59:00,40.731305458650354,-73.98595043873715,40.67369733589158,-73.94461675975073,1,card,high,7.292044965909389,33.86544866485729,41.954359808328626
2024-01-09 11:08:00,40.60145983803932,-74.1300665693284,40.62501611202094,-74.16310110983876,1,card,medium,3.82575921178572,10.315565127552052,16.466062598464013
2024-01-09 11:17:00,40.909375789262945,-74.0961342190286,40.92,-74.1094409031009,1,card,medium,1.6266048377635627,3.8079835437971767,11.156031369520454
2024-01-09 11:26:00,40.685622422927565,-73.99716418209701,40.58,-73.89978492163851,1,card,medium,14.333989966703898,32.827695297703364,52.001390198512546
2024-01-09 11:34:00,40.64438358716877,-73.98353771090672,40.63084616420902,-73.99733355092825,1,card,low,1.9028940159095824,5.301720504366877,9.424176478967428
2024-01-09 11:43:00,40.67725608262573,-74.25302389142043,40.71328847499108,-74.26,4,mobile_wallet,medium,4.0495552153093755,9.534281358706748,14.440594483957668
2024-01-09 11:52:00,40.90788688626311,-73.77070595651155,40.914545805868194,-73.75,2,cash,medium,1.8909728790001792,4.018760437245001,12.127538932182828
2024-01-09 12:00:00,40.61205725818592,-73.96644081385071,40.61863926956342,-74.04677759495087,1,cash,low,6.820427391914245,10.707791452193984,23.082299452629442
2024-01-09 12:09:00,40.8748830337704,-73.95952929535135,40.85845831786806,-73.90324287587131,5,cash,high,5.0732328630709915,23.149577499505426,24.30296147759778
2024-01-09 12:18:00,40.82066692409649,-74.15214972178556,40.773014581748136,-74.10742241983006,1,card,low,6.5001421709073615,9.392950618157151,20.3384213683748
2024-01-09 12:26:00,40.86220652091407,-73.86985653881136,40.861439008839,-73.846256210292,1,mobile_wallet,medium,1.9865169880908708,4.179969591055553,8.197512636920303
2024-01-09 12:35:00,40.911805163725084,-73.88399509475316,40.91414936903067,-74.0359644819596,1,card,medium,12.772734073893783,30.94076210161122,45.63307970665379
2024-01-09 12:44:00,40.866332582875735,-74.21146943356358,40.89401903629072,-74.22314295999499,3,card,high,3.231241308390271,13.443790008971437,16.62342263362023
2024-01-09 12:53:00,40.900749999434474,-73.95655287014745,40.92,-74.01383185031769,1,mobile_wallet,high,5.267858289049858,54.0102782122498,33.84175518735749
2024-01-09 13:01:00,40.623157987308915,-73.92432118988177,40.62702175117126,-73.87373638460359,1,card,medium,4.290689770714716,12.663638967592146,20.317892440179083
2024-01-09 13:10:00,40.85056811215677,-73.83386023096732,40.89983898856309,-73.7864949820408,4,card,medium,6.773135686228893,13.856890484491355,25.515340260248674
2024-01-09 13:19:00,40.765529735987556,-74.15489349875197,40.748658125921445,-74.13743305370959,2,cash,high,2.383772801520732,16.01679718876362,16.457737041759543
2024-01-09 13:27:00,40.76478850232715,-73.81240625362874,40.69980739668256,-73.86654625750003,2,card,medium,8.545121479627195,21.11726279001607,32.853532583824204
2024-01-09 13:36:00,40.885633335948974,-74.02464465342914,40.9071007510728,-73.95740141395551,2,card,low,6.135319889688591,6.088725084082666,18.959805801833227
2024-01-09 13:45:00,40.91041329833988,-74.21077295415412,40.916100378287396,-74.22257470541,1,card,high,1.1761691418464895,5.118908272821763,9.52306463768625
2024-01-09 13:53:00,40.81964502983468,-74.20613317702946,40.84200694804028,-74.12489147901893,1,card,medium,7.273489641962415,21.738150441450607,27.745810152983452
2024-01-09 14:02:00,40.744199052420406,-74.15911972862669,40.687298741747675,-74.14717731061788,2,card,low,6.4065849441358225,11.037207560024386,23.62779568419415
2024-01-09 14:11:00,40.73517731168663,-74.1157971399475,40.815763135674125,-74.09299077909625,1,card,high,9.164210195810158,52.98153713570031,52.79419488719264
2024-01-09 14:20:00,40.71135609545588,-74.0068330397255,40.74332870407075,-74.02754673703082,1,card,high,3.960558896422188,24.6675675511698,26.854370631126386
2024-01-09 14:28:00,40.70294367005471,-73.87813688915027,40.68998380995975,-73.81482388815009,5,card,low,5.528724714920012,8.546269698143494,21.37474432126296
2024-01-09 14:37:00,40.713112326172705,-74.1647697899701,40.671016934604296,-74.13739026517688,1,card,medium,5.219050275541653,12.482961202670237,21.206932070613494
2024-01-09 14:46:00,40.610516099985404,-73.75374758480524,40.65898800345485,-73.75,1,card,low,5.399098830650656,7.9105477787610265,17.301593970766387
2024-01-09 14:54:00,40.60632826898855,-74.17762381479714,40.58,-74.16963446086253,1,card,high,3.004285849781014,18.159200481747426,22.14470909111101
2024-01-09 15:03:00,40.84515574691659,-73.9543172364617,40.92,-73.95643397612821,2,card,high,8.324203559883726,68.75712383287534,50.813161548581355
2024-01-09 15:12:00,40.731664783592876,-73.78624037770561,40.70407056129741,-73.75945952037516,5,card,high,3.8090576766152617,24.099788181336116,24.711871962298126
2024-01-09 15:20:00,40.896432726105175,-73.83542121433283,40.92,-73.77050689142372,1,card,low,6.05196974149945,11.20822837007898,22.14489210412419
2024-01-09 15:29:00,40.788155142921944,-73.9295765071518,40.77985382259367,-73.88382346332602,1,cash,low,3.9611954735791843,4.201686244831388,14.743385845134648
2024-01-09 15:38:00,40.5919598339427,-73.89509857163664,40.66309343583961,-73.88887850031469,2,card,medium,7.927094852091716,21.377973931069,31.4439282575789
2024-01-09 15:47:00,40.63355793604794,-74.19155513038027,40.60048885324075,-74.26,1,card,low,6.8480953228545856,11.004245534588158,21.972724206953888
2024-01-09 15:55:00,40.64997872962442,-74.25507184258228,40.650826366659025,-74.21860447081058,1,card,low,3.0779559054347314,4.12752530916965,11.593353763216015
2024-01-09 16:04:00,40.911750248292485,-74.0385841199762,40.92,-74.10332583586164,1,cash,low,5.5168458319428115,9.277830961463689,21.729109302764222
2024-01-09 16:13:00,40.65435943689155,-74.21434534756747,40.68415290804287,-74.21277008854062,1,card,medium,3.315545747900406,6.93921167808714,15.264604915389306
2024-01-09 16:21:00,40.75535692993794,-74.07754619342447,40.804891212452546,-74.08275567185615,1,cash,medium,5.525398909525929,16.883362360198614,25.436813305081674
2024-01-09 16:30:00,40.89830015675767,-74.14589117527943,40.8763639115916,-74.20969075701738,2,cash,high,5.891820501103719,26.480272662403237,28.19248927608007
2024-01-09 16:39:00,40.912245528170885,-73.79266317158582,40.916061904949125,-73.7759005325415,1,card,low,1.4710859008055133,1.9094092427500913,9.93379186822022
2024-01-09 16:47:00,40.660362548030406,-73.81117144050589,40.71654003395032,-73.75,2,card,high,8.100765321174752,48.300784843457926,42.39749836361911
2024-01-09 16:56:00,40.59669999887501,-73.84233914724919,40.58,-73.8564063961523,1,mobile_wallet,medium,2.204382865906728,3.68085597522046,7.861964683774488
2024-01-09 17:05:00,40.63222462306284,-73.89588840780887,40.657988970813165,-73.86142382300028,1,card,medium,4.081989870828047,11.545210961225962,21.48059729757326
2024-01-09 17:14:00,40.60153168275887,-74.18142331615695,40.59166947196887,-74.07541727341356,2,card,medium,9.01717101870534,18.909036198043623,32.33426378918179
2024-01-09 17:22:00,40.6463422419714,-74.23533261263844,40.65560657676761,-74.19651501778304,1,card,high,3.432963443197349,15.639889892566805,18.377204187492893
2024-01-09 17:31:00,40.77331370299927,-73.9265171924941,40.77711846273792,-73.9555351413387,1,card,low,2.4798242429155084,3.2064440701402455,13.472376359513719
2024-01-09 17:40:00,40.89023259074052,-73.9324483500407,40.85475984895519,-73.92178268421517,1,cash,high,4.0450509615264165,26.163741083224927,23.447288648811767
2024-01-09 17:48:00,40.76265442045607,-74.07159361477522,40.75092322681056,-74.0499585065353,2,card,medium,2.2410624001531736,5.429307950784181,15.703826241388581
2024-01-09 17:57:00,40.79283644927769,-74.01892980011785,40.79935840062114,-73.95440820912052,2,card,medium,5.479562027580271,13.928336331558912,22.400896256237566
2024-01-09 18:06:00,40.648634865547244,-74.01053381199863,40.6440122856052,-73.9559015466699,1,card,high,4.637818436760849,21.550047032311145,24.97255221782317
2024-01-09 18:14:00,40.85219843102911,-74.13763665229929,40.92,-74.26,2,mobile_wallet,medium,12.753439738266419,27.205678594572724,41.731783423953274
2024-01-09 18:23:00,40.7900482288919,-74.09977502792714,40.835496228948635,-74.13830423277597,1,card,medium,6.0043953661539495,13.408828319154612,571.5993433393348
2024-01-09 18:32:00,40.87380652192553,-74.04662132712161,40.88685564435774,-74.04977252963923,1,cash,medium,1.4749836929340658,6.637932074738444,7.710412780119018
2024-01-09 18:41:00,40.90260665638197,-73.9523786947451,40.868265078159595,-73.99806661255928,1,card,medium,5.416029370350724,17.794343183974913,21.984902444230965
2024-01-09 18:49:00,40.69828626375724,-73.77253220493112,40.66120522462183,-73.9390363250902,3,cash,high,14.633576919185622,58.349039027066844,60.362706108089114
2024-01-09 18:58:00,40.61079687990205,-73.98537284914529,40.69961837648967,-74.01802568109407,1,card,high,10.253416460530948,55.590658333022525,52.8162588814589
2024-01-09 19:07:00,40.6568158456917,-73.88710640613297,40.611371001068456,-73.88726888346991,1,card,high,5.053254763948432,25.993773007701602,25.804944675106743
2024-01-09 19:15:00,40.728866132329784,-73.84842943777826,40.73398981514656,-73.87206724850478,2,mobile_wallet,high,2.0716252038152136,8.803037514398348,9.33608978144387
2024-01-09 19:24:00,40.90153584162032,-74.20211085813264,40.91777853376601,-74.24697330461107,1,cash,medium,4.180306777307562,10.701278865271995,18.249732821720706
2024-01-09 19:33:00,40.70862533960696,-73.92690641954749,40.69461577529021,-73.92504051143217,1,card,high,1.5657134637039098,25.035657092979125,17.11394287861993
2024-01-09 19:41:00,40.842062892646226,-74.01412353267024,40.796963723240246,-73.9986845647839,1,mobile_wallet,low,5.180354216448676,10.786289917904567,16.15575364693608
2024-01-09 19:50:00,40.76376207533806,-73.96806021945358,40.728441726582766,-73.98914708958202,1,card,medium,4.310502779029614,8.37111030348196,18.37318122957526
2024-01-09 19:59:00,40.64215498194653,-74.2404073627578,40.61756225684285,-74.17867889074648,1,cash,medium,5.8833681178172865,15.10025957260202,21.71100718318731
2024-01-09 20:08:00,40.68904960044417,-73.79782997436084,40.65712242133477,-73.79523282564627,1,cash,medium,3.556890567178749,6.289729216270626,16.137827897807874
2024-01-09 20:16:00,40.80208524090776,-73.77408008371653,40.861832658600896,-73.81329819885009,2,cash,medium,7.417857992301443,16.265769491068642,26.361244662970545
2024-01-09 20:25:00,40.808770154192864,-74.25822421892086,40.808359484486594,-74.26,2,card,high,0.1562758155901313,1.354596677462518,6.843544066877995
2024-01-09 20:34:00,40.72781831391507,-74.15147628805883,40.70424726436343,-74.16105992920546,3,cash,high,2.7426159911848282,9.8433257486317,19.18472021184556
2024-01-09 20:42:00,40.657739504905116,-74.16810097140844,40.66255261687914,-74.11799704199925,1,cash,high,4.260073838932353,25.141210699797288,22.96074221039438
2024-01-09 20:51:00,40.825448305034314,-73.86153469618728,40.855506320772584,-73.89860068809872,1,card,high,4.570934784621697,16.759406127067198,22.075207136526775
2024-01-09 21:00:00,40.63741683414832,-73.95497916985298,40.62190894737573,-73.92816459307312,1,mobile_wallet,high,2.84502050283334,12.295597597371552,11.092300796033275
2024-01-09 21:08:00,40.898467695234146,-74.16955983171867,40.92,-74.16530477076803,1,card,medium,2.420836949794611,5.726269843425661,14.13518884926255
2024-01-09 21:17:00,40.6438872168724,-73.84487481278738,40.58668561202636,-73.75517932915967,1,card,low,9.888191331682311,16.52605130549412,33.057924397144205
2024-01-09 21:26:00,40.61648620336305,-74.07972781537907,40.66919486680829,-74.06216649951435,1,cash,high,6.0453293375975115,49.12833634732923,38.154266255560074
2024-01-09 21:35:00,40.749200218804226,-74.02496299309053,40.74879736351448,-74.05638317386469,1,card,low,2.647172676607428,5.423214059256348,15.52281611448283
2024-01-09 21:43:00,40.7566468633573,-74.06247363128648,40.75448630752847,-74.02933700249207,2,cash,medium,2.801429471888136,8.027883445177167,12.810039491662
2024-01-09 21:52:00,40.752785591024605,-73.99409609471498,40.72159994642369,-73.95944510512466,1,card,low,4.533006886070307,9.146069203095958,22.996586358748264
2024-01-09 22:01:00,40.72846694637521,-74.01512734089735,40.6732136905021,-74.03299283645066,4,card,medium,6.325779221031061,14.3392790247051,27.37848176757905
2024-01-09 22:09:00,40.91823706356207,-74.11996215864215,40.84323682645037,-74.172341965337,1,cash,medium,9.430897481558931,24.845022703608127,35.56506528238365
2024-01-09 22:18:00,40.745335408307994,-74.04347642087815,40.71101045820525,-74.01935483727296,5,cash,medium,4.324250874425773,12.326680054583845,17.6603291671744
2024-01-09 22:27:00,40.74250183745154,-73.7967480535743,40.76894713237865,-73.79388987061988,1,cash,high,2.950421056745947,19.46421244839084,18.927852486872894
2024-01-09 22:35:00,40.72340046132295,-74.00352399039559,40.68014293231924,-74.07176874452378,1,card,low,7.4988287707814605,12.849002961838183,26.816096038597376
2024-01-09 22:44:00,40.602720756598494,-73.7926429306846,40.58,-73.78118948573001,1,card,low,2.7052093407610776,3.3831939519460557,13.323651109674278
2024-01-09 22:53:00,40.78160525459087,-73.97943520561284,40.74069731560317,-74.0080998860238,1,cash,high,5.149727479340114,30.69176696230197,29.44774806426628
2024-01-09 23:02:00,40.65750904255588,-73.86790318043528,40.64019154326819,-73.93610527231908,2,mobile_wallet,low,6.067563164129133,10.62769798526273,16.86650925537803
2024-01-09 23:10:00,40.796787053277875,-74.11026843207355,40.78123949825807,-74.12611366752603,1,cash,medium,2.183638696171329,2.799822319314542,9.868736390936133
2024-01-09 23:19:00,40.59728337706248,-73.85688912007735,40.591483196191554,-73.79915777703805,2,card,high,4.916982247302003,22.52224890521424,25.51195229182731
2024-01-09 23:28:00,40.91367161442602,-74.12519597737766,40.92,-74.0708332098737,1,card,medium,4.621751942922929,9.230765446753075,16.404755194768914
2024-01-09 23:36:00,40.739461726864306,-74.25002951446208,40.79567817657842,-74.20742566987175,5,card,low,7.2074778636180215,10.34232385415207,19.763060334876112
2024-01-09 23:45:00,40.88489682634084,-74.17802823897938,40.92,-74.16591275892523,1,card,medium,4.033919759124028,11.610614794152768,19.444196720987915
2024-01-09 23:54:00,40.7416907988992,-74.24895703373366,40.66856996964776,-74.22214615958268,1,card,high,8.438917008845785,34.32422802292116,41.85105878567714
2024-01-10 00:02:00,40.60051247831523,-73.77699805263538,40.58,-73.77255904646887,2,card,medium,2.311476800825973,6.003425061389244,9.888445965627518
2024-01-10 00:11:00,40.859552605671894,-73.75001171958698,40.89098443773958,-73.79973900676663,1,cash,medium,5.449418758606436,13.0352851743445,21.43484125634032
2024-01-10 00:20:00,40.80038246808682,-73.87126256555405,40.7799510633882,-73.9120101510024,1,card,low,4.114486697283798,8.072432814068922,16.59280530291117
2024-01-10 00:29:00,40.84579739617514,-74.2048546364867,40.884532787318356,-74.2321777781368,1,card,high,4.881693878389093,27.605237655868343,25.84301551928144
2024-01-10 00:37:00,40.725577753593015,-73.80153781523035,40.734897857948184,-73.75,1,cash,low,4.4646462695508475,6.475253782521872,16.29202729476382
2024-01-10 00:46:00,40.79689849304386,-73.88067414653429,40.867962682495516,-73.83222306363388,2,card,medium,8.891439372016723,22.320427417881845,35.90096275440079
2024-01-10 00:55:00,40.87111786129085,-74.09055529714495,40.91804008641782,-74.13914978749466,1,cash,low,6.626165338487792,10.436812314879548,22.87618547004087
2024-01-10 01:03:00,40.79456225057644,-74.00383826497745,40.842307998771595,-74.00143566478371,3,cash,high,5.3129332831178875,30.956903409237267,31.05237108299462
2024-01-10 01:12:00,40.69820903584421,-73.9225027359564,40.67967481345299,-73.94062005738027,3,cash,medium,2.5653039222953535,6.398711570648835,14.322999056923477
2024-01-10 01:21:00,40.80526006208451,-74.24773425740663,40.800874324015936,-74.25471378167516,2,cash,low,0.7635062192452163,1.0,3.9001237371161874
2024-01-10 01:29:00,40.80843042412879,-74.00421413482906,40.79469401853826,-74.02833606168191,1,cash,low,2.5407670569472858,1.1228081661545635,10.28552815279529
2024-01-10 01:38:00,40.90659956725226,-73.88647832903996,40.83883442078801,-73.82322220601368,1,card,high,9.22316279378202,71.67562763254499,-56.142676282717915
2024-01-10 01:47:00,40.706110189324164,-74.16400506033287,40.77233980582146,-74.16485585449219,6,cash,low,7.364746184518828,9.822262108080292,25.003252622668686
2024-01-10 01:56:00,40.7245278009548,-74.03366680752555,40.75807022985275,-74.0239397513185,2,cash,medium,3.8187146601035002,12.484152333515668,16.17925825611441
2024-01-10 02:04:00,40.8561218068036,-73.98840963411568,40.840595586219955,-73.97831801483969,1,card,medium,1.9238247965524051,4.025617896217068,10.660718956726257
2024-01-10 02:13:00,40.75195918701253,-73.8848616603008,40.81066584984823,-73.93111131817405,3,cash,high,7.601143596019452,47.55210184595776,38.68100137096893
2024-01-10 02:22:00,40.83043485165935,-73.76812860749551,40.80206830755573,-73.76324369109268,1,card,medium,3.1808907417439856,10.659711226620717,17.000887841006513
2024-01-10 02:30:00,40.736301217914225,-73.82737947051781,40.653585166833736,-73.7795752135374,2,card,high,10.041849912374603,44.57866439432332,48.76568414572847
2024-01-10 02:39:00,40.653268348216315,-73.94302560568272,40.69859998709653,-73.87675451133609,1,card,low,7.526080365616151,12.78190291643376,24.57050890110896
2024-01-10 02:48:00,40.83336930654554,-73.96234325583426,40.77583409605532,-74.01399492938162,2,cash,medium,7.73496624436023,17.178637605329865,29.160738787690637
2024-01-10 02:56:00,40.6245927575228,-73.95237478653294,40.61578286156972,-74.02071184221543,2,card,low,5.85035693616663,8.1203075927936,19.821700704876225
2024-01-10 03:05:00,40.647518445600646,-73.98195889224351,40.656793982435914,-73.97916283614164,1,card,medium,1.058021513943196,2.4389854247438087,6.37409799958744
2024-01-10 03:14:00,40.793120494146635,-74.22972493106795,40.81046643465988,-74.17981149015988,1,card,medium,4.622891216189651,11.555479026242912,21.603466135432882
2024-01-10 03:23:00,40.834071732065304,-73.90386883876002,40.872249779594476,-73.88768699831725,3,cash,medium,4.458036004355984,9.938459540813106,14.368957143035463
2024-01-10 03:31:00,40.88419388153506,-73.8946682319339,40.910332195717096,-73.86405490851031,2,mobile_wallet,high,3.881766480798796,20.011054032977082,17.865263509540743
2024-01-10 03:40:00,40.6726794091214,-73.99863501524382,40.69742457281669,-74.05984622118461,1,card,high,5.848933124806032,28.126333637471767,30.50475126403894
2024-01-10 03:49:00,40.617646247924185,-73.8161023212447,40.58206241773164,-73.84184175803685,5,card,medium,4.5142235339912045,9.670666195032078,16.51146009016597
2024-01-10 03:57:00,40.905055864237696,-73.9170572305941,40.91829682431474,-74.01588228435477,1,cash,medium,8.433996247472548,23.04728273671884,32.36014170116254
2024-01-10 04:06:00,40.632503849927524,-74.07504102449292,40.58,-74.08145298670898,1,card,medium,5.863201378533451,11.471263466846812,21.877992118129082
2024-01-10 04:15:00,40.64720677396657,-74.2499558796647,40.71750297039695,-74.26,5,card,high,7.8623313444726985,29.425307520533437,39.26007655926535
2024-01-10 04:23:00,40.67905201420988,-74.22982756028618,40.61593659713806,-74.16985778370336,1,cash,low,8.651717675335272,13.633285024861856,28.576237444997656
2024-01-10 04:32:00,40.759993060368934,-74.0805828865627,40.7444032676249,-74.0106159205068,3,cash,medium,6.143290962771143,18.560584550579645,24.848348101336654
2024-01-10 04:41:00,40.88016069245159,-74.02432628414867,40.82081135169538,-74.01799732700589,3,card,medium,6.62078058691383,18.219392021798097,23.638985213973626
2024-01-10 04:50:00,40.83858564772815,-74.1748957290507,40.8057281648642,-74.24296151889621,1,card,medium,6.7935595832798645,17.711296845743146,26.608708286861354
2024-01-10 04:58:00,40.8207735683065,-74.16344256372446,40.82137784700094,-74.14653549429836,1,card,medium,1.42426972261666,2.87080959825889,8.662343569610986
2024-01-10 05:07:00,40.63956139307104,-74.14259220702255,40.61576727863782,-74.0589312418918,2,mobile_wallet,low,7.539790077684218,12.53545573106966,22.9234351006368
2024-01-10 05:16:00,40.70161209471883,-73.8619381968161,40.75310317633539,-73.84053009933018,1,cash,low,6.003017386236892,11.24547483966775,20.49201720226602
2024-01-10 05:24:00,40.74265767486947,-73.8666432011146,40.75286822058779,-73.8133189215425,1,card,high,4.633308384224956,25.279293613209592,26.612170470844383
2024-01-10 05:33:00,40.630124824185096,-74.06470111743897,40.60929388636981,-74.0865335564653,1,mobile_wallet,low,2.959862689004067,5.047559240187945,11.274564437243894
2024-01-10 05:42:00,40.672966098723066,-74.17209416539197,40.666954911874235,-74.21129861754447,1,card,medium,3.3733371866422983,10.433586514327423,18.46924346881925
2024-01-10 05:50:00,40.68483328934396,-74.20343672361764,40.73971980991148,-74.20662551402997,1,cash,medium,6.109017739734763,15.859869637506248,25.549119966176068
2024-01-10 05:59:00,40.62327390743187,-74.21556405085595,40.66417309717967,-74.26,1,cash,medium,5.8939294772600554,11.980055490431832,22.369337795179167
2024-01-10 06:08:00,40.76708149524881,-74.06044758204132,40.715836805018114,-73.9585635967822,2,cash,medium,10.302722305658174,29.034205237823883,38.34729564803886
2024-01-10 06:17:00,40.81970958681823,-74.23677335900624,40.789080259681946,-74.23048910691462,1,cash,high,3.4466537676839253,15.155436777683652,18.322445416910977
2024-01-10 06:25:00,40.60377675470213,-74.08984613106557,40.625142296542926,-74.05084134811905,1,card,medium,4.060012449119327,8.273028451589228,17.121203749111082
2024-01-10 06:34:00,40.74358185459947,-73.76961804630402,40.75948335097068,-73.79038593008185,1,card,low,2.4873242263016473,4.935448434017722,14.04104951785618
2024-01-10 06:43:00,40.84595180639105,-74.00117264603888,40.7986846370281,-74.0706115326825,2,card,low,7.859046722390808,8.609824837704327,24.29435644665334
2024-01-10 06:51:00,,,40.86802734036263,-73.7762895576334,1,cash,medium,6.5706927096693715,13.71270892489395,25.188147121565812
2024-01-10 07:00:00,40.85712485271438,-74.19407436759334,40.81703551640599,-74.2446588802508,1,card,medium,6.162858663088578,12.579164244194184,24.05985932907573
2024-01-10 07:09:00,40.732401815278,-74.12327982097105,40.79107402010154,-74.10758207661043,2,card,high,6.656666219719977,42.767352638583944,38.64695445423086
2024-01-10 07:17:00,40.85898940809756,-73.77726131328255,40.88281462012879,-73.75732249677317,1,card,medium,3.135165090648464,7.725702856748457,12.961184775932571
2024-01-10 07:26:00,40.661856044212854,-74.06438853256365,40.610919443933795,-74.06106072389811,1,card,medium,5.670848112947083,13.029396241155602,22.524469588004777
2024-01-10 07:35:00,40.70267559088195,-73.92931287449136,40.6788671393161,-73.96461916511956,3,card,high,3.983678908115606,16.35404711436675,21.802130710127464
2024-01-10 07:44:00,40.63996089598205,-73.76217534262707,40.61537016832826,-73.76890879329325,1,card,high,2.7927864135095177,15.952802302660833,19.452120473068298
2024-01-10 07:52:00,40.73894474340572,-73.97909824427133,40.74613919586432,-74.02185053144323,1,card,medium,3.6895179876803534,8.24852164508869,15.685949123069797
2024-01-10 08:01:00,40.71330040762125,-74.10427356589335,40.70412144721069,-74.0678605697282,1,card,medium,3.23449594691779,6.830286120588195,12.846219688447189
2024-01-10 08:10:00,40.66191521958086,-73.98870628746445,40.61036821847868,-73.96298667572704,2,card,low,6.128878356866842,9.6061990955137,21.93713115465657
2024-01-10 08:18:00,40.83560544113847,-74.23213502834126,40.772863779558456,-74.23309813783067,3,mobile_wallet,medium,6.977025397572474,18.579155482702458,25.760572064257133
2024-01-10 08:27:00,40.68670790251796,-74.20269136421273,40.71141395256586,-74.228267180439,1,cash,low,3.492242827456836,4.408707377577496,11.749581980011332
2024-01-10 08:36:00,40.67275347224958,-74.25634273642335,40.68563413115497,-74.16151343093316,5,cash,medium,8.12392416521509,28.52175178214593,32.351636653612324
2024-01-10 08:44:00,40.62450271248917,-73.80905287880185,40.6292519025634,-73.86764575817875,2,mobile_wallet,high,4.972956928022374,30.663042063539386,26.00247542443705
2024-01-10 08:53:00,40.72919937861266,-73.91764698126121,40.741382312265884,-73.98715457061995,1,card,medium,6.011069581310857,19.659731284976083,26.104165930599947
2024-01-10 09:02:00,40.683007973804685,-74.1078518197823,40.65515661216606,-74.11154208891055,1,cash,low,3.112530215112787,4.2299006963860535,12.179606491125252
2024-01-10 09:11:00,40.70555276605593,-74.14720767620427,40.71383242215581,-74.15881980589997,1,card,low,1.3437239417538043,1.7302972330694386,8.088398143739264
2024-01-10 09:19:00,40.66023906929099,-73.91163093340954,40.77447181971528,-73.86223972294559,1,card,high,13.366781867429323,64.31001743912184,64.36932989255278
2024-01-10 09:28:00,40.83947286653877,-73.7910386469595,40.892328386972395,-73.76196340648691,1,card,low,6.365533946955379,10.933006070029506,23.618021818435327
2024-01-10 09:37:00,40.89620113810061,-74.10743906356343,40.88322275780742,-74.10611041214923,1,cash,medium,1.4474454146224065,3.430521800661956,9.259525200434197
2024-01-10 09:45:00,40.74929682994822,-74.09600485421275,40.72574510132866,-74.07348965398587,1,card,high,3.233698826367345,13.574671959751457,17.59886969658338
2024-01-10 09:54:00,40.798619463935886,-73.82433723015117,40.66989969104876,-73.80263977147993,1,card,low,14.429267470299092,23.38812948195719,43.79925633985265
2024-01-10 10:03:00,40.87483857404628,-73.8043783338993,40.92,-73.75,1,cash,medium,6.790236884770394,19.88440421246058,24.301986219389256
2024-01-10 10:11:00,40.919602076693444,-73.79384135091681,40.92,-73.78243999834451,2,card,low,0.9589846796841147,1.0,4.978613180319617
2024-01-10 10:20:00,40.788595604808144,-74.11049135391659,40.7641233461907,-74.14113982488716,2,cash,medium,3.750335009613158,8.234655443100504,13.983946762617947
2024-01-10 10:29:00,40.882525018623554,-74.19864059052587,40.81809817289408,-74.1897080410336,1,cash,low,7.20322790161578,14.399039026706859,24.55031893126444
2024-01-10 10:38:00,40.88892680382892,-74.03560123828075,40.83693976888539,-74.15344181187791,3,card,low,11.472515438061695,18.80249525668373,34.63576606269398
2024-01-10 10:46:00,40.84909350585459,-74.109159918778,40.86909140966616,-74.11062905814192,1,card,low,2.227095286074593,1.0876230391574744,8.59871657661712
2024-01-10 10:55:00,40.73671667296486,-73.80922799992597,40.732696339950046,-73.7600437887262,1,card,high,4.168144204677149,28.162476525719462,26.3688668666471
2024-01-10 11:04:00,40.607592360144125,-74.2413161796802,40.63871400093645,-74.21421789433103,2,cash,medium,4.148020611719254,7.737826044256554,17.898951124522377
2024-01-10 11:12:00,40.585373888849645,-73.9367209604855,40.58926383007621,-73.92328593852145,4,cash,high,1.2141548411426522,6.910774535586998,-10.844379632913794
2024-01-10 11:21:00,40.742248215316195,-73.79784750346846,40.785752362761436,-73.76863174146779,4,cash,medium,5.427254544366717,22.770655255327608,-21.62239404462597
2024-01-10 11:30:00,40.74806694140177,-73.7618981129289,40.76469782271942,-73.75,1,card,high,2.10336449910803,14.568657699345877,17.2721531061204
2024-01-10 11:38:00,40.71850321187341,-73.928433394358,40.75579900398064,-73.86429789102958,1,card,medium,6.811600336761128,16.015841018939412,28.177010510741855
2024-01-10 11:47:00,40.773176899439065,-73.77553929191859,40.679141145947575,-73.75540377640557,2,cash,medium,10.593073816642784,24.5602768547907,37.203210775553394
2024-01-10 11:56:00,40.7677353191235,-74.22141367406122,40.71218976845112,-74.2356386886143,2,cash,medium,6.291582915005892,14.238807684658259,23.069664483917027
2024-01-10 12:05:00,40.86444843395112,-74.07676804354192,40.84805260880618,-74.18087653311711,1,card,low,8.943590453567516,13.513227886469156,29.766797159081598
2024-01-10 12:13:00,40.61694341510917,-74.25555550436337,40.66552401042968,-74.21153770014803,1,card,high,6.555494587373921,23.571667849880097,31.780059539462723
2024-01-10 12:22:00,40.65656040647588,-73.75959627618268,40.74118424414893,-73.75,1,card,high,9.444452989764667,58.96293595337248,52.31780251744599
2024-01-10 12:31:00,40.84962169284628,-73.79960949582899,40.84223108263887,-73.79273981889078,1,card,low,1.0046197448692105,1.3321606905920444,8.393646454130186
2024-01-10 12:39:00,40.868264534856046,-74.24569319631343,40.840743431981075,-74.26,1,cash,high,3.288271512600595,15.493008939141545,17.6782494659033
2024-01-10 12:48:00,40.9182402326311,-74.25075234826552,40.8302666481395,-74.2073205081152,1,mobile_wallet,low,10.441596986602352,16.676344093691668,28.476249965998885
2024-01-10 12:57:00,40.876790085571606,-74.07284555800575,40.9156504549549,-74.08442119716801,1,card,medium,4.429259171768657,13.867706625859189,19.434956789569124
2024-01-10 13:05:00,40.882565662404595,-74.12814563693665,40.85780708652084,-74.12969463193372,2,card,high,2.7561073365175646,16.8060415485979,18.78216380486077
2024-01-10 13:14:00,40.686878300494165,-73.82806453860633,40.82000336061528,-73.8305840251189,1,card,low,14.804352511571036,23.864372992162384,45.75705804126016
2024-01-10 13:23:00,40.716564955563186,-74.17815295433135,40.683291779161635,-74.15790962701391,1,card,low,4.074410502684954,8.499405197470479,17.132350356471253
2024-01-10 13:32:00,40.67114893563899,-73.85676877402257,40.76588631499772,-73.90845721451892,1,card,high,11.399470421755307,45.531221122872125,51.62753507230248
2024-01-10 13:40:00,40.786141795385525,-73.97722555300476,40.81981832764696,-73.95191071921893,3,card,medium,4.308432792942075,10.604581027094607,22.859878356918827
2024-01-10 13:49:00,40.8991938204304,-74.06753019658346,40.852921922460936,-74.09997017263983,1,card,medium,5.8234170617157375,14.670920087285815,22.484420043246114
2024-01-10 13:58:00,40.69717790141395,-74.18568292151598,40.70762437190291,-74.21654408832644,3,cash,high,2.8490750212703304,13.46798396619268,17.82622828014914
2024-01-10 14:06:00,40.76938060583969,-73.75117743396056,40.80409272953447,-73.75,1,cash,low,3.8610847737887726,8.65243746049619,15.579000400466484
2024-01-10 14:15:00,40.68074187435418,-73.94482707833002,40.67060552569094,-73.98960335907933,1,cash,low,3.940676112215786,4.618936657043449,13.80850316680807
2024-01-10 14:24:00,40.63773199108272,-74.03591506139033,40.67544121305757,-73.99616015334486,4,card,high,5.369186495900644,47.67781076145662,33.537174345321446
2024-01-10 14:32:00,40.64636308013834,-74.07072494615811,40.683081152309036,-74.0661634435462,1,card,medium,4.100950986964317,12.941615038005843,19.091531510431448
2024-01-10 14:41:00,40.59970141714296,-73.79807860237827,40.626536649669696,-73.87225105607742,1,card,medium,6.935649915569565,22.80290334901956,28.495296760992932
2024-01-10 14:50:00,,,40.902018496261014,-73.77979076449863,3,card,medium,5.1610807245484445,14.418031326989109,20.25272654447597
2024-01-10 14:59:00,40.71697906689259,-73.8462952479322,40.664106762873814,-73.83233383020534,1,card,high,5.995816364048346,35.981122759335456,34.14339785782377
2024-01-10 15:07:00,40.863601103280715,-73.94573877878918,40.86014576138433,-73.92800311482414,1,card,low,1.5401828600272396,4.798299905748756,8.397437330652608
2024-01-10 15:16:00,40.8116520207145,-73.80714214282514,40.81957493058171,-73.76181623884882,6,mobile_wallet,low,3.9147825724907688,6.8623213210233995,11.248546089482836
2024-01-10 15:25:00,40.64525319487977,-74.10736803021774,40.58,-74.03990309671248,1,mobile_wallet,medium,9.22375462069057,22.123721036854352,32.61776696874922
2024-01-10 15:33:00,40.63965716383689,-73.90110987106672,40.6472727530565,-73.892063660737,1,cash,medium,1.1400192752078224,6.35060169608246,8.782506607924269
2024-01-10 15:42:00,40.85607598851359,-74.05373165138013,40.85171993159713,-74.02595372186781,2,cash,low,2.3859631878770537,2.4333982313631886,9.945047821532556
2024-01-10 15:51:00,40.67000198161064,-73.95400060763455,40.61165380842532,-73.93729724075678,2,cash,medium,6.639329532072049,15.693742610329153,24.565327988070525
2024-01-10 15:59:00,40.890516962458676,-73.75094196968753,40.87553167487755,-73.7663710164891,1,cash,medium,2.111629983428828,4.602390741620249,12.126516766031607
2024-01-10 16:08:00,40.627618837594426,-73.75789236185558,40.61358575198688,-73.82914699548586,1,cash,medium,6.213106466247214,14.945580774050528,23.02227851213833
2024-01-10 16:17:00,40.81042092891452,-73.9985643016016,40.897275182921724,-73.98889280894191,2,card,low,9.691947452920775,13.12181690126967,30.232610073461053
2024-01-10 16:26:00,40.85692111785052,-73.96732963939594,40.8668264434285,-73.90527743701693,2,mobile_wallet,medium,5.333282039366516,15.107067007968189,16.976835948342067
2024-01-10 16:34:00,40.65998717206132,-73.80236589773997,40.70660920837048,-73.77611591438888,1,cash,medium,5.636895324144663,13.451408161981957,20.217638549602786
2024-01-10 16:43:00,40.67391050357523,-73.75732578661794,40.66860881487315,-73.80535983021188,1,card,medium,4.093719343493121,8.423642917222747,18.555925478377645
2024-01-10 16:52:00,40.90793642128733,-73.8629100206607,40.82361017802975,-73.81352155290669,1,card,low,10.255234247176757,16.69277963199984,32.74914837257662
2024-01-10 17:00:00,40.66996318581769,-74.2267559264411,40.700218569014666,-74.24068206977464,1,cash,high,3.5632849054214915,17.152406497113592,19.525102515708102
2024-01-10 17:09:00,40.72618539696602,-74.09545373548464,40.69656699413458,-74.18959489974691,2,mobile_wallet,medium,8.591145757853846,19.871392057507986,29.08098912837413
2024-01-10 17:18:00,40.72705530170241,-73.80275320664065,40.71195329585295,-73.75694753495743,3,card,low,4.209750293482561,7.916772554301543,15.11486878643309
2024-01-10 17:26:00,40.666031814976094,-73.86814022201625,40.618648108765896,-73.91068235010044,1,card,medium,6.3753097915422146,20.19565859288506,26.084900600298194
2024-01-10 17:35:00,40.84376896938861,-73.88146113377755,40.84704352326507,-73.80132835698724,3,card,low,6.750308098523523,10.39664537445691,23.97270437836919
2024-01-10 17:44:00,40.842428776697915,-73.91935915246125,40.89036180297092,-73.86770934943436,2,card,medium,6.8754261022747025,17.502996975586466,27.717519953159776
2024-01-10 17:53:00,40.70862812483609,-74.04821543668749,40.75060133971745,-74.05846640400233,2,card,medium,4.746467135627752,11.784117473650303,19.882626488079804
2024-01-10 18:01:00,40.86394276896745,-74.0543469266242,40.92,-74.03367573356526,4,card,low,6.470927593240996,9.444335276154488,22.835058306123166
2024-01-10 18:10:00,40.65244547769566,-73.8474444313287,40.73020365330359,-73.75,1,card,high,11.927132429764967,48.54039546217093,56.69706966331779
2024-01-10 18:19:00,40.58146396372701,-74.11017205119981,40.58,-74.06517173449714,3,card,medium,3.8038266478259475,7.873295814115771,16.324829145944427
2024-01-10 18:27:00,40.774196903098954,-73.9107357449225,40.72048397785714,-73.9000167438072,1,cash,low,6.040478013892281,14.125280253065124,20.54051879769204
2024-01-10 18:36:00,40.91798644263381,-73.88963365305378,40.83661782160912,-73.7596217233145,1,card,low,14.189648782370636,25.22444398137445,45.628883668427235
2024-01-10 18:45:00,40.59313906534114,-73.82927644542562,40.62157593380867,-73.82398529993257,1,card,low,3.193427611711778,3.7975823863273783,11.547439325380992
2024-01-10 18:53:00,40.65071934506088,-74.09685834873943,40.61953066478991,-74.07067668188988,1,card,high,4.111946590644304,24.64597479990105,24.647758085070492
2024-01-10 19:02:00,40.75643097844561,-73.88163647391252,40.73441786351263,-73.92376606742019,2,cash,medium,4.311356310172574,9.48239840984102,16.729251235731578
2024-01-10 19:11:00,40.85537985039126,-74.20569015223488,40.84563296595452,-74.26,1,card,high,4.694808982716898,18.51391403322044,22.83524439696647
2024-01-10 19:20:00,40.610274281725516,-74.18958851823453,40.6274899626896,-74.20253962137221,1,card,low,2.2044119099921966,4.158476447940371,11.281588285620943
2024-01-10 19:28:00,40.71437978227802,-74.04715861951156,40.64754033511773,-74.04543025571498,1,card,medium,7.43363628851346,22.05105159983116,30.07105011634467
2024-01-10 19:37:00,40.83400577221416,-74.23183485405883,40.777356916395625,-74.21701799276039,1,card,medium,6.421327919253914,20.260543105407063,28.363607009133446
2024-01-10 19:46:00,40.70632469085816,-73.77667385605268,40.70638302015206,-73.84056355315752,1,mobile_wallet,medium,5.385435684777668,8.38994823698042,14.836465994754445
2024-01-10 19:54:00,40.64420438296172,-73.80003313664022,40.69814795008867,-73.77030279214492,1,card,low,6.501225398388655,10.074724869149135,21.345756520299577
2024-01-10 20:03:00,40.64646858131484,-74.23504381528183,40.64532569816854,-74.26,4,card,low,2.1093630846945732,2.3084939641365767,10.402078703434476
2024-01-10 20:12:00,40.719416587551095,-73.83246102183494,40.6837919007639,-73.8050679756622,2,card,high,4.585211571809778,26.162559046793138,27.12891752221431
2024-01-10 20:20:00,40.743001805434005,-74.0004741712141,40.646332414818815,-73.95840247948613,1,card,medium,11.319232615596077,26.538715321716754,45.694453044136125
2024-01-10 20:29:00,40.873016902057444,-73.9019989269295,40.915887303385155,-73.91979683598186,1,cash,low,4.996197781803869,7.025148390547484,16.816684819520937
2024-01-10 20:38:00,40.798365822313116,-73.80766510365792,40.76524889809055,-73.85103695560997,1,cash,high,5.186119762662908,65.373071316645,41.2914419466982
2024-01-10 20:47:00,40.81473666453527,-73.96574301159038,40.76310200332644,-73.89627879230811,1,cash,medium,8.19540940725695,21.882258707314886,32.520308062013555
2024-01-10 20:55:00,40.91421563832221,-74.20067317885484,40.83702600313157,-74.16139213461138,1,card,high,9.19658518242858,45.721886478267066,46.66335353960767
2024-01-10 21:04:00,40.72002676970233,-74.25868490865184,40.65526723320094,-74.2518459736287,1,card,high,7.223982756981185,26.389947746923426,32.88314543702338
2024-01-10 21:13:00,40.7171404971047,-74.00657001855177,40.67388585718428,-73.94049076918617,1,mobile_wallet,low,7.359899415923987,10.859725800002781,22.87029117208922
2024-01-10 21:21:00,40.89393796902678,-73.77589161261658,40.883189775898046,-73.77214483503768,3,card,high,1.2359491754168332,2.0478740546003285,7.290695614535814
2024-01-10 21:30:00,40.66359769958172,-73.96796284547727,40.60920432286749,-73.99588566993603,1,cash,low,6.490995753326157,6.679225754772251,20.31962978524091
2024-01-10 21:39:00,40.828137183742975,-74.06980103957501,40.836494045432616,-74.11487763247179,1,cash,low,3.9046140773995277,5.333853440143995,12.659130951498216
2024-01-10 21:47:00,40.83655486699416,-74.24422977128874,40.82546471869785,-74.24908073237965,1,card,medium,1.298952369327239,1.1725055043928827,8.710937235161762
2024-01-10 21:56:00,40.613247919131446,-73.79336049718812,40.71323757214475,-73.75863307567894,2,mobile_wallet,medium,11.497717420733627,26.27060278750003,37.66503294372079
2024-01-10 22:05:00,40.73919867793582,-74.0931501029624,40.66249873769815,-74.03061093828255,4,card,low,10.026566396734951,18.30083443206362,32.93018058376967
2024-01-10 22:14:00,40.648191240249325,-73.9005635253293,40.655457814613385,-73.89950556560775,1,cash,low,0.8129205388783992,3.1789955875423104,6.285665309935784
2024-01-10 22:22:00,40.643027592752844,-73.90593902692315,40.650857817259684,-73.85134840516605,1,card,low,4.687267048684555,7.099067386420795,17.090648219155895
2024-01-10 22:31:00,40.73770155755738,-74.13051958770194,40.69132647438084,-74.14016171211954,1,card,medium,5.220316430095638,11.489549635037768,20.34606879699702
2024-01-10 22:40:00,40.67840610055274,-74.22747347170504,40.68269245843788,-74.26,1,card,medium,2.783912860619161,5.888405108279336,13.404540605606915
2024-01-10 22:48:00,40.8506605521928,-74.06364980687736,40.8852922986811,-74.12243390239838,1,card,low,6.265995567354115,8.974570523504731,22.05123084900398
2024-01-10 22:57:00,40.88858566307277,-74.09826318294303,40.89292777978787,-74.12104398124842,1,mobile_wallet,high,1.9748573389509354,8.754313592607446,8.033938879005722
2024-01-10 23:06:00,40.85292500579804,-73.90286923657511,40.91522583561493,-73.95995882081034,1,card,high,8.42761393578075,31.461335316990485,41.75359546800305
2024-01-10 23:14:00,40.670450496691366,-73.84191092721348,40.58,-73.75148290380992,1,card,high,12.62532312014021,56.966505612220786,62.03809510843308
2024-01-10 23:23:00,40.67320569385413,-74.14655283713024,40.635305190278004,-74.12678449794632,1,card,low,4.532292755350087,6.352841319746035,14.421999622901952
2024-01-10 23:32:00,40.66660763903994,-73.99060215441402,40.73298516116533,-73.99490482262641,1,cash,low,7.389750930432236,12.489108729789969,24.746126085588976
2024-01-10 23:41:00,40.62591295265912,-74.23928974283204,40.66695413765599,-74.1617996635265,3,card,medium,7.9729497189094385,23.362742268839902,33.94216673033143
2024-01-10 23:49:00,40.90089144515526,-74.15072953030393,40.92,-74.20933156190765,1,card,medium,5.363382234745028,14.872748618341381,21.954275500138856
2024-01-10 23:58:00,40.716696251373406,-73.87150158128574,40.77219094466678,-73.87767300890106,1,cash,medium,6.192591783050424,15.014585183838154,23.913915327389244
2024-01-11 00:07:00,40.656394421345595,-73.85536685655057,40.58,-73.76538153590599,2,cash,low,11.39497533072926,18.65120615583149,35.06111540013947
2024-01-11 00:15:00,40.8678681571728,-73.86403372363958,40.90367063699533,-73.87051554644219,2,mobile_wallet,high,4.018171582311754,15.939901167970957,17.58579585848911
2024-01-11 00:24:00,40.71572640290365,-74.18738215825599,40.763623060212524,-74.07727553822778,1,cash,medium,10.696676540454828,28.553238089460258,38.931311163806924
2024-01-11 00:33:00,40.591939715777286,-73.97897228899112,40.58,-73.94362007121624,1,card,medium,3.267216772599629,5.813783272574673,15.720428621465501
2024-01-11 00:41:00,40.63506013388487,-74.04441870863388,40.75337580418998,-73.98565204274543,1,cash,medium,14.058096396815582,44.45101201917258,53.42407637677646
2024-01-11 00:50:00,40.7973451157211,-73.75434198863451,40.80618081910389,-73.75,1,card,low,1.0482594956370503,1.0,6.946041830868242
2024-01-11 00:59:00,40.846187793218384,-73.92642436678025,40.7475131863055,-73.9263522560691,1,card,low,10.97211735645743,18.90630187069989,36.76093643194136
2024-01-11 01:08:00,40.65171769208616,-73.78304693338818,40.66887493199318,-73.80501645829497,1,card,high,2.659672285991649,14.996505393845114,20.151088956522912
2024-01-11 01:16:00,40.89191450035049,-74.1858713444457,40.85952079900097,-74.19106615884031,1,card,medium,3.628399251409724,7.53643329865254,12.546756690291046
2024-01-11 01:25:00,40.86933902081774,-74.03005463071888,40.92,-74.07446659336799,1,card,low,6.7578616183481,10.412890999160728,19.121909165261055
2024-01-11 01:34:00,40.868449456380766,-73.866480123946,40.893106937883374,-73.86944845369135,1,card,low,2.7531202779952166,3.575541595107237,13.713830350351973
2024-01-11 01:42:00,40.65740478991173,-74.0723925587045,40.630498296659304,-74.07259083092052,1,cash,low,2.991912310586206,5.5752455695007175,12.201076206576154
2024-01-11 01:51:00,40.597182236141016,-73.93742066696164,40.664792572462844,-73.86140509217228,1,mobile_wallet,high,9.882755576323,37.945534273013955,39.34443445411259
2024-01-11 02:00:00,40.87492400342408,-73.99903189208943,40.91719931219315,-73.9723344851067,1,card,high,5.208928000493737,17.9149546046199,24.72235237257211
2024-01-11 02:08:00,40.68397207777111,-73.75411600129883,40.646715678325414,-73.75,3,card,medium,4.157243336569186,8.662973934873918,21.625432832218326
2024-01-11 02:17:00,40.790431569599,-74.1713250045666,40.783589540973765,-74.26,2,card,high,7.504255443260516,56.66803350434169,43.54644186385419
2024-01-11 02:26:00,40.83838874045825,-73.78297216538164,40.86164999604263,-73.83773913188298,1,card,medium,5.282973438898141,14.030427587078204,23.516486457354222
2024-01-11 02:35:00,40.62361970789378,-74.05519881356032,40.60722786106901,-74.07118935330527,1,mobile_wallet,high,2.268028533421956,12.76059907223683,11.121834829467897
2024-01-11 02:43:00,40.845485040536474,-74.02132358714758,40.83043706736335,-73.95416133626694,5,card,medium,5.89264061275172,16.850421758527595,22.772967118184162
2024-01-11 02:52:00,40.899093896046764,-73.99041303931811,40.90074652231866,-73.99534401333086,1,card,high,0.453348621580977,1.6838470552125704,5.376002838216176
2024-01-11 03:01:00,40.82764748835378,-74.12466305978887,40.7796865520721,-74.19071526739317,1,card,high,7.703885962815149,41.507075959926645,38.68621157689283
2024-01-11 03:09:00,40.73001573448339,-73.76853470426849,40.629541294247424,-73.7795653038952,1,card,medium,11.210902731149414,31.94245757005007,41.348160435862376
2024-01-11 03:18:00,40.87807056717558,-73.79514152533025,40.888831635980516,-73.84903344692923,1,card,low,4.685941817140623,7.841783483350996,16.50741810039316
2024-01-11 03:27:00,40.75933559422467,-73.7638183988922,40.66983509650639,-73.82653155845894,1,mobile_wallet,low,11.268537175967268,22.275036435422464,31.68755141764737
2024-01-11 03:35:00,40.833222115457694,-73.75157101817314,40.78853537381618,-73.75,2,cash,low,4.970697714384386,5.558892178278859,15.673761067502786
2024-01-11 03:44:00,40.85897202091193,-73.91840195145771,40.779250814759244,-73.93422435045834,3,card,low,8.964027130155666,18.797035286517332,31.43226361000215
2024-01-11 03:53:00,40.834779972977664,-74.02964039713908,40.7605999728284,-74.02184851831296,1,cash,medium,8.274476243768516,20.776664071032364,29.601585144451274
2024-01-11 04:02:00,40.677870657856374,-73.82612571023688,40.69705664069174,-73.83030874585944,2,cash,medium,2.1623421987109532,5.631807992290806,12.250395942704351
2024-01-11 04:10:00,40.620066926307985,-74.24785951230348,40.61006305888028,-74.25917681541085,3,card,low,1.4662646892916746,3.7409271947657823,8.631677669976872
2024-01-11 04:19:00,40.6610350999831,-73.83445393719612,40.649407079487034,-73.87228368364906,3,cash,high,3.4432038069510402,13.699392051840368,16.979018722805776
2024-01-11 04:28:00,40.75097747857332,-74.0063841276524,40.69176189831024,-74.02036268484012,1,cash,low,6.689021815110987,9.535887148915732,20.93535073731142
2024-01-11 04:36:00,40.75179415357965,-73.91665778618746,40.72228094458192,-73.90148218965388,1,cash,low,3.522002627532594,5.911471020601484,12.784582483006586
2024-01-11 04:45:00,40.77809907876694,-74.06923650871532,40.7950395609314,-74.00539791967245,4,card,low,5.695176180849939,9.553407751063988,23.59549421372578
2024-01-11 04:54:00,40.71433462476628,-74.07200219152793,40.71199069782749,-74.029367587883,1,cash,high,3.6028557871197657,51.02267929574753,31.82912176590225
2024-01-11 05:02:00,40.84754306969301,-74.24382425206645,40.8845634024399,-74.26,1,cash,medium,4.335384001469133,11.619343977586308,17.293709711605313
2024-01-11 05:11:00,40.89047227511805,-74.04386739048121,40.92,-73.99938343166056,1,cash,low,4.975569060592125,7.501258229624318,14.947940119807647
2024-01-11 05:20:00,40.66388651818302,-74.05173936033614,40.6525366245614,-74.03034464981741,1,card,low,2.2022228477483816,3.657984955184382,13.951678388317408
2024-01-11 05:29:00,40.830417894018645,-74.14535653804728,40.74706667615222,-74.17346898307488,1,card,medium,9.565645960176939,25.40804519257201,36.86850600970783
2024-01-11 05:37:00,40.81051042986532,-74.13386513049473,40.77646140940734,-74.12567076116633,1,cash,high,3.8484076659815263,19.51864158146688,19.452868669513123
2024-01-11 05:46:00,40.75785076975497,-73.96208881397432,40.753454752115694,-73.93633589071007,4,cash,medium,2.223568669219888,4.346178867480767,12.956606460903213
2024-01-11 05:55:00,40.64410027951721,-74.09793656430486,40.60915836217703,-74.09581918165283,1,mobile_wallet,medium,3.889470940500984,11.115474747099361,16.132961790450416
2024-01-11 06:03:00,40.850378967918125,-73.83657152640119,40.80292087840811,-73.81496057636413,4,card,medium,5.581591784586305,13.409618757783056,22.6493582625757
2024-01-11 06:12:00,40.906612937113806,-74.2031935955029,40.909751789903865,-74.24202639126446,3,card,low,3.2819902785797175,6.365695108346424,14.407369507029095
2024-01-11 06:21:00,40.82542435295943,-73.96540107724672,40.92,-73.87572363525562,2,cash,medium,12.940183058537125,41.67166973206374,49.53938656707479
2024-01-11 06:29:00,40.892072398852754,-74.17837718915906,40.87010393606112,-74.26,1,cash,medium,7.283945181452183,19.73477899941626,27.744248122556172
2024-01-11 06:38:00,40.91462299008232,-73.99059728027046,40.914496726720195,-73.9645939752207,3,card,medium,2.1850655745239917,4.4640515953080016,11.937910752834425
2024-01-11 06:47:00,40.69969722924134,-73.97820159765534,40.64065561476594,-73.96169724181988,1,cash,low,6.711067987762402,10.301373026445228,23.532189841242158
2024-01-11 06:56:00,40.796996007994956,-73.93242817987188,40.852949055471825,-73.90349572716654,1,card,low,6.681018281043841,9.900787421213904,22.89329293550832
2024-01-11 07:04:00,40.74113713079694,-74.04201327689083,40.78050056774776,-74.073889942715,3,card,medium,5.134807161148986,15.45026061957866,20.42768733969066
2024-01-11 07:13:00,40.9154537739335,-74.00016791058408,40.92,-73.9475540443091,1,card,medium,4.449664598791019,12.790386750504933,20.28605564202423
2024-01-11 07:22:00,40.611894660162626,-74.16771416579854,40.67308547167134,-74.17257329647407,3,card,medium,6.81644832097415,16.756536279444877,26.949741958706078
2024-01-11 07:30:00,40.720207470861055,-74.02386217163448,40.70097710989979,-74.07724184389262,1,cash,high,4.981511294558114,33.74670668943862,29.166768652087107
2024-01-11 07:39:00,40.87768327513926,-74.06975450156192,40.864074473246205,-74.11902096903434,1,card,high,4.410257931785216,26.179343271243386,25.37803411206311
2024-01-11 07:48:00,40.676577445579014,-73.92027313662625,40.75352197951391,-73.91466140852856,2,cash,high,8.568904564204772,127.83694776538279,71.12104752022344
2024-01-11 07:56:00,40.84784956921722,-74.0382409210168,40.87632233384972,-74.11008438957256,1,card,medium,6.820980553963158,16.43975575324521,28.262802178267638
2024-01-11 08:05:00,40.71014627534529,-73.86253575800009,40.6102812933848,-73.78151298874518,1,cash,high,13.039087663952555,72.24948208384755,67.87748900324581
2024-01-11 08:14:00,40.91319270356266,-74.04274402972742,40.92,-73.99554257210299,3,card,medium,4.03773307240075,11.658891589632498,15.69363332882882
2024-01-11 08:23:00,40.88040014438406,-74.13975670178328,40.85422373164943,-74.05754870734499,1,card,medium,7.500550168814933,15.333835141779609,28.458089275008998
2024-01-11 08:31:00,40.682448921605285,-74.12041875333112,40.72286665371484,-74.04295469632122,1,card,medium,7.927125317780159,21.815809187516827,30.934947492637725
2024-01-11 08:40:00,40.84186565860287,-74.23690453520327,40.86023422972678,-74.25274032611934,1,mobile_wallet,low,2.4384067702802916,5.031655396511079,7.055825418497951
2024-01-11 08:49:00,40.69453122490331,-73.98464140659354,40.616206800522285,-74.0237612324128,1,mobile_wallet,medium,9.313526316176532,26.806376800978853,29.42632469559419
2024-01-11 08:57:00,40.78616336567328,-73.83625074921083,40.79826072334558,-73.95675051990823,1,card,high,10.232937179884294,41.105261391573855,48.31164039137696
2024-01-11 09:06:00,40.80388346125372,-73.86775302952304,40.81336170898004,-73.88603356514322,1,card,high,1.8649125738967782,8.086962267110165,12.913908931750534
2024-01-11 09:15:00,40.862062439089144,-74.03672737216738,40.87841825098006,-73.95727299365475,1,card,medium,6.924029352737104,14.075651755971046,25.68406489508617
2024-01-11 09:23:00,40.588313285899886,-74.15997861887631,40.61421208423599,-74.19723189846368,5,card,high,4.264406317113161,15.04246972770066,23.20881610841999
2024-01-11 09:32:00,40.65485368299178,-73.8196229339183,40.722172151183756,-73.82906937868717,1,card,low,7.52772687010245,13.587497645588511,25.454221492881604
2024-01-11 09:41:00,40.82205205560012,-74.23104167263702,40.84067706013276,-74.25599733384576,2,mobile_wallet,high,2.949151003074476,9.268620166750136,12.76013857310134
2024-01-11 09:50:00,40.771597900569645,-74.05639641014673,40.772628331290996,-74.03952162823438,1,cash,medium,1.4256264830931786,3.121373885379624,6.269857814932031
2024-01-11 09:58:00,40.74850572658839,-73.82312627738419,40.80016426652686,-73.76525246659455,1,card,medium,7.53292983666267,23.771541151206446,30.107326870017953
2024-01-11 10:07:00,40.59877138528071,-74.05947988942387,40.699694717842256,-74.12874436721202,4,mobile_wallet,medium,12.652402602446312,33.30227212718265,45.21935962546832
2024-01-11 10:16:00,40.6984138003769,-74.19988350991396,40.73959198431446,-74.26,1,cash,high,6.828910598412442,33.271243956527755,34.63427288084507
2024-01-11 10:24:00,,,40.883413354555984,-74.0574678530563,1,card,low,5.718237451422702,8.022497789341507,21.76247919931037
2024-01-11 10:33:00,40.59050356459225,-73.9539849847111,40.60996743933185,-73.92099697536077,2,cash,medium,3.527145519662021,7.518745075215261,12.878425670259043
2024-01-11 10:42:00,,,40.72631028919696,-74.19413381233645,2,card,high,1.6152491616020483,6.069543680818315,12.485266651670127
2024-01-11 10:50:00,40.90135041780806,-73.9259829833104,,,1,card,low,6.45688100574503,9.685228074505934,23.707605739668004
2024-01-11 10:59:00,40.5972994497453,-74.03653741508839,40.694732137163086,-74.09796371497593,2,card,medium,12.009746642320739,26.933681629469355,44.622490185770545
2024-01-11 11:08:00,40.834899955355176,-74.08946135458153,40.80119255351094,-74.04755674747793,4,card,medium,5.1461755860314735,11.093519579542571,23.11501105838576
2024-01-11 11:17:00,40.66758828950189,-74.13712800493319,40.71955905177281,-74.14019871983207,1,card,high,5.784681162313625,38.92599896886258,34.81787778024653
2024-01-11 11:25:00,40.87464700293225,-73.84010170721308,40.868983440510725,-73.8128072345925,1,cash,high,2.3798343121522874,20.704554441200187,18.370926975833264
2024-01-11 11:34:00,40.83366311284618,-74.05769628679367,40.76704425018994,-74.16511813183931,1,card,low,11.68900651545818,18.987611881925886,34.23422894001752
2024-01-11 11:43:00,40.88113975809185,-73.88337557454082,40.872665459630454,-73.89510722573607,1,card,medium,1.364120185940265,4.198971799405163,10.404705829974022
2024-01-11 11:51:00,40.65341442874663,-74.03541885175494,40.628809516227705,-74.0022629995333,1,mobile_wallet,medium,3.912998005301325,11.942423512670231,14.416428399631926
2024-01-11 12:00:00,40.76063953663832,-74.21314773468775,40.78663051596712,-74.21599759451551,1,mobile_wallet,medium,2.900011385572555,10.753457543232708,14.121318006000099
2024-01-11 12:09:00,40.844951780815435,-74.0353419526647,40.84906029083507,-73.97885355288865,1,cash,low,4.773398075395931,6.931132764549925,14.792316267597927
2024-01-11 12:17:00,40.663537912618295,-74.00107923233476,40.61754670375414,-73.94609800701342,1,cash,low,6.9046387089823265,7.220514658511443,20.860839029402506
2024-01-11 12:26:00,40.65845374379085,-74.02650048131838,40.72464909989789,-74.0696358444533,1,mobile_wallet,medium,8.210029046245635,23.521253846756018,26.277805596983136
2024-01-11 12:35:00,40.589241925389175,-73.84371672700838,40.63829795559058,-73.80663705769837,1,cash,low,6.2889441895378235,9.327358464914022,17.970670938497072
2024-01-11 12:44:00,40.90589519995166,-73.79546581198805,40.92,-73.84013563156333,1,card,medium,4.068117389685067,8.936916717384477,18.138408968353595
2024-01-11 12:52:00,40.82140573921857,-73.85874287564238,40.832069149101635,-73.85631218079041,1,card,low,1.2032260681712825,1.1199789949554393,9.654493721279993
2024-01-11 13:01:00,40.796090520363464,-73.96278122987242,40.794482532290836,-73.93325545865358,1,card,high,2.4919019653497156,13.331538978604437,19.521429280465576
2024-01-11 13:10:00,40.832958205716295,-73.983860520117,40.86461842743413,-74.02144825202373,1,card,high,4.731724807816604,24.765161787994707,26.88536856473329
2024-01-11 13:18:00,40.76074839235645,-73.93124582463693,40.734762016415004,-73.89583414628653,1,card,medium,4.153110852637982,10.13722999807869,20.919753057860124
2024-01-11 13:27:00,40.74188549917074,-74.11320654881592,40.74773817913314,-74.13594755739275,1,card,high,2.0233107326216317,14.865629792804462,15.987963134865854
2024-01-11 13:36:00,40.732840961982,-73.84595810846417,40.72493545651254,-73.87208949719773,1,card,high,2.370920880524656,15.900501321996789,19.41730781445522
2024-01-11 13:44:00,40.79774933211524,-73.82300742942213,40.732002787841694,-73.79120813516285,1,card,high,7.785771445900781,35.0711496521388,36.813989179439716
2024-01-11 13:53:00,40.64852189163341,-74.12371924677727,40.654257389351166,-74.16133802924303,2,card,medium,3.2370493015202295,8.276870681213573,10.685764697224682
2024-01-11 14:02:00,40.881939956305054,-73.79956271384856,40.86209644617661,-73.8394703099699,1,card,medium,4.015998899764077,9.76891489520158,16.905689699263142
2024-01-11 14:11:00,40.85599580621455,-73.82714631076425,40.84508095883373,-73.78029428896289,1,cash,high,4.12338079748382,27.285109392930355,23.735610885204288
2024-01-11 14:19:00,40.69885162789369,-74.04351174858392,40.71522195044793,-74.0386266767473,1,card,medium,1.8662894210651277,5.730088936729642,12.287376578696685
2024-01-11 14:28:00,40.77672716091626,-73.7964098969327,40.83399115194566,-73.86184527422135,1,card,medium,8.41886619163395,30.00245678890341,35.53996561171266
2024-01-11 14:37:00,40.62794928198301,-74.19857611315614,40.58975462790835,-74.16007225112867,1,card,medium,5.34809821931864,13.256981375016927,22.67655218527596
2024-01-11 14:45:00,40.910597724297425,-74.24572685480346,40.8954526046166,-74.26,1,cash,low,2.0676089258485186,2.713057743823777,11.88206353417862
2024-01-11 14:54:00,40.8869835137943,-74.08258791894704,40.85255479245811,-74.1457235192273,4,cash,high,6.545157567050647,55.667001468338384,41.833803452605714
2024-01-11 15:03:00,40.89344515220973,-73.97162779359806,40.856087025758775,-74.08445696910033,1,card,high,10.356213082717018,77.68488933871419,59.89194156963807
2024-01-11 15:11:00,40.69293543621917,-74.08076426658825,40.66617983375493,-74.04011062322179,1,cash,low,4.539115947801852,6.8592278177004395,11.823097477715837
2024-01-11 15:20:00,40.63750580051017,-73.7795454558276,40.62866553778348,-73.81824176880262,2,cash,low,3.4101488370238764,5.765684506437389,10.85590079199477
2024-01-11 15:29:00,40.652002535578546,-74.13009778318188,40.67836676013803,-74.18607079789031,3,mobile_wallet,high,5.5571760373694845,29.729110184314152,27.762278157751933
2024-01-11 15:38:00,40.610600472955326,-74.11658116926773,40.62502053237064,-74.08780804190036,1,cash,low,2.9101608041818188,3.8072032164951763,11.566970189276029
2024-01-11 15:46:00,40.62083761423447,-73.93623791760213,40.58,-73.89997729576822,1,card,medium,5.476497299517026,9.873588723451336,22.26141080018813
2024-01-11 15:55:00,40.60424354162284,-74.25802942000574,40.662480756199116,-74.26,1,card,medium,6.477817474316042,18.020732575857583,27.592553495466472
2024-01-11 16:04:00,40.916539843529655,-73.88894590329916,40.92,-73.84787707361689,2,card,medium,3.4721444406458466,9.041665094558669,15.871159154214617
2024-01-11 16:12:00,40.60517961234548,-74.0674905636225,40.58,-73.9750203821724,1,card,low,8.29468158846046,12.748949153997483,27.418386591291227
2024-01-11 16:21:00,40.62506430752348,-73.76134858750191,40.68014929765986,-73.75,1,card,low,6.199539507718368,11.783588369739261,21.453163411703947
2024-01-11 16:30:00,40.86126656250085,-73.90737702755483,40.87597879106769,-73.85377945827096,1,mobile_wallet,medium,4.79457943950644,11.597941571055504,18.80765594627394
2024-01-11 16:38:00,40.7772816736926,-74.23337037290801,40.77024118506096,-74.21923456241205,1,card,medium,1.4247051801111799,3.0453918714524293,8.272336180427937
2024-01-11 16:47:00,40.843301849553576,-74.2127598175416,40.859415451555144,-74.2327271367904,2,card,high,2.455778889966632,11.992207864822205,18.66880165693644
2024-01-11 16:56:00,40.7945100826427,-74.21503426546869,40.79335039683956,-74.21754913784905,1,mobile_wallet,high,0.24788695355213386,1.0,2.5
2024-01-11 17:05:00,40.879939523911844,-73.77416264745511,40.90446806336351,-73.75432927529029,1,card,high,3.1966094745537896,14.852837356062064,19.249927594437594
2024-01-11 17:13:00,40.797078959440015,-73.91113371397903,40.80550815798092,-73.96772175211849,1,card,medium,4.854491869296559,10.51737339692672,19.795117123139946
2024-01-11 17:22:00,40.75752253158707,-74.04192093628265,40.74233835923482,-74.07654312212495,2,card,medium,3.36995417321452,9.214001543594472,13.67918431568228
2024-01-11 17:31:00,40.82233489587884,-74.15775382816119,40.73117269171658,-74.2220025845954,1,card,low,11.490080171097954,13.401527695471348,33.510443560570515
2024-01-11 17:39:00,40.732113535609315,-73.81444372931774,40.75583674993775,-73.80386033131464,3,card,medium,2.7845053381884113,5.276226341232532,13.644567886545655
2024-01-11 17:48:00,40.69766169978761,-74.15720647688762,40.680847212260204,-74.15346905037983,1,card,medium,1.8960549267025997,3.2934174552984845,11.718769582611472
2024-01-11 17:57:00,40.73900183383307,-73.89959359959734,40.77400943126711,-73.92896548954343,1,card,high,4.612307488344338,27.340613428365376,28.076468766399444
2024-01-11 18:05:00,40.63770279573351,-73.87070457561188,40.65937817353592,-73.8337821113698,1,card,medium,3.9385535241520575,9.10811320309893,17.591987964222866
2024-01-11 18:14:00,40.85083438813292,-74.10972539468375,40.835189498630896,-74.15673241115053,1,cash,low,4.319959414620661,7.3139330078456934,15.359376416932092
2024-01-11 18:23:00,40.66863928565422,-74.00249348404297,40.7146737542527,-74.03353604735095,1,card,medium,5.74909008341997,13.808258047630837,24.837513488370323
2024-01-11 18:32:00,40.63220072575459,-74.14627546601763,40.641418600537236,-74.11115177419657,1,card,medium,3.1359927410295594,10.063341701942178,12.53029712958894
2024-01-11 18:40:00,40.6637597622063,-74.0667458746977,40.67112369033831,-74.02494916459203,1,card,high,3.619062407994739,25.0584141788666,20.085555257753075
2024-01-11 18:49:00,40.86630385160256,-73.7677814568772,40.86008887069822,-73.8035891359991,1,cash,medium,3.0894879888614106,9.805208844629787,11.581439096928795
2024-01-11 18:58:00,40.69226844050323,-73.90649960232624,40.768028447554016,-73.8960576851128,2,cash,medium,8.469952602610222,22.040736788821974,32.93899529326426
2024-01-11 19:06:00,40.813256955632006,-73.82822675484285,40.781159952822705,-73.8632730806779,1,card,low,4.630453774916411,9.400972894581582,15.127297950297077
2024-01-11 19:15:00,40.87117927442295,-73.98429421855197,40.856658920237294,-73.99317449756295,2,cash,high,1.7789218730368623,7.657550830776601,11.61494563596381
2024-01-11 19:24:00,40.606433186754515,-74.13808973150282,40.58,-74.131617048766,3,card,medium,2.989615325401473,6.838861488522097,14.655933015238652
2024-01-11 19:32:00,40.84010829776054,-73.89643127309974,40.87281119624014,-73.87121479415302,1,cash,high,4.209634835855759,15.587953224760852,20.27574710875127
2024-01-11 19:41:00,40.68460625856887,-74.00471033999682,40.65840955328277,-73.99042018438963,1,mobile_wallet,medium,3.152410944437515,6.364230658571254,9.504754347462574
2024-01-11 19:50:00,40.653651603822574,-74.1698070772654,40.63250000264489,-74.1575147719411,1,card,high,2.5704709649861894,17.756227827527038,19.883095270442297
2024-01-11 19:59:00,40.81422649383401,-74.04966075629471,40.79096434538694,-74.09819318146452,2,card,medium,4.835076814057258,10.973785802722157,19.514738747983277
2024-01-11 20:07:00,,,40.8921533379521,-73.91875903953284,1,card,low,1.5018719073213855,2.592941703151447,10.253296063348362
2024-01-11 20:16:00,40.68030653096221,-73.88498075309207,40.62402234965255,-73.86018281228823,1,cash,medium,6.5988947006272065,18.143674120061263,27.594364727962496
2024-01-11 20:25:00,40.77340349383067,-74.13595739409593,40.672457456856066,-74.104955340242,1,card,low,11.524723320627354,20.46517882326926,39.44029717042189
2024-01-11 20:33:00,40.67854359870883,-73.81324135693184,40.699140280391504,-73.84561976500802,1,card,high,3.563427572806615,21.406197549892287,21.2296609188764
2024-01-11 20:42:00,40.768457099146985,-74.06642893539191,40.67334700236782,-74.02522758264566,1,cash,high,11.131170406629344,139.39348066344436,82.07876368829618
2024-01-11 20:51:00,40.79143309042247,-74.1217202738747,40.82986929070145,-74.18099584265465,1,card,medium,6.56909820256114,12.291466478158394,25.19568433444493
2024-01-11 20:59:00,40.78751403218866,-74.1604887717186,40.857647780917745,-74.17987558865059,1,cash,medium,7.967310845145375,19.09126432537736,32.104792052396625
2024-01-11 21:08:00,40.79200576567853,-73.84987261945449,40.784615694501454,-73.86227097815772,1,card,high,1.3284500045332521,5.85319933263737,10.789793280934104
2024-01-11 21:17:00,40.625927129353954,-74.07937606676731,40.68440431195638,-74.13618447457996,1,mobile_wallet,high,8.07750162529605,76.3912917201537,50.63400714367748
2024-01-11 21:26:00,40.81580375965949,-74.01346649577715,40.814712220780045,-74.02654849129488,0,cash,medium,1.1075812669517988,1.5450221817552503,7.671237638617995
2024-01-11 21:34:00,40.80941512116927,-74.14636188998243,40.88138097332778,-74.13639524883692,1,card,medium,8.046033274552578,19.760314136929694,32.353430092134225
2024-01-11 21:43:00,40.81207996155374,-73.91009355370385,40.79155015820865,-73.99225330188635,1,card,low,7.282562780558909,13.892541156122924,27.39427063732958
2024-01-11 21:52:00,40.605183987931156,-73.86167296214826,40.58,-73.87943393941795,1,card,medium,3.1766146094541385,9.087389498470086,13.373882386618057
2024-01-11 22:00:00,40.73192520642081,-74.0868931230338,40.72832917793602,-74.16557116498565,1,cash,high,6.641660149261553,29.334258760066835,30.513244063603395
2024-01-11 22:09:00,40.719071944895546,-73.77800951346059,40.79593028859903,-73.75,1,card,medium,8.865904383907543,20.919815976418075,33.819249606740044
2024-01-11 22:18:00,40.60948190443869,-74.24438858912428,40.633555478206006,-74.23482648436226,1,mobile_wallet,low,2.7958702951673025,5.229138926942538,11.1607276689881
2024-01-11 22:26:00,40.655605095484916,-74.19219901733024,40.63241555020071,-74.18653669955785,3,cash,medium,2.622442457149753,5.4544410938486445,14.493935285710439
2024-01-11 22:35:00,40.72992729481133,-73.95971861390416,40.74472784742915,-73.94927531037949,3,mobile_wallet,medium,1.8661932543656488,4.22395095019099,6.867120456929827
2024-01-11 22:44:00,40.83258814535175,-73.90228250035533,40.876288763082115,-73.87507907197829,1,card,low,5.370972977244692,9.718959155501594,21.152314748066022
2024-01-11 22:53:00,40.66060110617479,-74.13215167535039,40.656748366423635,-74.08813470710783,2,card,high,3.7375950872423247,42.72831533114346,29.11028374275573
2024-01-11 23:01:00,40.86211496944247,-73.97742374058541,40.92,-74.04778366738206,1,card,low,8.74118295407563,14.735087947680437,28.105015245358896
2024-01-11 23:10:00,40.76557141715142,-74.09762301400816,40.74228760910805,-74.03866502212396,2,card,medium,5.60053671715653,11.556269988439638,20.353453494976655
2024-01-11 23:19:00,40.83854337296277,-73.97741448473299,40.88365635545478,-73.92135234650222,1,card,high,6.88413627978976,55.13809238076636,42.89807086913809
2024-01-11 23:27:00,40.74066903433453,-73.92374288434023,40.77495620997621,-73.92672848182882,1,card,low,3.8208442051708844,7.515591393647929,14.933157838183764
2024-01-11 23:36:00,40.74972603664356,-73.76386789267978,40.71823380253215,-73.76921068376053,1,cash,medium,3.5305939780131324,9.179710496641471,16.050077803583243
2024-01-11 23:45:00,40.790704592389076,-74.0275946013892,40.77160478035843,-74.16721883723729,1,card,medium,11.946364887216555,41.684156479014455,49.60168482152603
2024-01-11 23:53:00,40.895510006776384,-73.9294098194616,40.92,-73.98538942176067,3,card,medium,5.435688682209329,12.332902310563881,22.14473082962698
2024-01-12 00:02:00,40.74721627768039,-73.96519998356084,40.753731732622576,-73.94185176612899,1,card,medium,2.0959717914865705,2.8429002891055,14.512753811723769
2024-01-12 00:11:00,40.75974356295682,-74.09804700411735,40.77495679065955,-74.0440192181334,1,cash,medium,4.854262559977941,12.850428159113209,18.69211725002348
2024-01-12 00:20:00,40.78467896759936,-74.13093729283416,40.711060436682665,-74.09813963133891,1,cash,high,8.63968764266904,36.36842911840147,37.57724404399638
2024-01-12 00:28:00,40.83075514668123,-73.7561859319102,40.86027508616352,-73.75959310987022,3,card,high,3.29495553122947,15.149663725619906,17.12001021447382
2024-01-12 00:37:00,40.60442911406532,-74.15450529553223,40.61735747204904,-74.06784102400665,1,card,low,7.455529753952594,14.192638753580747,27.216495748451727
2024-01-12 00:46:00,40.75533372909747,-73.85695961379214,40.75245777807862,-73.81172671375562,1,card,medium,3.8234747901385684,9.42462040453845,16.778152610730366
2024-01-12 00:54:00,40.74374114033005,-74.18524043057941,40.75998127416771,-74.20296261942293,1,cash,medium,2.3429737670730577,6.151182443239235,10.290391050809431
2024-01-12 01:03:00,40.89337289464078,-73.84978085262577,40.87495809782018,-73.75158587328787,1,card,medium,8.505140405939303,24.31753166337375,35.94303606655788
2024-01-12 01:12:00,40.74779223734836,-74.16527849407534,40.7211566246736,-74.21460601963713,1,card,low,5.103514601918333,7.153515825152163,20.619262316831644
2024-01-12 01:20:00,40.739228981796074,-73.76675011155176,40.728344132872316,-73.83298292147595,1,mobile_wallet,medium,5.710380879811201,14.436507245346638,20.686357476434594
2024-01-12 01:29:00,40.9071479961018,-73.910146295147,40.88625885307748,-73.92909603756758,4,card,medium,2.8163978487851744,5.623088994156137,15.545975133044095
2024-01-12 01:38:00,40.7331959976243,-74.21403969572533,40.83131982787124,-74.24817850373626,2,card,high,11.283134166655902,53.6054323661724,55.601594046407925
2024-01-12 01:47:00,40.64150070630951,-73.9064796690759,40.68253488910747,-73.92290159172782,1,card,low,4.768413886165426,5.843336837220733,16.97809746489536
2024-01-12 01:55:00,40.653751481753964,-73.95215341098141,40.61017038017524,-73.91623932964336,1,cash,low,5.715650716805547,12.80771460755978,20.357510092459076
2024-01-12 02:04:00,40.61236376303457,-74.08785141418609,40.70399708313631,-74.0893804949083,2,card,high,10.189976667290068,111.4778931264755,73.19364262619786
2024-01-12 02:13:00,40.58019316394804,-74.12702464114408,40.58,-74.12739799568696,1,mobile_wallet,high,0.038151300586623554,1.0,2.5
2024-01-12 02:21:00,40.726861524740166,-73.89343200130844,40.72818701627606,-73.89078533457904,2,cash,medium,0.26732515387594513,1.3838622008094315,4.472884586664295
2024-01-12 02:30:00,40.8415424776414,-73.88190569979557,40.881926251413304,-73.98596034697944,1,cash,high,9.835464420851284,59.41957824870878,46.98603147766179
2024-01-12 02:39:00,40.82937859055195,-74.09312501703421,40.74072910607656,-74.16131173989052,3,card,high,11.407236533498256,62.10244237658552,60.14332092406682
2024-01-12 02:47:00,40.59093068985297,-73.81312417347185,40.58026452674063,-73.83046318041617,1,card,low,1.8842839558092104,2.95053644794922,10.776403255114726
2024-01-12 02:56:00,40.773794187221974,-74.12289811836688,40.74799416392845,-74.16082991442752,4,cash,medium,4.293790033253848,10.142672097674614,15.012786013589368
2024-01-12 03:05:00,40.63245626264058,-74.22436914275285,40.64168486622007,-74.23479957967443,1,mobile_wallet,medium,1.3519059513444354,1.0432000837547477,4.454946390409786
2024-01-12 03:14:00,40.899965936819996,-73.95406739913794,40.91661817256694,-73.89088162205557,2,cash,medium,5.623501355109738,18.697372939080655,23.695034309952312
2024-01-12 03:22:00,,,40.63342742843906,-74.20874423523858,1,mobile_wallet,high,0.4789263204467273,1.697905720277792,2.5
2024-01-12 03:31:00,40.79305733401714,-74.1189013272241,40.78749320559909,-74.17839889702162,1,cash,high,5.046949352070422,25.466611298810395,25.02369255501435
2024-01-12 03:40:00,40.69092104313578,-74.0013349395453,40.738851954904376,-74.0370244299722,1,card,medium,6.119913941957087,18.252616620870025,24.323554087631507
2024-01-12 03:48:00,40.79813085082788,-74.11395659259779,40.811697717692915,-74.03698067669313,1,card,low,6.652203309825203,11.53317125797199,21.97375670792949
2024-01-12 03:57:00,40.720167922797785,-74.15035186536578,40.72203204825012,-74.08138963665012,1,card,high,5.815416843487466,29.324224181526013,31.78132199035709
2024-01-12 04:06:00,40.83827863778418,-73.90137543839812,40.84493281439988,-73.87456095379392,1,card,medium,2.3739214272815405,4.673168548597801,12.337355785687684
2024-01-12 04:14:00,40.65843090261147,-73.98103033588484,40.74104590750033,-74.05134207406613,4,card,low,10.93265094573782,23.077449672220897,37.3527954747313
2024-01-12 04:23:00,40.88796922999085,-73.83172176339235,40.895739558955135,-73.81791554131267,2,card,medium,1.446833986372783,2.5182559954285666,10.529456030284614
2024-01-12 04:32:00,40.75007128076654,-73.9635678067257,40.726921098043086,-73.94630143726393,2,card,medium,2.95679611393806,5.96751678830155,17.663362114922098
2024-01-12 04:41:00,40.83707167022237,-74.01344192199538,40.75116671123487,-74.01229261261781,1,card,low,9.552685574876465,13.174418647470432,31.670765787653682
2024-01-12 04:49:00,40.86890826507642,-74.1267592606785,40.80438108324485,-74.15240975818092,1,cash,low,7.492568182928624,12.63958013624608,26.05394380617699
2024-01-12 04:58:00,40.91960172772463,-73.85604640370344,40.898585562446044,-73.87236480067759,1,cash,high,2.7095370882943777,16.372182820725282,19.23704712707661
2024-01-12 05:07:00,40.656141526301944,-74.15959578563218,40.65126456832401,-74.1883829564556,1,card,high,2.4882765907081086,22.881614704270184,21.868428724394715
2024-01-12 05:15:00,40.67754342061157,-74.13646351040369,40.65254045492911,-74.18799183852984,1,cash,medium,5.159318648576468,9.060360839632597,19.92045022628623
2024-01-12 05:24:00,40.66514724948884,-73.83078981565593,40.6809487284559,-73.76932036305986,2,card,low,5.473682360109868,12.031592402670341,21.353457807972937
2024-01-12 05:33:00,40.66937625293433,-73.88199181187811,40.64379339093146,-73.84228769110177,1,card,medium,4.394292603620642,5.910363753508915,18.37457949163613
2024-01-12 05:41:00,40.77803121212339,-73.94743452062045,40.736879194967294,-73.96025634553669,1,card,medium,4.701608704535246,9.328252876284692,17.51671539657762
2024-01-12 05:50:00,40.917797657869585,-74.24015052929886,40.92,-74.22430250542232,1,card,medium,1.3539304089874358,1.0623825808101652,8.586571494717429
2024-01-12 05:59:00,40.916694549611535,-74.19509861467479,40.92,-74.17756207460722,1,card,medium,1.518635322674576,4.701840076447407,11.039082507950212
2024-01-12 06:08:00,40.75910289866319,-74.00502169530432,40.709280356764594,-73.8995919351909,1,cash,low,10.469176075397815,18.840803721252357,35.8184594370382
2024-01-12 06:16:00,40.797269251489986,-73.87936714902372,40.808236465356835,-73.84010155838251,1,card,high,3.5228163893743156,23.88449323153844,25.991011179349705
2024-01-12 06:25:00,40.87238998485855,-74.02330855926218,40.786664775241626,-73.98574392641942,1,cash,high,10.042515747175013,41.63483762305755,45.676429952220474
2024-01-12 06:34:00,40.89719737587419,-74.25118055754847,40.83084315999147,-74.24947141196034,1,card,high,7.379651918101996,52.328075545985755,41.03580425360707
2024-01-12 06:42:00,40.64931261329205,-74.16602230067993,40.62281815103307,-74.18557137880839,2,card,medium,3.3764372386165613,10.492885109399994,16.292056167352342
2024-01-12 06:51:00,40.759704187840434,-73.95972898319368,40.81077515729741,-73.89750702182391,6,cash,medium,7.726088643627528,19.109209704690663,29.89486133015694
2024-01-12 07:00:00,40.863164598584916,-73.90594929955913,40.82812282724817,-73.87659705426864,1,cash,medium,4.61285155015829,12.11828173722565,17.189901134280134
2024-01-12 07:08:00,40.68308870605576,-74.24295156051693,40.646364184691315,-74.26,1,card,medium,4.329358686213296,8.666233717524445,17.93508226500998
2024-01-12 07:17:00,40.72953507444336,-74.23790080573515,40.731159002128614,-74.21747681078986,1,cash,medium,1.7304195980611348,3.324950497236725,9.081283629975763
2024-01-12 07:26:00,40.91511117451408,-74.12673184111726,40.916779937015825,-74.08904946713832,2,card,high,3.1717620244610947,17.900189085240246,19.30044982525869
2024-01-12 07:35:00,40.9149158768851,-74.21741413535285,40.87958496061113,-74.26,1,cash,high,5.3146875404125575,37.88425590931794,30.201679958771372
2024-01-12 07:43:00,40.888076315660165,-73.98360742158138,40.92,-74.02511482724769,1,cash,low,4.976887758661693,5.69359727340256,17.475316261314248
2024-01-12 07:52:00,40.85147243724154,-74.19691198920209,40.83953108545135,-74.18058757203029,1,card,medium,1.9101410576819204,3.0667995479744987,14.20112413821978
2024-01-12 08:01:00,40.671504370245756,-73.92940813920028,40.67661569445457,-74.01600889787257,4,card,low,7.325427273394361,11.441927785417942,23.677838596702145
2024-01-12 08:09:00,40.689089025182845,-73.86361508715314,40.671008945985875,-73.94309098961797,1,mobile_wallet,medium,6.996924307180189,19.92568832712006,22.34650503644952
2024-01-12 08:18:00,40.766076166009654,-73.76503650148642,40.78587488630646,-73.77720727980416,1,card,medium,2.428366265037604,9.179730371491855,14.346880965470653
2024-01-12 08:27:00,40.77066430735108,-73.77631244956477,40.82623739753777,-73.7541929579055,1,cash,high,6.453861675028191,37.13964242102501,36.02355530484568
2024-01-12 08:35:00,40.7518709585814,-74.12058377338,40.82673582494436,-74.09638350656945,1,card,high,8.570279741256321,43.49907965638853,43.50300937614541
2024-01-12 08:44:00,40.796467895171546,-74.24500110266219,40.76216593978467,-74.17379312279107,1,card,low,7.106117225545268,10.473109104058294,24.522400867816085
2024-01-12 08:53:00,40.71882982769522,-74.091999769783,40.76836561062877,-74.08829789482797,3,card,high,5.516949507004842,26.56833500142223,27.882895953593025
2024-01-12 09:02:00,40.83471921348728,-73.89867513945654,40.85945485036708,-73.91544451786227,1,cash,medium,3.0910774605037377,7.091090711781494,15.299638802980251
2024-01-12 09:10:00,40.69340697500264,-74.22950138327101,40.73726112242834,-74.26,4,card,medium,5.5123634532538395,12.541426237345322,21.922229294337594
2024-01-12 09:19:00,40.69243017896176,-74.07654654458757,40.688295611690585,-74.09385478732679,4,card,medium,1.5300140877413833,4.008333501877035,10.632833909491355
2024-01-12 09:28:00,40.62325682704322,-74.10800238075107,40.61483999224552,-74.07616356189122,1,card,medium,2.84560590202444,8.90448938990613,15.079704645875097
2024-01-12 09:36:00,40.64416215140983,-74.14813372573232,40.68626931046696,-74.11426122657541,3,cash,low,5.484918879391405,8.445076195935082,16.82203558094468
2024-01-12 09:45:00,40.86917709883326,-73.89987331508755,40.9121382616058,-73.88796545978477,2,card,low,4.880805093946539,9.286960161482144,18.47121687569159
2024-01-12 09:54:00,40.73173599511735,-73.92386052743757,40.80219342049113,-73.8992403553493,1,card,medium,8.104230084765026,21.59728847236862,32.20845456763968
2024-01-12 10:03:00,40.657475047427965,-73.98689801204249,40.66640968742324,-73.92946075188414,1,card,low,4.945581165788659,9.87361089072106,20.038487800479302
2024-01-12 10:11:00,40.83817597400761,-73.79550493376239,40.83336481576405,-73.79211770082199,4,card,medium,0.6061384364002809,1.2766388175359407,4.017578741148824
2024-01-12 10:20:00,40.768353582777735,-74.20739918510756,40.657660171677996,-74.1458698374088,2,card,high,13.356436087311312,78.94051963577127,68.69759427106611
2024-01-12 10:29:00,40.58719304388392,-74.18365849551616,40.58,-74.21635760328462,2,card,medium,2.8748713229293026,7.40891413180909,14.801827170907195
2024-01-12 10:37:00,40.68756289549448,-74.0644406635981,40.669821573261224,-74.06773876060242,1,cash,low,1.992253521764139,1.827271067496145,9.085224599040984
2024-01-12 10:46:00,40.64018047978126,-73.92550015354992,40.590632827875176,-73.94713764889364,2,mobile_wallet,medium,5.80427770131385,13.817438998015557,17.439560328252874
2024-01-12 10:55:00,40.80299677273417,-73.96211956095485,40.839632648178664,-73.92644783002659,1,card,low,5.0601614687017245,8.401399578564948,18.44525630007328
2024-01-12 11:03:00,40.67351055381428,-74.22223822939137,40.61455961054323,-74.26,9,card,high,7.2883004145085275,53.128436251723265,42.64764147016093
2024-01-12 11:12:00,40.60208190493138,-73.77120335008931,40.58,-73.78568279648697,1,mobile_wallet,low,2.742949577686884,4.851840901870999,8.962914608074371
2024-01-12 11:21:00,40.5986778963272,-74.10441694360469,40.58,-74.1881023856917,1,card,low,7.365333205899288,7.808905891216856,22.588854365236912
2024-01-12 11:30:00,40.77778728130596,-74.07692396697063,40.832000720058936,-74.05017704311999,1,card,high,6.434900558281876,47.96045116909409,37.87029897926283
2024-01-12 11:38:00,40.58738597493939,-73.94194880248786,40.58,-73.8858432400802,1,cash,low,4.808639952762896,9.750125661502908,17.37152167029972
2024-01-12 11:47:00,40.86858931846627,-73.77796558609553,,,1,card,low,3.2638455063698206,2.806950255531769,14.047451294444578
2024-01-12 11:56:00,40.632835020547475,-73.92202899805733,40.641641796285995,-73.88546075545119,1,card,low,3.2372958920144232,6.171949017197811,14.744761183025549
2024-01-12 12:04:00,40.78623255396645,-73.77306560193067,40.826880535811576,-73.75,1,mobile_wallet,medium,4.919126876827438,10.633700601012558,17.224961229389976
2024-01-12 12:13:00,40.731193929523656,-74.16432852940156,40.7694536068689,-74.13284230712192,1,card,high,5.0133453210794165,26.92469726780876,29.559057014596945
2024-01-12 12:22:00,40.730569517218846,-73.9444069362238,40.72906471213972,-73.91675913321103,1,cash,low,2.3356865999739913,6.5071654774905685,11.3262096909819
2024-01-12 12:30:00,40.60441102840242,-73.8372717651431,40.58,-73.80672065954981,1,card,low,3.744653185601259,8.81809766542686,18.31831934221427
2024-01-12 12:39:00,40.852935765072154,-74.00039752119002,40.8425074251731,-74.02990321703587,3,card,high,2.7393583091991474,10.043602678373516,18.504007490224776
2024-01-12 12:48:00,40.88363784481611,-74.07529142532704,40.88273984081216,-74.08430013028543,1,cash,low,0.7639019665103666,2.0407166771970795,4.099753366285583
2024-01-12 12:57:00,40.58374566691064,-73.75777314968374,40.59661608240251,-73.75461220295186,3,mobile_wallet,low,1.4558017767873104,1.6202666875711946,3.3527852650768546
2024-01-12 13:05:00,40.64072541973702,-74.1880964563977,40.60753543820208,-74.20320318763918,1,cash,low,3.9045782099744346,7.836627106126145,14.434599734571307
2024-01-12 13:14:00,40.88732742419047,-74.0504259409604,40.92,-74.12090987458197,1,card,high,6.9489837070277085,28.613934689760434,-35.22595384373301
2024-01-12 13:23:00,40.76682782835202,-73.81457938619407,40.767440702176195,-73.87015479060429,2,cash,medium,4.680816124403963,10.611486744194261,17.73609056797105
2024-01-12 13:31:00,40.63101345660439,-73.80075481928198,40.589591075952846,-73.79040589410592,1,card,medium,4.688072416043628,9.917092591553903,17.97229370571011
2024-01-12 13:40:00,40.64894875388711,-73.76000512820451,40.628328501143734,-73.75,4,card,medium,2.443346362892971,5.301732957614018,14.756556071936407
2024-01-12 13:49:00,40.804395323040616,-73.80872772794517,40.89117974246912,-73.80830734203298,1,cash,medium,9.65005193628334,22.652046436158557,33.27921437680802
2024-01-12 13:57:00,40.826437719563934,-74.23401191705243,40.856334724746525,-74.109594933269,2,card,high,10.981427410716728,65.71141812223063,58.996040205587136
2024-01-12 14:06:00,40.78380511491718,-73.78581908518998,40.83098565991758,-73.82720839454697,1,card,high,6.297450759284223,54.55311671558102,41.25916942077342
2024-01-12 14:15:00,40.90407044917026,-74.04163473238255,40.85719903553316,-74.02161233598959,2,cash,medium,5.476958422787875,12.148554496894974,18.729263878787034
2024-01-12 14:24:00,40.747981625245004,-73.92767421439714,40.716984289096736,-73.86957009691791,1,cash,high,5.987419319907553,39.36018643232656,35.9781090239563
2024-01-12 14:32:00,40.68209245012846,-74.05891930672477,40.6514284463638,-74.01096383627232,1,card,low,5.290131626571419,7.9911295313472035,18.987619971332066
2024-01-12 14:41:00,40.742259189391774,-73.8450292809271,40.75055690758326,-73.81555127214723,1,card,medium,2.649152825413767,7.656972769676275,13.470378000309573
2024-01-12 14:50:00,40.70228653984665,-73.96628116907539,40.6944564574478,-73.9181197402525,2,cash,medium,4.152445421729617,12.081888716355625,20.0523172424742
2024-01-12 14:58:00,40.656301403509396,-73.82877223229745,40.63427415500283,-73.82627948665285,1,card,low,2.4583310334143764,6.234809828454516,10.889173821364142
2024-01-12 15:07:00,40.59562750477565,-74.16117654952441,40.58,-74.08634687100749,1,card,low,6.553388409915724,13.241448714139217,24.212826814924806
2024-01-12 15:16:00,40.69975224781214,-74.16565862167501,40.664020664411765,-74.10791646188906,1,card,low,6.284386279156652,9.88094475487644,23.117949154809505
2024-01-12 15:24:00,40.821879178221316,-74.03540783119176,40.813786410310755,-74.07375807322374,1,card,low,3.3503378226920204,4.424566995437623,17.037013403371127
2024-01-12 15:33:00,40.58626885297756,-74.25757671206914,40.63636355425008,-74.24310615487559,2,card,high,5.702634931423285,27.69307047708179,30.224651976020084
2024-01-12 15:42:00,40.72932069449002,-73.90664499300291,40.661229423670285,-73.97627334133162,1,mobile_wallet,low,9.58042890245887,15.208371219380567,25.9354201258724
2024-01-12 15:51:00,40.798963196492956,-74.10901259881791,40.81455477100654,-74.0405320950223,1,cash,medium,6.018792899714667,11.942761873700995,22.19690598504872
2024-01-12 15:59:00,40.787537397119266,-73.97577733343063,40.84964156838885,-73.9656869185842,2,card,low,6.957675862205812,11.759648494848939,28.88501999233627
2024-01-12 16:08:00,40.844060468202166,-74.22429818416498,40.835817048766714,-74.16360340618196,1,card,medium,5.187473624693627,8.047651795022336,20.642254581453518
2024-01-12 16:17:00,40.85557670332433,-74.17297137671483,40.831777282012766,-74.17789246442938,1,cash,low,2.678555372251747,5.782481282118959,13.457430012389604
2024-01-12 16:25:00,40.82197997911259,-73.94234182328881,40.86357039598037,-74.02587386073326,1,card,low,8.411999583848882,12.112167011553124,28.650935137839838
2024-01-12 16:34:00,40.614951216689214,-74.10411206017338,40.58,-73.98543052082523,1,cash,medium,10.747597373823789,25.13412253931113,39.19722831204663
2024-01-12 16:43:00,40.74150763096148,-74.15049180928133,40.74048651211424,-74.1445928246579,2,card,low,0.5097876728429739,1.0306351574420898,3.876528514844944
2024-01-12 16:51:00,40.78515802554579,-74.14328828458804,40.73836504102843,-74.18829767264111,3,cash,medium,6.437613781300252,18.90977003558734,23.36675286803127
2024-01-12 17:00:00,40.66349245319521,-74.15044212399,40.58,-74.09888282101241,4,card,medium,10.25318427179728,18.624051114604296,34.24793672229406
2024-01-12 17:09:00,40.5944676179999,-73.94234601579042,40.587628326084136,-73.85073243813443,2,cash,high,7.7729976977736355,52.98050288583751,41.71405679273944
2024-01-12 17:18:00,40.65602070909785,-74.17447748062058,40.59916793125084,-74.18358719847114,1,cash,medium,6.368315306144052,18.53130056324373,23.582481604748537
2024-01-12 17:26:00,40.7346640965891,-74.07501975681826,40.73413892348929,-74.07948566530098,0,card,medium,0.38078907479795504,1.372753115534849,8.298794693355424
2024-01-12 17:35:00,40.720736308478564,-73.90917769854734,40.7709126415757,-73.89846561798532,1,mobile_wallet,medium,5.651861538521383,13.453686329548134,17.518403953426557
2024-01-12 17:44:00,40.640066773651235,-73.9980277607527,40.72350826695182,-74.04802143917254,1,card,medium,10.191076177635798,27.46916259879648,39.53743393291584
2024-01-12 17:52:00,40.86030128451239,-73.9553867559045,40.864510102289834,-73.98646679113565,1,card,medium,2.6552390314652636,4.1510375967556294,13.581625994637019
2024-01-12 18:01:00,40.894733467370486,-74.1320374404735,40.92,-74.05185077657707,5,cash,medium,7.300922421068005,15.737590333767821,26.75039406004594
2024-01-12 18:10:00,40.64845842847792,-73.78431541468575,40.666411747732724,-73.79026470439123,1,cash,medium,2.0584311052774775,6.455757213035207,11.42399970012712
2024-01-12 18:18:00,40.896054791292855,-74.04892158335868,40.878814678668476,-74.0866116473698,1,card,high,3.703150619234048,24.743081787781215,21.548272709766458
2024-01-12 18:27:00,40.58607272611956,-74.11364839232772,40.58,-74.13399027766407,2,card,medium,1.8457935646993886,4.807800000102295,12.407650436255432
2024-01-12 18:36:00,40.894487240720366,-73.79879364613018,40.92,-73.75051658020033,1,card,low,4.950556895976385,9.496862395674674,17.758425232098556
2024-01-12 18:45:00,40.90365578862751,-73.92580229621517,40.85644619010986,-74.01471765604579,1,card,medium,9.134409726779548,21.84046931607083,33.75549923855734
2024-01-12 18:53:00,40.584097633425415,-73.94688760979939,40.64632232443922,-73.93542836441847,1,card,high,6.986351193673892,47.24251095484898,40.191584982669994
2024-01-12 19:02:00,40.839426560904094,-73.80776532739526,40.8635829042209,-73.75,4,card,high,5.551628559264722,21.438678394701224,28.597021383319493
2024-01-12 19:11:00,40.90986853467375,-74.2301444540016,40.86594795933762,-74.1387466357736,1,card,low,9.10391847740677,14.046272993893588,28.98082408098264
2024-01-12 19:19:00,40.88800675439805,-73.83278344887613,40.9020466806799,-73.80698932373929,1,cash,medium,2.67167250484954,5.171612208308528,12.961193201505868
2024-01-12 19:28:00,40.910041454806716,-73.9142891742044,40.92,-73.85504925675242,1,cash,high,5.099490121787225,26.092765888661205,26.857488120921214
2024-01-12 19:37:00,40.7671099919372,-74.07640367466213,40.83621435807606,-74.0175964918463,1,mobile_wallet,low,9.140367744186587,12.894451408951094,25.39546607482568
2024-01-12 19:45:00,40.60657308756103,-74.12926081531283,40.58350100003498,-74.13492415546985,1,card,medium,2.609681365838584,6.084598955258405,14.73739783841286
2024-01-12 19:54:00,40.86892832725371,-74.20654899106042,40.8368891931354,-74.16493326990903,1,card,medium,4.994318730588766,14.66253202353671,19.802510286638658
2024-01-12 20:03:00,40.78870160697507,-73.78005217317418,40.79321096865429,-73.75,1,card,high,2.579166559602894,10.651676512788963,17.25518254217597
2024-01-12 20:12:00,40.789010493024016,-74.18762482730195,40.781562375220375,-74.24449412824254,3,card,medium,4.8590776991826115,12.23539201264628,19.29524592759885
2024-01-12 20:20:00,40.72186622735195,-74.12768634677725,40.77585440970588,-74.10173705729058,1,card,medium,6.388808690139055,15.132543679015534,22.996112608125323
2024-01-12 20:29:00,40.77442627201718,-73.90753533841958,40.80770778315616,-73.8912689432556,1,card,low,3.9459694737055786,6.024752788782106,14.536683375728387
2024-01-12 20:38:00,40.63221712488928,-73.89782225667814,40.58,-73.8931798548543,1,cash,low,5.81949075123226,8.943617834577683,18.28870888621056
2024-01-12 20:46:00,40.831521809032495,-74.17800796065268,40.85216219552657,-74.17734946189773,1,mobile_wallet,low,2.295774639861943,4.375585441187888,11.833472645909774
2024-01-12 20:55:00,40.60550588449952,-73.84479310800953,40.59744679126049,-73.83436795924565,1,card,low,1.2560677288075741,1.5533221105925155,9.55293895945066
2024-01-12 21:04:00,40.82812546079489,-73.99975349272006,40.82979532691615,-73.98555274381684,1,card,high,1.20915414097949,7.430612276995927,12.081920739832663
2024-01-12 21:12:00,40.86865266369245,-73.82728709416129,40.87985509933418,-73.77694940598245,1,cash,low,4.4118825174082685,7.744199648667575,14.786979178005215
2024-01-12 21:21:00,40.74063935037193,-74.21548445117776,40.794582155609376,-74.19404129133254,1,cash,low,6.264107740286457,5.749181711041875,18.660292077638495
2024-01-12 21:30:00,40.753342324459396,-74.23815670046223,40.79734300781897,-74.24616114722267,1,card,high,4.938861135955105,62.79046169261174,43.7760827255071
2024-01-12 21:39:00,40.686152852793505,-73.93513490543788,40.652414429462574,-73.97293137102497,1,cash,medium,4.922979761207569,8.786865893034065,17.140240281012453
2024-01-12 21:47:00,40.9096159184667,-74.183487863474,40.906978379920666,-74.20474777677622,1,card,medium,1.8105210313248552,4.926679301042561,11.856793703176214
2024-01-12 21:56:00,40.82926232135025,-73.99227598667602,40.809078858671676,-73.98052351204646,1,cash,low,2.452535918556118,4.567027090728447,13.788639473867775
2024-01-12 22:05:00,40.705456108122114,-74.25280453276491,40.62977303952132,-74.26,2,cash,high,8.43742695716288,59.58491920497351,46.599157650540775
2024-01-12 22:13:00,40.63943451131922,-73.86223607712041,40.63451283847717,-73.81967160812826,1,card,medium,3.6330620669870792,9.074771852553896,16.577523447669957
2024-01-12 22:22:00,40.65465706134871,-73.80123961320896,40.73767101058887,-73.78188713187869,2,card,low,9.373805907540877,12.017575130715514,29.740498908295713
2024-01-12 22:31:00,,,40.66069162455868,-73.78071105749565,1,cash,medium,9.602429228202155,24.58076285086349,34.15311705593424
2024-01-12 22:39:00,40.90047325610688,-73.77124006529328,40.899390475392174,-73.7999869302368,6,card,medium,2.419090323011568,8.406391151391036,15.744068588930132
2024-01-12 22:48:00,40.829609757558714,-73.79942116512402,40.82708354101528,-73.83681921003318,1,cash,medium,3.1591121043292714,6.231432423497076,11.112107046950234
2024-01-12 22:57:00,40.65318287438091,-74.03355081067191,40.666130970610304,-73.98242823548986,1,card,medium,4.546279001543289,10.639617755861583,20.312159472746615
2024-01-12 23:06:00,40.872250785362425,-74.05684241369374,40.828928162279695,-74.0509944856437,1,cash,medium,4.84230199940725,9.22174426149347,18.580001780300268
2024-01-12 23:14:00,40.708588177823295,-73.80294632933452,40.6444582012373,-73.8120596001351,1,cash,medium,7.1722218555463435,17.810526432311327,28.13652094977628
2024-01-12 23:23:00,40.86958554213586,-73.78726121436782,40.8075486475801,-73.75582149206346,1,cash,low,7.38785002422802,10.133785031295234,22.76699607046662
2024-01-12 23:32:00,40.66217786331358,-73.7638536663578,40.7220698824385,-73.75,1,card,high,6.76133893803901,44.42907698942336,39.534260322978824
2024-01-12 23:40:00,40.79034460805835,-73.86815821023018,40.74612373921207,-73.92466757838318,5,card,low,6.842902379788567,12.491241147208152,25.54726222468912
2024-01-12 23:49:00,40.89506796594764,-74.1569856967299,40.872587667323245,-74.09467666619103,3,card,medium,5.804043125259404,12.374967426830384,21.043001522584966
2024-01-12 23:58:00,40.66768396311025,-73.77807339058353,40.76239243004783,-73.79654170303722,1,card,low,10.645510975301805,16.560025851437956,32.588848018878615
2024-01-13 00:06:00,40.81559504079919,-73.77695785192373,40.78255353624425,-73.75,2,card,medium,4.318311403373506,13.08754175206693,20.32042298301587
2024-01-13 00:15:00,40.91568629078543,-73.9202730044044,40.92,-73.98028269201475,1,card,medium,5.065040876646282,11.639020909115066,22.04038847604017
2024-01-13 00:24:00,40.63120341766262,-73.82278706416176,40.67907494311076,-73.80850411445014,1,mobile_wallet,medium,5.457728569796872,11.147971355458779,17.39954996637757
2024-01-13 00:33:00,40.61005677883823,-73.97380002520639,40.655764187252295,-73.98215297924862,1,cash,high,5.1310772584097375,36.48861117896539,31.31079919393174
2024-01-13 00:41:00,40.809226365431236,-73.77849525784002,40.74930542936427,-73.86738081827956,1,cash,medium,10.020348229144494,26.79835169109729,36.72382182838565
2024-01-13 00:50:00,40.69551022223467,-74.21209243773804,40.663409362088096,-74.1824730787257,3,mobile_wallet,high,4.356547841099542,23.836035160667283,22.141683194662413
2024-01-13 00:59:00,40.60422312230464,-73.81937851479277,40.61782950123598,-73.9059556809963,2,cash,high,7.463218578516514,42.96179390382694,38.89171090905222
2024-01-13 01:07:00,40.74160391008043,-74.23169314919106,40.82840969566268,-74.24481815793457,3,card,high,9.715410972471098,48.37724908102253,47.77361664024614
2024-01-13 01:16:00,40.836282031078944,-74.08705540336881,40.80201405144009,-74.03736300687157,1,card,medium,5.657307714731758,11.634502490831794,24.37988163898309
2024-01-13 01:25:00,40.676941616141164,-74.19098392226623,40.654729031856164,-74.2148355412445,1,cash,low,3.185534646464472,4.447783548166306,12.541069574592484
2024-01-13 01:33:00,40.69391593835174,-74.01564110284392,40.71279678731479,-74.05630913966212,2,cash,medium,4.019958309510265,9.283232193862089,15.289216351345829
2024-01-13 01:42:00,40.86753779621997,-74.14155445942384,40.89542241645065,-74.10553841824856,1,cash,low,4.333822100461618,6.865222264917815,14.26823650805905
2024-01-13 01:51:00,40.75682445016891,-73.77444308653966,40.78743588036253,-73.78567139881349,3,card,high,3.532721659153576,15.920231997212204,20.569883730263037
2024-01-13 02:00:00,40.8665288693942,-73.97474611983677,40.82844285547664,-73.99297380609781,1,cash,low,4.503963099034505,7.932123581527977,14.234589871993004
2024-01-13 02:08:00,40.73177242732886,-73.8021573244851,40.70783026116681,-73.75,2,card,high,5.138947580141072,19.89128410449443,26.18516415062458
2024-01-13 02:17:00,40.904011554930435,-74.11819018078391,40.91370910892152,-74.17071772386586,2,card,low,4.543994459388614,8.65035916099893,17.242599133114343
2024-01-13 02:26:00,40.80127016050403,-74.24675144442726,40.858074169572305,-74.26,1,card,high,6.413921692247198,35.77630621293374,35.2623978898337
2024-01-13 02:34:00,40.619405614208546,-73.8644159481212,40.60867383051322,-73.82542583262307,1,card,medium,3.5007940925818297,10.734033355452816,13.784074170372046
2024-01-13 02:43:00,40.88093161599711,-73.9017873934143,40.87992803049334,-73.95722502441222,1,card,low,4.662084506560932,6.575373303726206,15.754338936314454
2024-01-13 02:52:00,40.74635016488247,-73.98179926070617,40.7001833852112,-73.90190863851804,1,cash,medium,8.466359442067073,19.991742571728764,34.02213686316611
2024-01-13 03:00:00,40.628157249110785,-73.8441752078381,40.71200245654594,-73.85393334466612,3,card,medium,9.359415111302933,20.659792161899905,36.38391005812912
2024-01-13 03:09:00,40.63191464550608,-73.83155696994946,40.63885647812746,-73.7922032377859,1,mobile_wallet,high,3.409294575749741,22.669157408268045,17.052312748657364
2024-01-13 03:18:00,40.81376153793736,-73.96016931291074,40.86226050301741,-73.92090972989972,1,card,medium,6.323829751088694,15.049913659428604,26.27833638741373
2024-01-13 03:27:00,40.59610665228802,-73.76737682615449,40.59745202665106,-73.7742297827328,1,card,medium,0.5976299146085791,1.0,4.182244010127398
2024-01-13 03:35:00,40.677441880070695,-73.89294690671517,40.681278898006646,-73.91450245174826,1,card,medium,1.8671118793378556,5.15304925771561,11.131621904901934
2024-01-13 03:44:00,40.627527780759756,-73.91479355815706,40.58,-73.916726963445,1,card,medium,5.287368061286193,10.990491763161694,21.615511768152498
2024-01-13 03:53:00,40.72996632606988,-74.0756748857951,40.633182041933715,-74.04360409465802,3,card,low,11.096503404023572,16.125147265777755,35.07844744534153
2024-01-13 04:01:00,40.720880282478085,-74.258848124914,40.7772160170107,-74.26,2,card,high,6.264999332239545,36.83602769758826,35.97214716352748
2024-01-13 04:10:00,40.75743798779421,-74.13711923631398,40.76095060743602,-74.19126587280688,3,card,medium,4.577235343996862,13.697100910867887,20.01477052624131
2024-01-13 04:19:00,40.67507635189486,-73.87040054152455,40.68436561742926,-73.80361141904564,1,card,high,5.726017699895699,63.54325541420641,42.35647169208304
2024-01-13 04:27:00,40.59089482038858,-73.89796566023705,40.58,-73.93103413840653,1,card,high,3.0439406497030292,16.664673882534704,19.49904440838648
2024-01-13 04:36:00,40.78889127622196,-74.09117870613666,40.74825338822125,-74.07524493144538,1,card,low,4.713750093844325,6.710156855231996,16.437830911083804
2024-01-13 04:45:00,40.70706412098,-73.9409526829854,40.754867711031075,-73.95005187238586,1,card,low,5.370527322966262,9.154196390028856,18.285455944924347
2024-01-13 04:54:00,40.80145389957162,-74.1604033854687,40.879760369259486,-74.16750733797375,1,card,low,8.727765504557885,14.944912535536673,29.95537418162575
2024-01-13 05:02:00,40.61694677007345,-74.1255498631728,40.588989439453684,-74.06118232571035,1,card,low,6.260495403956254,11.359386518580557,21.02573777862658
2024-01-13 05:11:00,40.58468430079998,-73.77682187210972,40.61490104877632,-73.78065448555881,1,cash,low,3.3754940646972327,5.742788638910224,14.259568410939142
2024-01-13 05:20:00,40.664420044281,-74.04927790780285,40.67297116625167,-74.06533508357265,1,card,high,1.6547320981674696,6.449611508757167,9.676840771640137
2024-01-13 05:28:00,40.73522608981798,-74.13505632690759,40.72980228751448,-74.14719353053995,1,cash,medium,1.187262850280201,2.6322556801275883,6.791105094028577
2024-01-13 05:37:00,40.71398447121728,-74.01157479411212,40.797322627125304,-74.03423042297061,1,cash,medium,9.461224940068702,23.05215535136822,39.53243121025194
2024-01-13 05:46:00,40.85550286879298,-74.06262190130845,40.83510879472196,-74.09277598247657,2,card,medium,3.4023749465263204,6.648531602896887,17.701168412481024
2024-01-13 05:54:00,40.70846479902556,-73.88794019095195,40.76429686769135,-73.91041529978317,1,cash,low,6.490617832720304,9.09837020359117,20.4851042357215
2024-01-13 06:03:00,40.76035000106505,-73.76932078568966,40.777514050331945,-73.75,2,cash,medium,2.5079745311804587,3.8121003315948325,13.38023602460108
2024-01-13 06:12:00,40.78179530143034,-73.95821391352658,40.78103528192393,-73.92619691630885,1,cash,low,2.697077782537771,5.679370062906712,13.394467206379092
2024-01-13 06:21:00,40.58742267315957,-73.95851493466218,40.64916344594606,-73.97404877936086,1,cash,high,6.9893373359738415,48.642759585531664,38.93115524828188
2024-01-13 06:29:00,40.755145348127705,-74.07393473205103,40.76820140055674,-74.02976022849319,1,card,medium,3.9937052176224803,7.858600796295793,17.508674097684537
2024-01-13 06:38:00,40.6972426281956,-73.9720382246926,40.69290338934955,-74.04346194575503,1,card,low,6.040814640617931,11.886536709586267,20.847940923279605
2024-01-13 06:47:00,40.723235243412304,-74.09714227814256,40.7853101411965,-74.03523675231536,1,card,medium,8.650637372122508,20.33652881574512,30.817067749580616
2024-01-13 06:55:00,40.614097715488384,-74.25944304210071,40.67031451690812,-74.2011610324585,2,cash,medium,7.953416462518495,18.780759308908063,29.90138260854087
2024-01-13 07:04:00,40.84615899232054,-73.81829095183197,40.90024734177246,-73.75,2,card,low,8.315210247464595,11.503613692949049,27.939658013312645
2024-01-13 07:13:00,40.9004174452749,-74.04098351638393,40.72546624990201,-73.9954637016254,1,card,low,19.82728314823508,28.975236993271334,58.08442084336449
2024-01-13 07:21:00,40.58757139901406,-74.00903487262246,40.60737934717229,-73.98935931814853,1,mobile_wallet,low,2.758772548450695,4.682250183352887,8.939400868366407
2024-01-13 07:30:00,40.78446673935586,-74.21741453313278,40.794012013044004,-74.15931321581371,1,card,high,5.005243859074959,36.3601984364489,29.455588701915108
2024-01-13 07:39:00,40.83970698287804,-73.83307363816326,40.83813813644419,-73.86123506257506,5,card,high,2.3754835622481005,9.16901966943855,15.174440705301162
2024-01-13 07:48:00,40.67683458014096,-74.17312809410744,40.704274663669736,-74.19092183623404,1,card,medium,3.4000767569303694,6.7216355166894655,14.343707389196819
2024-01-13 07:56:00,40.847768898853495,-74.05058320902,40.8594939581162,-74.05347422585041,1,card,low,1.3262471253583137,1.0,9.233322639256874
2024-01-13 08:05:00,40.79500071726054,-73.83146457099743,40.82550205104027,-73.7698649021069,1,card,medium,6.195140779064057,14.570836304590621,24.073371945149802
2024-01-13 08:14:00,40.89591529497216,-74.02653070049111,40.883857013623185,-74.06504522636631,2,card,medium,3.5041953122131875,10.003875211730037,14.600462752032348
2024-01-13 08:22:00,40.913541635860284,-73.7851123089121,40.92,-73.82840508530273,1,mobile_wallet,low,3.707916227423515,5.873252624235667,12.485865282601353
2024-01-13 08:31:00,40.594397678759556,-74.15324970525545,40.62945016738934,-74.14260549173613,1,card,medium,3.9998808718300345,16.619892415042646,20.629532043441685
2024-01-13 08:40:00,40.73127883874918,-73.89523125672306,40.75569253532235,-73.86294238435465,1,card,low,3.843039419611162,4.780611367605733,15.76664176519013
2024-01-13 08:48:00,40.765975847776595,-73.76122075298352,40.7881925832934,-73.79285937890083,2,cash,low,3.633191786880153,9.005632983427429,14.859780521354327
2024-01-13 08:57:00,40.6298926992906,-73.97969704501764,40.68197035812781,-73.94952823714291,1,card,medium,6.325323492109291,14.370262838404551,26.350126737883567
2024-01-13 09:06:00,40.6943371823453,-73.90698621169156,40.7403131327574,-73.8454082412993,4,card,low,7.284824730053436,11.955533353918096,25.550699024495955
2024-01-13 09:15:00,40.9158001322372,-74.05945440360348,40.91072538982762,-74.00543362739673,3,card,medium,4.574315872426373,9.148840999508437,19.42629141074782
2024-01-13 09:23:00,40.58551835515644,-73.87681795674001,40.63008232229349,-73.86091978215624,1,cash,high,5.133814309328966,30.147966727845557,27.98975735161296
2024-01-13 09:32:00,40.73385269671829,-73.7964742311729,40.74168504752018,-73.8005511298729,4,card,medium,0.936206854295708,2.151287623653037,7.124706292241252
2024-01-13 09:41:00,40.86650257138419,-73.90144166080424,40.92,-73.8233385972001,2,cash,high,8.859210274856059,36.86041586826328,42.11271463034824
2024-01-13 09:49:00,40.69012642932456,-73.7826763571957,40.73952418082167,-73.78198317744358,1,cash,medium,5.493090043310321,11.5636099410829,20.07433660481123
2024-01-13 09:58:00,40.743131490936754,-73.95978714748392,40.714979071601476,-73.91747118960124,2,cash,high,4.744862072152485,27.814008191396024,26.041210472292402
2024-01-13 10:07:00,40.91253555356791,-73.96565990537002,40.92,-73.87753723880667,1,card,medium,7.451003750780192,17.910407054225793,29.637795376534537
2024-01-13 10:15:00,40.74145812440174,-74.10464003206434,40.6468663317822,-74.067052968481,1,cash,high,10.985120896840476,87.6862950473869,65.408788748135
2024-01-13 10:24:00,40.62451324612981,-73.89808997950647,40.65319420945992,-73.94295908498728,1,card,medium,4.9501914691622195,9.141213545817605,18.303326434092803
2024-01-13 10:33:00,40.59758530716657,-73.81020421390436,40.58,-73.86596023906323,2,card,medium,5.0980262639486,11.374879441671197,21.16089106916093
2024-01-13 10:42:00,40.901441634629585,-73.93037872467424,40.92,-73.94377204857709,3,card,medium,2.3505637847050105,4.162096649464869,11.525917875633272
2024-01-13 10:50:00,40.67037520051352,-74.14114999749472,40.681751473451804,-74.1092225369391,1,card,medium,2.974827714048704,7.860521616663332,16.490904893793015
2024-01-13 10:59:00,40.75138172823195,-73.98250435149194,40.71566093230303,-73.96248898748397,1,mobile_wallet,medium,4.315171108006744,13.446801406031963,18.965454810887056
2024-01-13 11:08:00,40.610838600470586,-73.87447191735478,40.59884633842071,-73.77515322440891,1,card,high,8.48995862511236,47.14067116158999,47.427673431628016
2024-01-13 11:16:00,40.72404274098721,-73.78092470941489,40.69191582534726,-73.76134717646563,3,card,medium,3.935079499161068,10.639419255840004,18.48831594803074
2024-01-13 11:25:00,40.89623587654504,-74.18013601474452,40.882475912509385,-74.1948708694983,1,card,medium,1.9685522507572755,3.2627657878285072,12.631188603960792
2024-01-13 11:34:00,40.75082041783452,-74.19497648360706,40.736031275119494,-74.245976878247,1,card,medium,4.600518693449468,14.053393501138249,19.03514436525373
2024-01-13 11:42:00,40.910185951612796,-74.04939879958123,40.87638393752125,-73.99627911757585,1,cash,high,5.836390317463697,25.97709070806388,29.125045575905986
2024-01-13 11:51:00,40.66800411666072,-74.19593830357407,40.680156988181935,-74.19621105888844,1,card,high,1.351533416082133,3.4683538469550017,8.551620136106227
2024-01-13 12:00:00,40.75154538149934,-73.75998125462239,40.769150468852644,-73.82775754419286,1,cash,medium,6.03474199052497,19.13982272316295,26.1502569055816
2024-01-13 12:09:00,40.87224046921517,-74.0436047726859,40.827406681607755,-74.04260304555471,1,card,low,4.986001676479981,6.704804934266887,16.321767924402405
2024-01-13 12:17:00,40.73240580054827,-73.98785863527537,40.65778370621129,-74.03266685027609,1,mobile_wallet,high,9.117055854472385,45.2487937706046,42.93062139883454
2024-01-13 12:26:00,40.675025707013866,-74.14418523154069,40.6890187473606,-74.16333891950643,3,cash,high,2.242668023893556,9.998628520587733,15.18581727487227
2024-01-13 12:35:00,40.87086162356208,-74.03094567699617,40.89479804836246,-74.03066703805625,1,card,high,2.661712079123022,35.40441655830809,28.391931385364785
2024-01-13 12:43:00,40.712562419416685,-73.75780609322078,40.74542217370494,-73.79853910539585,1,cash,medium,5.013122118308071,10.163949581018647,20.221572299979037
2024-01-13 12:52:00,40.76044591896048,-74.01076955280284,40.78524876613221,-74.03271264040588,2,card,low,3.3197336179553845,6.45908831624312,16.150495750606048
2024-01-13 13:01:00,40.91201920258115,-74.25549979783972,40.92,-74.26,1,card,high,0.9646291825412902,7.01777883755828,8.567914743229329
2024-01-13 13:09:00,40.643404320216995,-74.13631095957219,40.6882723751289,-74.1685889734066,2,card,low,5.683561684781163,6.564775486968776,18.77088317001797
2024-01-13 13:18:00,40.682476216484865,-73.76098803645597,40.803068485323564,-73.80634895972689,2,card,low,13.943163032501246,22.627488943857948,44.164906429459364
2024-01-13 13:27:00,40.59056366402375,-73.75557556816052,40.73009278788123,-73.77729997356766,1,mobile_wallet,medium,15.622772644670183,37.859608040529444,52.16812178820239
2024-01-13 13:36:00,40.713224821369415,-74.15264852421643,40.634110204925406,-74.19290995409627,1,cash,medium,9.429662226123645,27.26111888933332,34.45801473460474
2024-01-13 13:44:00,40.648062366398854,-73.94621531519964,40.58,-73.91981902998073,1,card,high,7.889353607313506,40.96318924502441,42.81963869780935
2024-01-13 13:53:00,40.811211878038684,-74.22077675144224,40.810879269635585,-74.21174074903338,1,mobile_wallet,medium,0.7613687826715241,1.7798156761062234,807.834113450531
2024-01-13 14:02:00,40.641649295980386,-73.96550476235325,40.664339755325,-73.91174257722867,1,card,low,5.189949596590883,7.421307130235341,21.173272324480806
2024-01-13 14:10:00,40.809436335818,-74.19578044224193,40.80602151041274,-74.11087878967223,1,card,medium,7.155761595545508,19.669452273232245,26.663715035860598
2024-01-13 14:19:00,40.669581645584366,-73.84248262294224,40.701242765656964,-73.81200299731576,1,cash,high,4.358818232320416,23.97620951534547,22.291195443273978
2024-01-13 14:28:00,40.70077406360121,-73.78081675632285,40.688613170208285,-73.76058534021435,1,card,high,2.17664764664142,9.970629206252806,15.731254694081482
2024-01-13 14:36:00,40.69861262169577,-74.17177672789477,40.66738483734214,-74.1384615506415,1,cash,low,4.466432259545965,9.506085082999627,16.106694942721393
2024-01-13 14:45:00,40.823695595055625,-74.02401679401665,40.799265506362325,-74.00302029725155,1,card,medium,3.240657490134622,6.886260534905791,13.979674550068067
2024-01-13 14:54:00,40.738613149467035,-74.20795807077793,40.72960557285914,-74.20569910023374,1,card,low,1.0195213048895175,2.5034913816812576,6.634163129435892
2024-01-13 15:03:00,40.70284162560991,-74.08703859639279,40.74079968109262,-74.08835825767842,1,card,high,4.222208095907487,27.764540269453803,24.459622819498094
2024-01-13 15:11:00,40.86989172447341,-74.22680014507213,40.84798839312345,-74.26,2,card,medium,3.7050739939498514,8.19206212280786,19.077671646987515
2024-01-13 15:20:00,40.77446321271801,-74.12508127071112,40.76145962108676,-74.0873298907674,3,card,medium,3.4925853084838705,8.19885946321174,13.708056523999547
2024-01-13 15:29:00,40.65270247923452,-73.75498592978445,40.67836223721652,-73.75639419622807,2,card,low,2.8557062068062558,4.946041386666655,11.832148110605322
2024-01-13 15:37:00,40.88603103456885,-74.23725233366609,40.87708519667932,-74.17202397982301,1,card,high,5.573269821137477,20.93031863384713,25.68529696805283
2024-01-13 15:46:00,40.69650110065144,-73.82192615189447,40.74675307543048,-73.78074503623313,1,cash,high,6.577785899771438,27.946307493694356,31.461432048275988
2024-01-13 15:55:00,40.593252988362686,-74.22049918534542,40.58,-74.24866700834784,1,card,medium,2.7981144767915396,7.21239476058701,15.068075467471791
2024-01-13 16:03:00,40.74816407615131,-73.99021156513015,40.697027707110365,-73.93411046801971,1,card,low,7.394826936997386,13.246910591028144,28.973601159203962
2024-01-13 16:12:00,40.6221389385099,-74.02941890586206,40.63584724504072,-74.14465229390471,5,card,medium,9.843339949944387,24.104411996707633,36.3508481731224
2024-01-13 16:21:00,40.661078590863355,-73.78490712338947,40.67927157166527,-73.75,1,card,high,3.57205841852512,13.8974631809912,19.2570860385701
2024-01-13 16:30:00,40.83401769671372,-74.1584845702346,40.79509451947997,-74.21871460773335,1,card,medium,6.665113248016489,18.23490750522804,27.36362042711785
2024-01-13 16:38:00,40.62445561654795,-74.16836217215639,40.684917409607685,-74.14608212409371,1,card,high,6.980820190708082,76.28317056502354,52.97365776842609
2024-01-13 16:47:00,40.85436103628037,-73.87815581483041,40.92,-73.85892208735378,3,card,low,7.475661751964436,13.750574114091739,28.497333278999278
2024-01-13 16:56:00,40.898548477964525,-73.88988306871882,40.87029503838669,-73.83931580993594,1,mobile_wallet,medium,5.285939621198909,12.255811021187382,16.95163763163383
2024-01-13 17:04:00,40.7862209141387,-73.90341729704868,40.853149444411606,-73.91820865337738,3,card,low,7.545480105083806,10.408354719947356,26.194436548766564
2024-01-13 17:13:00,40.821522125287764,-74.24667517075208,40.71432617754773,-74.26,2,card,medium,11.972349839040966,26.364698241641012,43.74500471757753
2024-01-13 17:22:00,40.822619447368524,-74.1274205597703,40.87104449937083,-74.14214851578242,4,cash,low,5.5252916757183295,8.440193883815711,19.241298383356163
2024-01-13 17:30:00,40.91755470547195,-73.8316534592943,40.878955380771174,-73.84151576290678,1,card,medium,4.371360533115093,12.615480854213287,20.013762770481875
2024-01-13 17:39:00,40.69612300914855,-73.95356235805704,40.740046279837294,-74.04577599880481,4,card,medium,9.17883807040737,20.33158198143863,35.368811267022735
2024-01-13 17:48:00,40.63537122742252,-73.95288059042659,40.59211380805447,-73.95083886802335,3,card,high,4.813092055444839,26.051520262101224,28.149972534495145
2024-01-13 17:57:00,40.75651685987087,-74.10908253124354,40.753434920812666,-74.15749584823345,2,card,medium,4.092280153576411,12.381131394222802,19.281271109940327
2024-01-13 18:05:00,40.76130493534278,-74.12731172483596,40.724849733498395,-74.09810289519676,4,cash,low,4.742061083995246,7.0471739165649145,16.06474079097209
2024-01-13 18:14:00,40.64049024602069,-73.77725700711069,40.6308656146205,-73.78833059522289,1,card,low,1.4207306381164224,1.0126512693012786,9.934495267188876
2024-01-13 18:23:00,40.788457202458005,-73.88884480778486,40.870803783759875,-73.80059553793647,2,cash,low,11.788645336260736,16.880037645453132,35.33339071983896
2024-01-13 18:31:00,40.58480240938212,-74.19529827992106,40.58,-74.20682631947888,1,card,medium,1.1103741902671362,1.082233326512474,7.114338810431631
2024-01-13 18:40:00,40.89540725683444,-73.78176945950668,40.92,-73.76240185252132,2,cash,medium,3.182303886367975,8.261790833148448,11.266975592658063
2024-01-13 18:49:00,40.669955254459225,-73.9629912225728,40.65259368921005,-73.97257944036348,2,card,medium,2.093083230173452,4.1175187799942075,12.71348765890025
2024-01-13 18:57:00,40.593450470852666,-74.08998519285188,40.66057988252397,-74.1630322613326,2,cash,high,9.680962547313184,98.41000734412148,65.74549305233616
2024-01-13 19:06:00,40.61680481010145,-74.0574588823362,40.58,-74.06667096756739,1,card,low,4.165758830315789,8.077912439894495,13.995042164986806
2024-01-13 19:15:00,40.661684642415075,-73.89004369972017,40.64879173492306,-73.85614009486746,2,card,medium,3.199215604447997,9.158861527190883,14.440328816160822
2024-01-13 19:24:00,40.67312809732606,-74.0681009476401,40.64900314798641,-74.04101140638518,3,card,low,3.523836425706362,2.384093223242911,13.990667346664262
2024-01-13 19:32:00,40.591155399829226,-73.96484015244951,40.6603521518651,-73.97803720065177,1,mobile_wallet,low,7.77451858565537,11.135966912599883,21.07783541804129
2024-01-13 19:41:00,40.67498063614587,-73.89764525670931,40.683316831517494,-73.96319928197053,1,card,medium,5.605156082697239,17.03482316761678,24.22058212345565
2024-01-13 19:50:00,40.645600190407784,-74.16035875137396,40.58,-74.13135811492596,3,card,medium,7.694215645463251,22.41518738996987,32.589380620238266
2024-01-13 19:58:00,40.70873111532774,-73.7784368420163,40.64977528086518,-73.75955994567045,2,mobile_wallet,high,6.746086361768392,34.688526173671356,30.884606073557528
2024-01-13 20:07:00,40.71095703070103,-74.07835188656794,40.66538722947896,-74.04039839814457,1,cash,medium,5.993019380780794,9.428192247133456,21.50022943805902
2024-01-13 20:16:00,40.69526263180498,-74.04611887389078,40.73729489504003,-74.05845392267634,1,cash,medium,4.787998881497839,11.640553643567284,17.174555633665076
2024-01-13 20:24:00,40.69149412040044,-73.90375767238741,40.72771945716497,-73.97955453806384,1,card,high,7.5526300342541095,47.497231484226816,42.83001033439338
2024-01-13 20:33:00,40.61050863443202,-73.94951960441225,40.59699065994877,-73.92550039617379,1,card,high,2.524124767874114,11.287370260978397,15.2261553942477
2024-01-13 20:42:00,40.58856968202289,-74.03553888316102,40.58,-74.03595030758933,1,mobile_wallet,medium,0.9535383396421976,1.634556087493403,2.5
2024-01-13 20:51:00,40.6487188620532,-73.9286315594466,40.680956332891455,-73.8660057896436,1,card,medium,6.383659230771773,11.480206839121108,23.463924030030192
2024-01-13 20:59:00,40.83726080532165,-73.79955756313825,40.78643226616221,-73.79826457667816,3,cash,medium,5.6529231156879,16.004205003026893,23.171727673320333
2024-01-13 21:08:00,40.91687532028738,-73.85185535551084,40.92,-73.85390136552437,4,cash,medium,0.3876527213055776,1.0,-4.160085127412559
2024-01-13 21:17:00,40.895698899519495,-73.83962790492306,40.91246220937865,-73.82085145368909,1,mobile_wallet,low,2.442250549877054,5.192114213797803,7.294792129930723
2024-01-13 21:25:00,40.751434580882844,-74.12821171163067,40.73907804919484,-74.15507360972671,3,card,medium,2.647398090426931,9.08509407382509,16.85345910096294
2024-01-13 21:34:00,40.760820110964495,-74.04610429185821,40.778715619391555,-74.07513539930878,1,card,low,3.1522368776796164,7.283425139167242,14.245594580629696
2024-01-13 21:43:00,40.686957733472184,-73.97755223775643,40.69155197936055,-73.98195752474163,1,cash,medium,0.6316121746261621,1.3718739153473054,6.4580761419431
2024-01-13 21:51:00,40.8431394091368,-74.23746268222764,40.86552328640085,-74.26,2,mobile_wallet,medium,3.128565190490412,5.895563965094251,8.231681129805276
2024-01-13 22:00:00,40.840017273897104,-73.86740598800756,40.7799826700155,-73.87771528395353,1,mobile_wallet,low,6.731692602112644,9.648973399211705,20.368036505355363
2024-01-13 22:09:00,40.86705260157803,-74.09503365354831,40.89470519070182,-74.00775339246312,1,card,medium,7.9559683911123855,25.697772404673824,35.33750885415978
2024-01-13 22:18:00,40.88447155624694,-74.11587600019908,40.92,-74.06895748249639,4,card,low,5.581771222054542,7.542998215028246,20.7544057913954
2024-01-13 22:26:00,40.7276787443966,-74.12776107522836,40.742121558322,-74.11389936786539,1,cash,high,1.9857526746588243,11.40196658987683,14.372060140327891
2024-01-13 22:35:00,40.84073769315645,-74.11547657463576,40.867792406451066,-74.04565109789279,1,card,high,6.5983747841466815,34.679797936995094,35.8032667591563
2024-01-13 22:44:00,40.8541755677906,-74.08761243559951,40.84922919850716,-74.1247327600098,1,card,medium,3.1702077730716156,7.7297194708873,15.188960353899272
2024-01-13 22:52:00,40.68487627164924,-73.95153947538117,40.72498623713108,-73.83946968123657,1,card,low,10.446769515599437,14.764529132317866,31.272732103441406
2024-01-13 23:01:00,40.895942362962096,-73.96238168583098,40.89887848372119,-73.98310429912117,1,card,high,1.7720777246555783,15.62919108613589,15.055879325911404
2024-01-13 23:10:00,40.61207611089748,-74.12958700566304,40.58,-74.03941574036513,1,card,high,8.407405117158714,68.31820965663745,51.93701619552
2024-01-13 23:18:00,40.91805152091552,-74.15472361894767,40.92,-74.06475048179759,1,card,high,7.562906835261244,26.518236164838658,33.58220526232689
2024-01-13 23:27:00,40.84183084417402,-73.83855732306361,40.76829426303617,-73.91745266436949,1,mobile_wallet,medium,10.53360835646231,28.305616300600214,38.06580730141397
2024-01-13 23:36:00,40.61171210781027,-74.21271109778506,40.62443719630325,-74.14669195134368,1,cash,low,5.74914251584557,8.918374122653143,19.544951398107052
2024-01-13 23:45:00,40.8031180803557,-73.99846035098753,40.78582805210359,-74.0112362623079,3,card,high,2.2029360295880904,7.95827534353367,17.26632688386896
2024-01-13 23:53:00,40.59162099971561,-73.99451395416347,40.58,-74.02007253474278,1,cash,medium,2.515553485809723,7.018732966560575,14.087368574074153
2024-01-14 00:02:00,40.84186356281102,-73.96719022852608,40.8496030565577,-73.94358151311866,3,card,medium,2.1643245271676266,9.896657352811038,12.412628088980036
2024-01-14 00:11:00,40.85173579336408,-73.80831844088736,40.81981782477727,-73.85367463050133,6,cash,high,5.211161242727568,25.035158132980133,28.074160572136485
2024-01-14 00:19:00,40.78481948605109,-73.94180389055167,40.807868756686844,-73.91921402159544,1,cash,medium,3.191362985016146,9.502236751426505,13.26901628900811
2024-01-14 00:28:00,40.87133253325163,-73.76344677921351,40.873888381719624,-73.8057825309169,1,card,low,3.5709957758270923,4.4177293471612575,15.669841043886315
2024-01-14 00:37:00,40.61328031527305,-73.81560992749215,40.5855020874595,-73.80764135992537,1,mobile_wallet,high,3.1612167963217797,22.676558223263704,18.636614510977335
2024-01-14 00:45:00,40.673814106293875,-74.15048246766153,40.73403218694596,-74.09039115160247,3,card,medium,8.396092294481027,22.100219763731435,34.869557589709835
2024-01-14 00:54:00,40.72082035734151,-74.1369965117851,40.73003557480499,-74.11960320469063,1,cash,low,1.7883735718823124,5.240036383518802,11.023050943301925
2024-01-14 01:03:00,40.59443570396155,-74.08416519068327,40.62282174596565,-74.10035581211092,1,mobile_wallet,low,3.4395882501668833,7.802067770943319,10.748515711998458
2024-01-14 01:12:00,40.732393469774195,-74.06032764830914,40.796139962601444,-74.03596414832144,1,cash,medium,7.379295695670171,19.089475729445294,27.836482258235208
2024-01-14 01:20:00,40.67017257507827,-73.97797248864308,40.73318060918901,-74.0412640995333,2,card,medium,8.806410780126578,23.182881693469888,37.03336634069875
2024-01-14 01:29:00,40.713529904114594,-74.14141855722288,40.73962024953812,-74.17916729251169,1,card,low,4.305236510653174,5.984094488205315,16.37781019688664
2024-01-14 01:38:00,40.72453489487739,-74.14660395763198,40.710915275831944,-74.1659661103548,1,card,medium,2.226275979552069,7.807890544972768,13.295190111241169
2024-01-14 01:46:00,40.87899998938581,-74.06549112174228,40.814663318946636,-74.03008286066697,1,card,medium,7.749130413942896,16.75867806864596,30.089517187429774
2024-01-14 01:55:00,40.6719159299794,-73.9172682122615,40.68121701150099,-73.89900726833955,4,card,medium,1.8550172623167627,6.6466576574201195,13.852200192416856
2024-01-14 02:04:00,40.88387266376353,-73.90905593732094,40.92,-73.88497344686839,1,card,high,4.498254870869356,61.2054120572153,39.911192368999714
2024-01-14 02:12:00,40.724830128036366,-73.76218046257945,40.740774294909066,-73.76341267728041,1,card,low,1.775947980558423,4.336988832256781,9.147655307339985
2024-01-14 02:21:00,40.69145462503595,-74.15676812869988,40.58,-74.19223261277,3,card,high,12.749374733483506,49.61597735752423,59.53247521315652
2024-01-14 02:30:00,40.75085409677395,-74.05964183255294,40.79000689374114,-73.99267657040733,1,card,medium,7.124243398918956,18.42532041617052,29.438270825687418
2024-01-14 02:39:00,40.72203271736336,-73.76801447605108,40.76395017932827,-73.79941518150213,3,cash,low,5.35939397450083,6.461896067257127,16.60461292994162
2024-01-14 02:47:00,40.66750658643875,-73.90809554124057,40.65395158772106,-73.8892387885038,1,card,low,2.191282653555344,4.449519758844545,10.757841538906728
2024-01-14 02:56:00,40.75091097043066,-73.95793795234077,40.79538724581707,-73.9629826617327,1,cash,high,4.9637473220322805,20.55898902846886,25.968541327029463
2024-01-14 03:05:00,40.6316125892468,-73.98478051378531,40.6598710328945,-73.95944582126874,1,cash,low,3.800286040581812,5.7666128981070335,15.399342379558188
2024-01-14 03:13:00,40.699656180627805,-74.22148970613051,40.668808374975114,-74.24873662046528,1,card,low,4.128452663990227,5.5402432895150495,17.632206380925503
2024-01-14 03:22:00,40.77236867458719,-73.80437935750389,40.82957722481699,-73.75700888526397,2,card,medium,7.507645057248115,22.706501211061966,29.110528269552457
2024-01-14 03:31:00,40.72055880309255,-73.9409923401383,40.66352234155278,-73.87896983392568,1,cash,medium,8.21992797374381,19.008283682281093,29.65585431375171
2024-01-14 03:39:00,40.86013020275727,-73.96844962195671,40.857554192560514,-73.92384008324437,1,card,medium,3.762552053085917,8.792341985902816,16.676320150994254
2024-01-14 03:48:00,40.667285398921955,-73.98485482490587,40.660220294847214,-73.97776168523706,2,card,low,0.9874787986912339,2.26653199321677,9.760444738189133
2024-01-14 03:57:00,40.909722336802545,-74.06012375426624,40.87257761995405,-74.07970439034091,1,cash,medium,4.446172339822975,16.449492186320864,20.636761158512645
2024-01-14 04:06:00,40.84680548708946,-74.13012100740595,40.860476211133665,-74.00312597713227,1,cash,high,10.788665142918584,65.91033297837755,56.272650415801856
2024-01-14 04:14:00,40.90898162883914,-73.87478578747941,40.92,-73.9194088919937,1,card,high,3.944708968820563,22.22821352672404,23.34770218921567
2024-01-14 04:23:00,40.864966428642305,-74.00012056594156,40.92,-73.96046523611415,6,card,high,6.968396948801404,31.374215690771198,36.01442966047935
2024-01-14 04:32:00,40.628315334789555,-74.2426908385325,40.66088022445294,-74.22771551856904,1,cash,medium,3.835151423696146,10.644163547100275,16.975147848624136
2024-01-14 04:40:00,40.758996430815905,-74.0564618051162,40.68267991800629,-74.05927599001424,3,card,low,8.489322469400033,16.672383429496094,31.713501629702925
2024-01-14 04:49:00,40.637792697206564,-73.78641214450636,40.58,-73.77807981221832,2,cash,low,6.4646341536328205,9.201273319455444,22.62823677141718
2024-01-14 04:58:00,40.85819729989327,-74.06931377361417,40.865674910282415,-74.09227346226542,1,card,high,2.1022256687821304,9.974337789613447,16.857481280092195
2024-01-14 05:06:00,40.77861513072232,-74.04925116595795,40.77707455387356,-74.03003366651191,1,card,medium,1.6271959990512905,3.2089828402825953,9.244014066151173
2024-01-14 05:15:00,40.669572766881345,-73.94177982724193,40.64715917464392,-73.92752272537373,1,card,medium,2.767269028449359,4.193406993419055,13.311243830437029
2024-01-14 05:24:00,40.89606365048244,-73.8511458500539,40.92,-73.75,1,cash,medium,8.906950544204918,20.038845637427553,30.661133367383357
2024-01-14 05:33:00,40.61916325812685,-73.9190848299706,40.62392696501955,-73.87089783029184,4,card,medium,4.101328026519837,8.90080899536004,18.084062861072464
2024-01-14 05:41:00,40.77171321718025,-73.8264720871273,40.79612179053384,-73.80325736238161,1,mobile_wallet,medium,3.3446457749359726,8.947522460962995,10.436189862536796
2024-01-14 05:50:00,40.82515378858669,-74.20187500060925,40.86960901322937,-74.17597484861031,1,cash,medium,5.401973326482287,10.110268746500502,20.539543299834637
2024-01-14 05:59:00,40.60000850269302,-73.7884577978075,40.60248163292828,-73.75,1,cash,medium,3.2584456634491374,10.86147830379941,15.581441920439733
2024-01-14 06:07:00,40.78327105129011,-73.79899981447019,40.89986884884616,-73.84266900988351,1,cash,low,13.475460627060777,22.717944364416937,41.7898631748823
2024-01-14 06:16:00,40.85740641325745,-73.99523422084135,40.815089659647846,-74.00345719431063,1,card,low,4.755988897648544,7.639771529885712,18.8825668467298
2024-01-14 06:25:00,40.602959286902134,-73.94138145872853,40.58,-74.02720270597408,2,card,low,7.683115781779385,13.78044262414604,25.632345741308168
2024-01-14 06:33:00,40.75416261017625,-74.1514653443973,40.71173545285354,-74.1263205215,2,card,high,5.17158974350261,25.613997529081793,25.805851774883976
2024-01-14 06:42:00,40.66790944057057,-74.03154680662949,40.7382290634598,-73.993378987855,3,card,high,8.455263445505507,47.898868164648846,44.12723023441765
2024-01-14 06:51:00,40.805394313522555,-74.1566212859309,40.841488177862395,-74.20142328828146,1,card,high,5.50631000756383,34.761559762261676,33.21224727475797
2024-01-14 07:00:00,40.620350304806806,-74.24879189374009,40.59586346873447,-74.18421329293005,1,cash,high,6.093670023425126,35.432676424639716,35.03973786163188
2024-01-14 07:08:00,40.898597486427974,-73.7597394352552,40.85972304955501,-73.79208903492331,3,cash,low,5.1070767352260384,6.817464176126656,18.747243501774918
2024-01-14 07:17:00,40.88420771778301,-74.1278352769878,40.92,-74.14324634189354,1,card,low,4.1853725075274255,6.393069872088147,430.1529756091071
2024-01-14 07:26:00,40.64323130275774,-73.95751476246211,40.65950724994799,-73.9521342962592,1,card,low,1.8658559623731328,2.573301543010073,11.703744124795035
2024-01-14 07:34:00,40.689910400684134,-74.1068723043957,40.75337920927187,-74.0351334680715,1,cash,low,9.292852990254879,13.886008282595458,26.840369263907593
2024-01-14 07:43:00,40.77979589138204,-74.07098297369268,40.77708917059687,-74.10960187550631,2,cash,medium,3.26566219926174,7.148574355622484,15.482265168714493
2024-01-14 07:52:00,40.82414119445565,-74.05714160512305,40.84716028396516,-74.0440354844816,1,mobile_wallet,low,2.7869901026633914,4.77126834776946,10.040986318192976
2024-01-14 08:00:00,40.730503045154485,-74.08912616702438,40.74401328964046,-74.05425846805872,1,card,high,3.2995535426726867,11.941332162422015,18.82788871730341
2024-01-14 08:09:00,40.63313904946673,-73.93492612273664,40.6050540394199,-73.90934496537106,1,card,medium,3.796629659590681,9.50774599787518,14.312788906380192
2024-01-14 08:18:00,40.61541150789297,-73.76992250205082,40.60892502074657,-73.75,1,cash,low,1.829840006593198,4.312903290539241,10.022824727389052
2024-01-14 08:27:00,40.91992021455088,-74.04139632849683,40.866626564057455,-74.007128818499,1,card,high,6.588918661760513,30.531741797238713,36.27255612022605
2024-01-14 08:35:00,40.73481972129078,-73.76360337073233,40.75705452835851,-73.78856589333955,1,cash,high,3.245760963668038,11.153913392913967,16.212675442949724
2024-01-14 08:44:00,40.87666079471049,-73.91942340895416,40.910916988296094,-73.8434733185468,2,card,medium,7.434014834779478,16.595936845645937,28.554053789776358
2024-01-14 08:53:00,40.7440078415739,-73.9503605405393,40.78856509557863,-73.95536226345705,4,card,low,4.972414520759711,7.933006814241842,17.921694506854017
2024-01-14 09:01:00,40.89360159710564,-74.13907703558256,40.92,-74.15005020471676,2,card,medium,3.0768135545791746,6.1132599331419435,12.982270884901071
2024-01-14 09:10:00,40.60983819014233,-74.22791043999132,40.60406873399969,-74.1672672924322,3,cash,medium,5.159433610344676,12.09899545800965,19.98173016631694
2024-01-14 09:19:00,40.61876652505374,-73.82551326715117,40.68860520408221,-73.85388877616063,6,card,medium,8.12626472980036,19.175261983714655,29.6362089037837
2024-01-14 09:27:00,40.896074943826235,-73.96726965738843,40.92,-73.95285713880698,2,cash,low,2.923080298214835,4.439133743129763,13.230201179955287
2024-01-14 09:36:00,40.90214763531523,-74.04864893016331,40.92,-74.0811764882431,1,cash,high,3.3781655852696506,18.898636301824553,20.45017071240364
2024-01-14 09:45:00,40.687003932138225,-73.84589666573487,40.75231183383939,-73.75,2,cash,low,10.865093679392645,19.181704179392014,33.67149468598998
2024-01-14 09:54:00,40.70075606157791,-74.10160400488557,40.695104077089105,-73.99771455163287,1,mobile_wallet,high,8.780744379800675,45.43082581121792,41.25243583764271
2024-01-14 10:02:00,40.73383307984382,-73.86035519945811,40.75128765540401,-73.86531604362276,1,cash,low,1.9853484329567705,1.0,-8.58804179798683
2024-01-14 10:11:00,40.72149497122288,-74.09273844394305,40.756350404480266,-74.06934487113553,1,cash,high,4.348106235368384,19.146240939877313,22.3248703455089
2024-01-14 10:20:00,40.64461537342626,-73.79035059493388,40.59290399298721,-73.79011660370675,1,card,low,5.75007707155709,9.0082570949624,21.722559879669035
2024-01-14 10:28:00,40.88544763053939,-74.12333689402703,40.834733837782345,-74.1390238710054,3,cash,high,5.791375260786844,28.179311520399594,29.66346615749803
2024-01-14 10:37:00,40.66612458423992,-74.18984740003697,40.60765556017014,-74.1844639825772,1,mobile_wallet,high,6.517308883687246,20.320705798122937,26.624068393149077
2024-01-14 10:46:00,40.819792619222405,-73.9039706787418,40.814928115239006,-73.90579774332681,1,cash,medium,0.5623353528834569,1.0,5.444353019271711
2024-01-14 10:54:00,40.60283293042989,-74.17694790093697,40.58783366276537,-74.2453779342714,1,card,low,6.013662331829907,7.921295843229641,21.88242969593957
2024-01-14 11:03:00,40.59317545271966,-73.77582484435261,40.58,-73.76398879488217,2,card,high,1.7735052049212274,13.5914748281437,15.698785544006489
2024-01-14 11:12:00,40.80226836067615,-73.92566689268168,40.80898948092259,-73.92757007194474,2,cash,high,0.7643283509258826,4.217390802775887,7.280614254623402
2024-01-14 11:21:00,40.69526539157491,-74.1422610627449,40.69096254032266,-74.12821204219638,1,mobile_wallet,high,1.2774489151568214,8.633871973160911,8.19100320689542
2024-01-14 11:29:00,40.8028561935248,-74.15350234351443,40.85605700117827,-74.15699064351384,1,card,medium,5.922935988954036,13.365085369516066,23.63148632758945
2024-01-14 11:38:00,40.611967208737404,-73.78882373004859,40.70255126729837,-73.80503900140512,1,mobile_wallet,low,10.164938837033423,17.922003243086507,29.851921630855585
2024-01-14 11:47:00,40.902949469171396,-73.94999246444655,40.92,-73.91062151173415,3,card,medium,3.8131783664550007,8.368000741884956,15.398217200138093
2024-01-14 11:55:00,40.83449491874365,-73.80419463659707,40.80314654528217,-73.7802035884302,1,card,medium,4.028202811330601,11.793658272018083,15.851443838957206
2024-01-14 12:04:00,40.877930859228776,-74.20378514552863,40.9070334562094,-74.14096301703152,3,mobile_wallet,low,6.193302315692693,12.76707668241617,18.41176562434462
2024-01-14 12:13:00,40.626399988375134,-73.78804998025463,40.626818619924556,-73.76578714085338,1,mobile_wallet,low,1.8794155294286619,1.2972163259748686,4.355177503528747
2024-01-14 12:21:00,40.688854729423575,-73.99477485088302,40.67804909300341,-74.0036671457147,5,card,high,1.4162973749527203,5.795290644179377,13.933757955457565
2024-01-14 12:30:00,40.70523701583016,-73.91910482267102,40.66646496537707,-73.89135023899271,1,mobile_wallet,medium,4.905464953340354,10.348805936450791,14.479691144391838
2024-01-14 12:39:00,40.76263870043112,-74.06983350951396,40.74174879866613,-74.15896110167971,2,cash,medium,7.858759419702804,16.229518586784724,29.198984962197265
2024-01-14 12:48:00,40.68093528507252,-74.22983843577704,40.6729346895652,-74.13517284078415,2,cash,high,8.032553509893626,34.73719474420784,36.820965320094636
2024-01-14 12:56:00,,,40.63679878999184,-73.75908694844568,2,cash,medium,4.1562873277985695,8.43384752475301,15.997156826663677
2024-01-14 13:05:00,40.70541864945074,-73.75275485215468,40.7284148005691,-73.75,2,card,medium,2.5675743671648252,4.025409812207021,12.098078834245873
2024-01-14 13:14:00,40.666546766973276,-74.07408110713217,40.748697693405056,-74.1132016348178,1,card,high,9.71172081990027,45.60608663024456,46.25179516895531
2024-01-14 13:22:00,40.71121323909749,-73.77862735582649,40.74155845242058,-73.82892139804412,1,card,high,5.41731529519465,33.82448580361944,31.875102703741018
2024-01-14 13:31:00,40.646966244490805,-74.1744595916096,40.66605951609611,-74.1579970934397,1,card,low,2.5369174889390793,4.97245964229563,12.602979918478717
2024-01-14 13:40:00,40.66904476735201,-74.18111093067414,40.65526440090575,-74.16479686724963,1,card,medium,2.0594967962386255,2.616876423788936,12.586478066365661
2024-01-14 13:48:00,40.79316379574697,-74.22271296159532,40.74647796156387,-74.20749194674566,1,card,medium,5.347134592577644,12.55172109272184,23.729431659238728
2024-01-14 13:57:00,40.71197230375654,-74.06045260213209,40.68632709887315,-74.05209042298581,1,card,low,2.9374593081331803,7.3954152821296955,12.936096808165132
2024-01-14 14:06:00,40.697430353677625,-74.23332585240739,40.66593761385334,-74.26,2,card,low,4.161975068334185,8.039906407288084,17.916350175552353
2024-01-14 14:15:00,40.761527915125605,-74.05872483329743,40.646287108318674,-74.12556584403097,1,card,low,13.998218334131048,23.197958503607754,42.969355103405206
2024-01-14 14:23:00,40.84243258388693,-74.18942088138867,40.797044153671095,-74.17667910633939,1,card,medium,5.159599356983977,12.76295051531085,21.0545327462398
2024-01-14 14:32:00,40.70881510515831,-73.88743082425779,40.78091454441978,-73.94514746427122,1,card,low,9.376324486886864,14.706375799045478,28.75015674342704
2024-01-14 14:41:00,40.779756627468984,-73.83498504883843,40.79634363705214,-73.89695033223667,2,card,high,5.533248108266895,27.547396009527144,27.62888521061271
2024-01-14 14:49:00,40.90850889262518,-73.9092141318239,40.89156531913465,-73.92634256275497,1,cash,medium,2.371082939862131,2.642455736047615,8.265342725597304
2024-01-14 14:58:00,40.75747323880014,-74.15774798225756,40.77540483079644,-74.13836832791779,3,cash,medium,2.5766947074191147,2.8952413228307856,11.166713199001768
2024-01-14 15:07:00,40.889331176015965,-73.86890742161694,40.80142797235814,-73.77945825594041,1,cash,high,12.334967547917168,130.176876144931,83.61065957769578
2024-01-14 15:15:00,40.849848692247186,-74.13275489951303,40.86254308948799,-74.08868823086661,1,cash,medium,3.965835472030845,9.45054347301499,15.321185757838876
2024-01-14 15:24:00,40.59996435176105,-73.87266081554606,40.65745150360269,-73.80816602412524,1,mobile_wallet,high,8.395533183975333,37.73873172140267,34.338818337283996
2024-01-14 15:33:00,40.725893616299544,-73.97062723680284,40.72044339868052,-73.9412124608634,2,cash,high,2.551831730810493,11.680598436729465,15.848858447330226
2024-01-14 15:42:00,40.81742825867532,-74.07297661669149,40.73768872999413,-74.05646819933902,3,card,high,8.974930768149793,114.18235309514164,69.78091122486242
2024-01-14 15:50:00,40.91548205023239,-74.21741888721182,40.89685472616744,-74.1046583230433,1,card,high,9.700030658091535,49.927352774621546,50.466800862097635
2024-01-14 15:59:00,40.735847938994915,-73.83797014999841,40.79341472876916,-73.89749865262357,1,cash,medium,8.130739108717446,25.672787507735418,32.40314877246881
2024-01-14 16:08:00,40.61154705440309,-73.78077701039291,40.623185388963485,-73.79937237463065,1,cash,medium,2.0342635038417725,4.578482393119879,13.206838236887922
2024-01-14 16:16:00,40.77108311940238,-73.92038193219967,40.70725916513667,-73.93546502183088,1,cash,medium,7.209773665620988,19.010935417223358,27.34118956807648
2024-01-14 16:25:00,40.62303168932215,-73.76808380098635,40.729575002385424,-73.75,1,card,medium,11.944826833171843,23.028400068188073,42.721956609925684
2024-01-14 16:34:00,40.835516650494995,-73.78360317628807,40.77909526726396,-73.82764813038395,2,mobile_wallet,high,7.287132102811017,44.33961926289179,35.93995497785777
2024-01-14 16:42:00,40.752610179137,-74.16074971559009,40.7416785729644,-74.12639538324913,1,card,medium,3.1389523694788366,5.8681420830392055,12.901259978029538
2024-01-14 16:51:00,40.82596666524828,-73.88708170221491,40.77928429521893,-73.8609974597853,2,mobile_wallet,low,5.636061766038265,4.624332501169684,13.851522864743083
2024-01-14 17:00:00,40.8755830211387,-74.08185454208677,40.82896293046759,-74.04525390751417,1,card,medium,6.029055771958771,15.72675591260607,25.9317844793703
2024-01-14 17:09:00,40.79384232583534,-74.01136614611153,40.77349552562726,-73.9755811090035,1,card,medium,3.767805994348811,9.876972469223034,18.21808559143293
2024-01-14 17:17:00,40.78822937194608,-74.1799476301141,40.816856129139154,-74.11072324646564,4,card,medium,6.639467797146147,15.541043021078917,26.737808751003726
2024-01-14 17:26:00,40.83655390044947,-73.7628624916906,40.894627815484355,-73.76507691752278,1,card,medium,6.460209031677569,17.63238024774382,28.73083793663166
2024-01-14 17:35:00,40.866434700493905,-73.88966993463103,40.84905713275244,-73.86581282870391,1,card,high,2.785572639008178,18.180557134343914,21.101377458905223
2024-01-14 17:43:00,40.87547828733418,-74.12387676208822,40.83002182739586,-74.15702147993855,1,cash,low,5.77230898344364,11.303522745610145,20.189999575931942
2024-01-14 17:52:00,40.59238626653218,-74.07054943801431,40.613925035781875,-74.11396521347635,1,card,high,4.378404498222414,32.706785880127065,30.13836873169259
2024-01-14 18:01:00,40.76910470091125,-74.04453370731733,40.79196306196306,-73.96511641201016,2,card,high,7.153609633319222,44.719714791939865,39.21748551903048
2024-01-14 18:09:00,40.653531565331164,-73.87875780068664,40.66434850043107,-73.91530314611771,3,card,low,3.3090353343766257,3.3592735299292054,14.785771249426766
2024-01-14 18:18:00,40.872517602865805,-73.78789439394751,40.88492589444661,-73.75903535048464,2,cash,low,2.7911651106821243,4.703747101924544,10.877166366476729
2024-01-14 18:27:00,40.80045521296914,-74.09606553217787,40.79538972288368,-74.07216860620004,5,card,high,2.0889337062528512,11.721561494694702,15.302500412191124
2024-01-14 18:36:00,40.72287564287103,-74.01902495497698,40.72729243132605,-73.9661508147318,1,card,high,4.482633046451356,22.720076380941858,25.018616176702725
2024-01-14 18:44:00,40.64395543756126,-73.9574641378543,40.6357811367732,-74.03208316704126,1,cash,low,6.36138203781136,11.67459933502996,21.569026983925042
2024-01-14 18:53:00,40.69526803281274,-74.05939456387584,40.74342900052941,-74.01929024921127,1,card,medium,6.332619536496588,17.479253386050065,27.995116800419485
2024-01-14 19:02:00,40.819284416143674,-74.0028675250835,40.91956509367544,-74.00547896537219,1,mobile_wallet,low,11.152864463941674,16.76822473006056,29.70753551310873
2024-01-14 19:10:00,40.649482245371956,-74.20608910919975,40.657566637198784,-74.23308501953056,1,card,medium,2.4483611083854018,5.504546905120678,13.340921987360765
2024-01-14 19:19:00,40.61181820141505,-74.17448606226272,40.61152245025634,-74.18577285029194,1,cash,low,0.9533119948569839,1.5747043749884968,5.505440849859869
2024-01-14 19:28:00,40.88192977779737,-74.05543835881772,40.89344353925342,-74.00878367340088,5,cash,medium,4.125596727067269,10.104902255638256,16.173352068889436
2024-01-14 19:36:00,40.83983151885724,-73.79338110399702,40.81022503781299,-73.76047528071739,1,card,medium,4.301621659351803,13.950244895736333,-18.298690702327512
2024-01-14 19:45:00,40.647930276423764,-74.08182739667023,,,1,cash,medium,3.8584481832433184,9.690811924232078,15.70616449528415
2024-01-14 19:54:00,40.679385924766194,-74.13260566761144,40.69923886317485,-74.18386550349456,1,card,low,4.85307759303549,8.615533618427746,20.375527289648165
2024-01-14 20:03:00,40.9105038602245,-73.88114026736687,40.89158270086258,-73.9292247742279,1,card,medium,4.556165164605751,14.627645654587297,19.94552639071261
2024-01-14 20:11:00,40.8207827254981,-73.77594361530093,40.86137573235501,-73.75,1,cash,high,5.013661279233964,20.02773448256757,24.246289023845986
2024-01-14 20:20:00,40.7875774814327,-74.0258469552976,40.78843202100824,-74.08334536445204,1,mobile_wallet,medium,4.841678580636398,11.974965415108288,16.251776427932256
2024-01-14 20:29:00,40.684593685044206,-74.25561147266075,40.64094113631286,-74.26,1,card,high,4.868035827742098,19.201859271685084,24.162345766385894
2024-01-14 20:37:00,40.68170254901662,-73.90904384094743,40.697524749060655,-73.78839559521533,2,cash,high,10.323337954714942,45.77979932485643,48.59209633116915
2024-01-14 20:46:00,40.593438030354676,-74.04831899117576,40.60410269300765,-74.02763875344911,1,card,low,2.1106370317467573,1.9461306014568107,10.268817399059973
2024-01-14 20:55:00,40.82768383474666,-73.91644077632573,40.870902651321636,-73.88303956214595,2,card,low,5.566663944193833,8.314686972017416,20.298150291163747
2024-01-14 21:03:00,40.59467957651934,-74.1183645769271,40.63209918927271,-74.1661111641611,2,card,medium,5.7927677027444835,12.754239461825598,23.02097871798696
2024-01-14 21:12:00,40.58165149484427,-74.25877184665336,40.58,-74.26,2,cash,medium,0.2109040730862741,1.0,2.5
2024-01-14 21:21:00,40.82802832987274,-74.08430692843974,40.80678441773413,-74.04849493677303,3,cash,high,3.8291169456406027,15.63527590577224,16.462382083267386
2024-01-14 21:30:00,40.902617077430705,-73.9005559052674,40.9026955461833,-73.91326174476767,1,card,low,1.0678813539468421,1.0,4.453723311256958
2024-01-14 21:38:00,40.83721103622729,-74.05951222566532,40.85355993581238,-74.00669925899496,1,mobile_wallet,low,4.800007285984804,6.801976888993591,12.346493951050912
2024-01-14 21:47:00,40.74035766481229,-74.14822118877686,40.762126611811716,-74.14178019308376,1,cash,high,2.480657429671557,10.22034458707025,16.232459822738857
2024-01-14 21:56:00,40.745255384850694,-74.02335649929161,40.75881893421682,-73.86332017394186,1,card,high,13.564731632013983,63.220196303306466,64.10358395389774
2024-01-14 22:04:00,40.7282863837007,-73.87630225311783,40.72420209624447,-73.89755664480693,2,card,medium,1.8477358632336591,5.6436289867116045,11.523879244849873
2024-01-14 22:13:00,40.69037884681751,-74.19908912573592,40.735235612718554,-74.1815782069224,1,card,medium,5.201622087905391,15.573077187735233,21.695315187247985
2024-01-14 22:22:00,40.75738283282318,-73.90720646284021,40.72703924758898,-73.94294301765665,1,card,high,4.522011093843987,28.228663540652324,25.711851118136156
2024-01-14 22:30:00,40.72659132542798,-73.91965454785999,40.83816448077495,-73.86871094738063,1,card,medium,13.126909964842024,31.0656689068315,51.16770886434895
2024-01-14 22:39:00,40.783377079213864,-74.07092368136061,40.81771524632078,-74.04660062363627,3,card,high,4.33249717214742,26.822612945827636,24.726550164868467
2024-01-14 22:48:00,40.88536082737038,-73.76512854239645,40.834623984227726,-73.8038820858001,1,card,high,6.51538338076176,52.740938397004804,39.29793345877232
2024-01-14 22:57:00,40.9183032018901,-73.80370029726502,40.92,-73.81347811750013,1,card,low,0.842945927585915,2.630679411949331,6.1123540995416965
2024-01-14 23:05:00,40.606772718560194,-74.09875764479095,40.64154347687164,-74.03252507998343,3,cash,low,6.796647544219195,8.116972956548496,21.0778906834759
2024-01-14 23:14:00,40.71079238070485,-74.24414354236914,40.69507077095646,-74.18331663262738,2,cash,high,5.417341115032259,31.677606309557508,28.35916185606607
2024-01-14 23:23:00,40.641440106560715,-74.10276454856002,40.58,-74.16191235232696,1,mobile_wallet,medium,8.461837544146249,22.25213631561411,29.096993596437876
2024-01-14 23:31:00,40.69972096113468,-74.15559180930407,40.65296308376273,-74.17206044327202,1,cash,low,5.381531094543992,8.351484229268383,16.77812956342494
2024-01-14 23:40:00,40.67774082630646,-73.98090152383573,40.70213500880201,-73.89443866980237,1,card,medium,7.778270920011577,14.232188326725847,27.837128993014165
2024-01-14 23:49:00,40.639342624753105,-73.7914403451971,40.58,-73.79446334622837,1,card,medium,6.603531347191941,15.472922225219737,25.132161331188122
2024-01-14 23:57:00,40.83978585816324,-73.81612786988086,40.774565352430166,-73.80337385672614,6,card,low,7.331202097162901,15.083495407526165,26.013027362707426
2024-01-15 00:06:00,40.74873817256194,-74.10402713061094,40.77289573617397,-74.05331519436125,2,mobile_wallet,medium,5.0456265735003765,12.393835847372108,17.602245323177094
2024-01-15 00:15:00,40.89254349795386,-74.04141525788663,40.88252878319575,-74.09686253467005,1,card,low,4.792237991433415,5.970982184848356,18.25885323092768
2024-01-15 00:24:00,40.59108143070398,-74.24136347846942,40.58,-74.26,1,card,low,1.9987646131737318,1.6858701340326778,12.357016302361387
2024-01-15 00:32:00,40.602772524464875,-73.98247661109893,40.58050957783536,-73.99254306984368,6,cash,low,2.6173866174934273,3.6586006927135624,9.533400467729034
2024-01-15 00:41:00,40.717113018196315,-74.22768233017413,40.650926396618324,-74.16897426728065,1,card,medium,8.86958783675667,20.672096375914037,32.219491343418596
2024-01-15 00:50:00,40.60729428893737,-73.78131085522315,40.62909469330784,-73.75,1,mobile_wallet,high,3.586146018419165,13.782920046482912,13.348109312918389
2024-01-15 00:58:00,40.66932806278104,-73.81786374422535,40.633033602805256,-73.78097425770193,2,card,medium,5.096316616823537,15.804681256567086,22.420640365474444
2024-01-15 01:07:00,40.915250112646056,-74.15076431051688,40.89114126433978,-74.15252650820706,1,card,high,2.6848694223822047,12.255895007527085,16.514223710144364
2024-01-15 01:16:00,40.65104626654477,-73.90332197327035,40.66665159769119,-73.84799133507477,1,mobile_wallet,low,4.979422027325895,6.229665235380812,12.168365296886352
2024-01-15 01:24:00,40.64736003208011,-73.970309604959,40.63581179298467,-73.97267864034673,1,card,medium,1.2995698296566827,2.2411543197592527,9.888271610803523
2024-01-15 01:33:00,40.77503782739054,-73.85130756661675,40.743328428457,-73.82079900606,1,card,medium,4.362913962756407,10.793714621772702,20.314083765123783
2024-01-15 01:42:00,40.749319418869675,-74.01741742555673,40.6597946897571,-73.97187567166397,1,cash,high,10.669273949819244,52.3354127636517,55.21178627245123
2024-01-15 01:51:00,40.77734902104897,-74.16219629496045,40.79388318411302,-74.08133939192247,2,cash,medium,7.051419816140206,18.357443658410503,27.21392588339511
2024-01-15 01:59:00,40.70808999459091,-73.93367986593736,40.71164467813328,-73.93171447224354,1,card,high,0.42857406917597457,3.126468806469087,5.720190362928205
2024-01-15 02:08:00,40.86109920236429,-74.21905703323208,40.83781676676853,-74.23087449317467,1,card,medium,2.7731469261365076,7.560119531722288,15.522153230893448
2024-01-15 02:17:00,40.627117387490436,-73.96186012450411,40.58043442774443,-73.89908173317863,1,card,high,7.418521035989887,30.292305868738467,37.52753778001208
2024-01-15 02:25:00,40.725653499586095,-74.15152054921313,40.726227811125504,-74.08528718317241,1,card,high,5.581708837811522,34.34310323187441,32.99367708064052
2024-01-15 02:34:00,40.81451902847099,-73.91068241706698,40.83614025769465,-73.93063426922454,1,card,high,2.932296323417155,28.964481717762006,26.005649144222282
2024-01-15 02:43:00,40.87520038969619,-73.83769798751867,40.87959953935578,-73.88292450545256,6,card,low,3.833789649089929,7.484130746632135,16.76807586559604
2024-01-15 02:51:00,40.705654346161296,-74.20414238806615,40.779367294583444,-74.14478583708868,2,cash,low,9.601496406104499,19.50389258318987,30.9506478338436
2024-01-15 03:00:00,,,40.804748356309105,-74.12524077021602,1,card,medium,6.822837748113829,20.247894099743807,29.235778832319014
2024-01-15 03:09:00,40.603507581302466,-73.88590399023424,40.59867984226713,-73.95758005451862,1,card,medium,6.075068692557772,12.267625850964677,23.13192148184382
2024-01-15 03:18:00,40.63790848995802,-74.17651143862538,40.67113103398237,-74.18408471879178,5,card,high,3.7490140720247096,18.841432614477405,22.20615135256929
2024-01-15 03:26:00,40.603506975238474,-73.97107292828179,40.60569677776607,-73.96646314107397,3,card,low,0.4590627370403336,1.0,7.398689739892303
2024-01-15 03:35:00,40.8274795032795,-73.91736211924338,40.82951317723302,-73.96505996672585,2,card,medium,4.019560923660338,14.782764915165291,21.518814794756402
2024-01-15 03:44:00,40.677940389365524,-74.07905526030792,40.73627676024452,-74.06907136508096,1,mobile_wallet,low,6.5410709387636805,9.717048651808524,18.77801438323415
2024-01-15 03:52:00,40.82607339866522,-73.83568904015668,40.785660794148896,-73.82369788616803,1,card,medium,4.6056186798532535,12.856059497434881,20.70331102865875
2024-01-15 04:01:00,40.602575414874714,-73.99956432562618,40.60362434903719,-74.02118178085863,1,cash,low,1.828738081455132,6.492579682197492,12.018586418827635
2024-01-15 04:10:00,40.87326625213883,-73.94023263163034,40.92,-73.84872674356778,1,cash,high,9.282167297788785,50.21922443239769,45.55256365650847
2024-01-15 04:18:00,40.86408026735777,-74.18815487368057,40.87798484247564,-74.16881561923024,1,cash,low,2.243823861913814,5.892662572751598,13.093690966142427
2024-01-15 04:27:00,40.6102357726371,-74.24818831098834,40.5936283882955,-74.19740630434487,3,cash,medium,4.668050127572574,11.154840766165037,18.397352876155697
2024-01-15 04:36:00,40.588077212195444,-74.23411822887927,40.58,-74.26,1,cash,low,2.3629871811696694,3.83005589163089,10.886400957720056
2024-01-15 04:45:00,40.599138196413875,-73.79900072441892,40.58,-73.8649186059792,1,card,low,5.9590627460066345,4.969125607563358,18.813766572648433
2024-01-15 04:53:00,40.87023425886989,-73.80985238403339,40.92,-73.78914956655419,3,card,medium,5.800853219975094,14.01865855010755,21.940196329387508
2024-01-15 05:02:00,40.659799186277645,-73.84812836602747,40.673682218233935,-73.76465977000356,4,cash,low,7.207238575467935,14.215610125531498,26.112322767754698
2024-01-15 05:11:00,40.76641292807179,-74.15819783347023,40.7401296368129,-74.20364494352398,1,card,medium,4.816242764027919,11.401881872506598,20.7413652163511
2024-01-15 05:19:00,40.72492302908122,-73.99201608750576,40.74064858909206,-73.9855641384132,1,card,low,1.831161038353998,4.07571718010017,12.970022576517465
2024-01-15 05:28:00,40.850478678917725,-73.85398027872033,40.807833342694074,-73.90955960973166,2,cash,medium,6.659852079043599,14.221465025142619,24.816944835563277
2024-01-15 05:37:00,40.746225422500025,-73.91591871755956,40.731321365017195,-73.94825673452422,5,card,high,3.1889744981477914,12.809732317724512,17.180374786640144
2024-01-15 05:45:00,40.75022468582483,-74.20108419122528,40.70788236814015,-74.19239418187891,1,card,high,4.764852855995636,21.950301421261397,22.99484266163014
2024-01-15 05:54:00,40.91629125942997,-73.80327398809567,40.85269394812457,-73.825441492697,1,cash,low,7.313120901841389,12.095138187924032,23.30415233385431
2024-01-15 06:03:00,40.631044049294744,-74.17805197968325,40.58,-74.23680055532589,1,card,medium,7.537400905235471,19.353496742325557,27.873599558362454
2024-01-15 06:12:00,40.86243933917362,-74.1723841963592,40.790544756523325,-74.23214049243686,2,cash,low,9.443992573028504,14.062183983066099,29.4759232252262
2024-01-15 06:20:00,40.59759491350532,-73.80048559912294,40.6435528628825,-73.88535596359883,1,cash,medium,8.799195492755862,30.561892440676928,37.67888584335529
2024-01-15 06:29:00,40.74240058165481,-74.01284536106179,40.69799089340036,-73.99139908991714,1,card,high,5.258497508814378,26.76436958797205,30.33783040169681
2024-01-15 06:38:00,40.88135384013723,-74.06982516876221,40.90542398516836,-74.0429340226178,3,card,low,3.5032423745991608,3.950011941446461,14.547257134582392
2024-01-15 06:46:00,40.8061727483054,-73.97763506142799,40.84922188084843,-73.95097015678336,2,mobile_wallet,low,5.286532430975394,8.612261142480408,13.777442891115305
2024-01-15 06:55:00,40.81297297058448,-73.75948736025562,40.81371905641882,-73.80040027115956,1,card,high,3.4441105352852572,16.784617667020843,19.747841958746093
2024-01-15 07:04:00,40.669527875967205,-74.19898846782708,40.65609235141276,-74.15372065975124,2,mobile_wallet,medium,4.100104673311884,8.99962323215072,11.79398904800988
2024-01-15 07:12:00,40.722315429062895,-73.87395608711604,40.72830146048664,-73.84215104707805,1,card,low,2.7615838187991204,2.1685194900856977,13.634627687986537
2024-01-15 07:21:00,40.70463756158968,-74.0894938102555,40.68588964509609,-74.08916556195648,1,card,high,2.084856870787491,13.999917752566436,18.34264185627862
2024-01-15 07:30:00,40.75729069145372,-74.20030487186771,40.81146660824626,-74.20736216531438,1,cash,low,6.05331939131303,9.218436194546001,19.918511219710474
2024-01-15 07:39:00,40.73715749624885,-74.04481398877,40.821601520585354,-74.07402418487662,1,card,high,9.706518520629668,49.588517908152596,50.011976167829275
2024-01-15 07:47:00,40.69114543963818,-73.98013603236011,40.75638697200487,-73.97148874983331,6,card,low,7.291034803983639,14.460012909361962,26.57752466349955
2024-01-15 07:56:00,40.6838634082062,-74.15495956475866,40.58704306264139,-74.08218341351935,1,cash,high,12.394247900506455,73.9848196901882,63.68013225561401
2024-01-15 08:05:00,40.665289983162744,-74.05331257586073,40.64562377901404,-74.00210902815799,2,card,high,4.841389781662562,23.18551344064452,27.86426302365299
2024-01-15 08:13:00,40.704116063940816,-73.93580522700914,40.70430322518597,-73.94733469607245,1,card,low,0.9721035899097347,1.0,6.444349290688638
2024-01-15 08:22:00,40.63098010249758,-73.96601150994269,40.65181771071659,-73.94177354416284,3,cash,high,3.090466594318947,12.92993278563871,13.709225734988063
2024-01-15 08:31:00,40.87651546268122,-73.89118809703203,40.79878630848463,-73.9407524492605,5,card,low,9.596303603018388,15.471448758288727,30.196555415091463
2024-01-15 08:39:00,40.78472059322337,-73.83343368820192,40.70626562850676,-73.80058066521869,4,cash,high,9.152289937880271,48.689193189096514,46.71608661436966
2024-01-15 08:48:00,40.62548738470191,-74.05133843079763,40.68429292343505,-74.08872700221757,3,card,medium,7.259802561596985,15.110394948807112,27.114225241308528
2024-01-15 08:57:00,40.81591217363106,-74.04428668951427,40.79075180429362,-74.01322518925677,1,cash,low,3.829157941458889,2.077593476869123,12.164152141093869
2024-01-15 09:06:00,40.86820659911931,-74.00668701142787,40.80127331388891,-73.87307876285652,1,card,medium,13.481122009927873,34.215212219456305,49.74859830109166
2024-01-15 09:14:00,40.660762128497765,-73.97115977702553,40.61109829215023,-73.99681033648025,1,mobile_wallet,low,5.931384814133391,10.082694883320265,16.92437443246453
2024-01-15 09:23:00,40.63120420207467,-74.20475543613868,40.64877556102372,-74.07322928722297,1,card,medium,11.268409638357305,29.424046718637623,44.33818605331068
2024-01-15 09:32:00,40.58292986742548,-74.10055596936067,40.58,-74.07847737241043,1,mobile_wallet,medium,1.8927968397002422,4.702021719268811,9.319479315647726
2024-01-15 09:40:00,40.5960651152112,-74.17233518435772,40.606938269109484,-74.2060683378545,1,cash,medium,3.093941764314797,9.225553478455927,12.199549295778814
2024-01-15 09:49:00,40.839165458423196,-74.0632150912045,40.7951227270996,-74.09901061870755,1,cash,high,5.749575788814244,31.672868937116625,31.42037363483474
2024-01-15 09:58:00,40.91564335289418,-73.76358942298724,40.8371543471619,-73.75,2,card,high,8.802049697465709,39.38609463544318,43.366430130160545
2024-01-15 10:06:00,40.59525930964193,-73.9628072120927,40.65935641698689,-73.94062272128106,1,card,medium,7.369069238079037,18.33443777689304,27.34832228339389
2024-01-15 10:15:00,40.83434412608717,-74.04101542484052,40.85226267209517,-74.06649230336798,1,card,medium,2.9262096927925043,8.135255546592942,16.873888299389137
2024-01-15 10:24:00,40.60443313638592,-73.97137218343592,40.5894143476302,-73.98052791093285,1,cash,low,1.840248602580198,5.89515978535808,-12.487895350913778
2024-01-15 10:33:00,40.78132516046725,-73.91877095673215,40.75786388299157,-73.89938604673524,1,card,high,3.077435485482218,14.562476092625944,16.91119048715718
2024-01-15 10:41:00,40.8370655960256,-74.0381737337219,40.90298611263399,-74.0385661641065,3,card,high,7.330101280773855,36.98645480437144,37.699102359521156
2024-01-15 10:50:00,40.70212949507103,-74.03166799983103,40.72874834711982,-74.01610253824869,1,card,high,3.2375782994452162,13.088843721365294,15.64085794641559
2024-01-15 10:59:00,40.58371780517762,-73.90228542401533,40.63532439160123,-73.82247293366589,2,card,high,8.849936996788315,30.72664044032944,40.03441756842528
2024-01-15 11:07:00,40.782364379722644,-74.2289600825651,40.75609820923563,-74.26,1,card,medium,3.9195785837447055,12.608948854042787,18.55393009216309
2024-01-15 11:16:00,40.917023173567614,-73.98455891017295,40.9193031678757,-73.95555054542358,1,card,low,2.4505480193905367,5.255541993174833,15.709372951711593
2024-01-15 11:25:00,40.667589923765085,-73.98086281576897,40.685688874984926,-73.98414320797967,2,card,medium,2.031435548378142,5.678569858477649,11.159755492400086
2024-01-15 11:33:00,40.644427034243655,-73.87405634682453,40.61967392432453,-73.89651338739718,1,card,low,3.3417243989425054,4.128726392949572,14.48051062049718
2024-01-15 11:42:00,40.62213480353619,-73.7588511763083,40.617835858631025,-73.75,2,card,medium,0.8869026882703649,2.7878466071872077,8.225906592237035
2024-01-15 11:51:00,40.76878691076602,-73.85416505873873,40.74252444547127,-73.91992921229954,4,card,medium,6.261951717004366,17.01123025905828,28.924381795944683
2024-01-15 12:00:00,40.78279133378249,-74.00306780754826,40.80074899767009,-74.10955730866493,1,mobile_wallet,medium,9.184449722119892,22.399613173173382,33.57183278353756
2024-01-15 12:08:00,40.849372084637935,-74.17357887840035,40.78990934726466,-74.16347489273605,2,card,medium,6.666397471703588,23.34180882034096,28.963609480716013
2024-01-15 12:17:00,40.836044913030975,-73.95998690446709,40.86178356389709,-73.96620499276136,1,cash,low,2.9094039878388833,6.243685948398839,14.30781767080415
2024-01-15 12:26:00,40.88346410823033,-73.83450756777653,40.89744620230876,-73.89538569404813,1,card,medium,5.348331352841365,11.288859628028288,22.16681981159142
2024-01-15 12:34:00,40.85396271743638,-73.78446882754088,40.844813833653554,-73.8614436898692,1,cash,medium,6.553895132053626,12.396576817753582,24.730109624611504
2024-01-15 12:43:00,40.66407080824701,-73.839091706458,40.684299079801356,-73.7522132044629,1,card,low,7.664241929856048,11.325139319824755,26.377309674849776
2024-01-15 12:52:00,40.76899831765776,-74.1636260107551,40.75257599678978,-74.14279034259691,5,cash,medium,2.532604993669377,7.367424181934508,11.091953544035633
2024-01-15 13:00:00,40.681120066091815,-73.89658630918184,40.65096418273209,-73.89570225164361,1,cash,low,3.3540101819757333,7.2917667569041225,13.497322529387853
2024-01-15 13:09:00,40.69212702904751,-73.81112097678222,40.716594706013005,-73.75,2,cash,medium,5.8264315448691475,16.72228494387768,23.792081749884083
2024-01-15 13:18:00,40.8968610855382,-73.91268134702024,40.92,-73.86668853483229,1,card,low,4.643136991801521,7.213473650959022,16.16838733270249
2024-01-15 13:27:00,40.811844607722804,-73.91026645912662,40.789017446976395,-73.83064900445231,1,cash,low,7.166258055911046,12.253292606335338,23.67645596487224
2024-01-15 13:35:00,40.91136074050538,-74.00491723401196,40.88467338735444,-74.0580151607772,1,card,medium,5.359398732568305,12.178722444281203,19.2516124055147
2024-01-15 13:44:00,,,40.71351645571515,-73.9899247932716,2,card,medium,4.706896859814827,13.936579690553243,21.14367599547383
2024-01-15 13:53:00,40.76272877494035,-74.10986583319627,40.73788852056372,-74.08209744761605,2,cash,high,3.6194971769213105,32.58472597730799,25.269372297378624
2024-01-15 14:01:00,40.74561924277158,-74.21470685573928,40.81424960271628,-74.19605439092497,4,cash,low,7.791278765811699,12.638014795944567,26.18655054168273
2024-01-15 14:10:00,40.61647759955807,-73.83786539857985,40.63071900669681,-73.78163060697516,1,cash,medium,5.003282137518633,9.17134393092963,19.349327726089204
2024-01-15 14:19:00,40.66047867813904,-73.77899640323032,40.66113568864867,-73.8523819026194,1,cash,low,6.190517764376178,8.37697777211298,18.429402915367543
2024-01-15 14:27:00,40.75939636260552,-73.82302060895776,40.71742373878951,-73.79135872523904,1,cash,low,5.375704510835079,6.6479013409518135,15.139353135310119
2024-01-15 14:36:00,40.60290726374522,-74.08970408757179,40.63616178886187,-74.04518699906788,2,card,medium,5.271709850433278,13.954868305773248,23.539303855615415
2024-01-15 14:45:00,40.89669705596502,-74.21229962283296,40.869174835467525,-74.17017187982644,1,card,medium,4.680677967876906,10.997054237730573,20.25796574529361
2024-01-15 14:54:00,40.62210685186074,-74.11712942230798,40.592733222862094,-74.13543066946232,1,card,medium,3.6131597220353284,7.479413380625926,16.449532397508843
2024-01-15 15:02:00,40.64731345378175,-73.83015395833695,40.68208111362019,-73.80681627561513,2,card,high,4.338266401445999,24.93687358835881,27.554202219574584
2024-01-15 15:11:00,40.84020921613914,-73.92553460110706,40.85763873858377,-73.96043917024551,1,cash,high,3.517895404558535,23.089070972915735,18.445006541754687
2024-01-15 15:20:00,40.612957744208366,-73.7669859355075,40.58,-73.78016850919063,1,card,high,3.830026131175458,15.741288968607428,23.04507288987279
2024-01-15 15:28:00,40.88609455386924,-74.08523268059709,40.87899486949985,-74.1321648158655,6,cash,low,4.023752995095804,3.456562534201645,12.177393605210181
2024-01-15 15:37:00,40.826738330045664,-73.97874921865126,40.832386712970305,-74.0128891764715,1,card,low,2.9402810404519193,8.332489792283127,16.59809002759721
2024-01-15 15:46:00,40.60333109141701,-73.85708050696451,40.58804926440686,-73.86792381174156,1,card,medium,1.930202468948089,4.620239945539057,11.756004558996478
2024-01-15 15:54:00,40.81522800083712,-74.14066410920678,40.82244436579317,-74.16275626285048,5,mobile_wallet,medium,2.024840034303456,3.726636730277125,6.77962982001662
2024-01-15 16:03:00,40.79475370433825,-73.76831411292358,40.713317744207345,-73.80245972786108,2,card,medium,9.501060065702083,24.398928597378557,34.46482231411369
2024-01-15 16:12:00,40.837498807131574,-73.95787718702918,40.710102880161244,-74.0163590543772,1,card,medium,14.997364906353438,35.63758630385665,53.47510333411076
2024-01-15 16:21:00,40.861587269846375,-74.25597224270699,40.817691199119714,-74.16772293222634,2,cash,high,8.884708866945866,46.31593497449747,44.907942630350256
2024-01-15 16:29:00,40.824239191478874,-74.24717182942972,40.836940311958394,-74.26,1,card,medium,1.7774931513073229,4.8449999558735755,11.863003013806566
2024-01-15 16:38:00,40.77929994039213,-73.81006983163519,40.634176910108685,-73.79522138082629,2,card,high,16.185410234729808,60.629879246826555,73.08634395125192
2024-01-15 16:47:00,40.6896375283178,-73.93090642084185,40.65167795529202,-74.01006015887285,1,cash,high,7.89812864571385,45.365587374599976,40.116807423355766
2024-01-15 16:55:00,40.81707304502218,-73.87083301527743,40.730548801408204,-73.8097388042965,1,card,medium,10.910149024871293,26.974133873810334,42.08912587320697
2024-01-15 17:04:00,40.90537033877447,-73.86015183951197,40.894452251010556,-73.85262961024006,2,mobile_wallet,low,1.3687907874845293,2.2616604414753834,4.353693570594871
2024-01-15 17:13:00,40.77975740537982,-74.04556551411211,40.86786287198783,-74.06553986854374,1,cash,medium,9.940004393627767,25.47858507795333,37.451643405117814
2024-01-15 17:21:00,40.805877255267646,-73.85270826446742,40.79610433550776,-73.87228961264731,3,card,medium,1.9742165121156081,3.7236193138266565,12.319459837106374
2024-01-15 17:30:00,40.72862353434793,-73.7818584531456,40.723785906308045,-73.75,2,mobile_wallet,high,2.7379939695139064,19.120909277159548,15.457447188797056
2024-01-15 17:39:00,40.837081075312646,-74.1721927350375,40.87484646764812,-74.26,5,card,high,8.495313674051392,61.82817918716999,50.41696862720272
2024-01-15 17:48:00,40.919206913395136,-73.87029043623357,40.92,-73.90737913647548,1,card,low,3.117520111592431,3.537116941260637,13.05355588707913
2024-01-15 17:56:00,40.63453237018303,-74.10302607611607,40.62485774052451,-74.10838484880811,1,cash,low,1.1669565957107295,1.4976670003822914,7.509434295631193
2024-01-15 18:05:00,40.64881779503128,-74.09603856844254,40.6905168616178,-74.10191606709795,1,card,high,4.663146648763502,21.27951168815496,26.961583458670525
2024-01-15 18:14:00,40.763408837945896,-74.04949502597145,40.784643759718925,-73.93675598760592,1,card,medium,9.782644969821408,30.028777087870935,38.372021091374
2024-01-15 18:22:00,40.74366763506897,-73.81950304484688,40.75665579433946,-73.83469475101705,1,card,high,1.92961460852691,8.312350667266724,12.271236412513998
2024-01-15 18:31:00,40.77433372673229,-74.24875140567188,40.76808861986675,-74.20419119102911,1,card,medium,3.816152163931762,6.59912259845069,17.765876778214153
2024-01-15 18:40:00,40.59668517622625,-74.03869763452677,40.581112264513536,-73.95717306113265,1,card,low,7.098476603827812,12.640846469041989,22.949900094329397
2024-01-15 18:48:00,40.717453995152354,-73.91317569871967,40.75872668498778,-73.8829980648592,4,card,low,5.246552185366832,9.385938143938358,-20.799166645324977
2024-01-15 18:57:00,40.77821260910229,-74.20368811627591,40.76307179120773,-74.23400983948358,1,mobile_wallet,low,3.0585046957344213,6.644762107814325,7.587373290564777
2024-01-15 19:06:00,40.778965059443685,-73.85595066552112,40.8343714390147,-73.91375260689054,1,cash,medium,7.850117916993204,17.452111494827353,27.587539034896942
2024-01-15 19:15:00,40.803493547001246,-73.77962967507236,40.75637196051823,-73.75,2,card,low,5.803300655699545,6.714888421676884,19.58709939127248
2024-01-15 19:23:00,40.82487344986091,-74.21362324125074,40.88939372781367,-74.1395971061862,1,card,medium,9.498969852050774,21.961011940008795,33.6868205058018
2024-01-15 19:32:00,40.798126049135895,-74.18199644970626,40.819367852874876,-74.15742811040745,2,card,high,3.1391901265773154,21.80457692471884,19.298743128072033
2024-01-15 19:41:00,40.84868267283241,-73.76321041527744,40.80509860129507,-73.75,2,card,low,4.972159974000804,5.662258331064843,15.07526485235215
2024-01-15 19:49:00,40.79241861579276,-74.15909362319928,40.81532265434762,-74.04245600605107,2,cash,high,10.142252743720721,31.50324133573455,43.622018276726635
2024-01-15 19:58:00,40.76275260526265,-74.21974076539136,40.73348897483837,-74.18205892259378,1,cash,low,4.5458269740389845,7.622384079260387,15.607005837213702
2024-01-15 20:07:00,40.78610678582186,-73.77438180643809,40.78761104826749,-73.82391028539881,2,card,medium,4.173189321961174,10.201494016502984,18.14888572174078
2024-01-15 20:15:00,40.61440574469613,-73.80476241799717,40.592507523524596,-73.80246468354947,6,mobile_wallet,low,2.4426855905335474,4.328696952683715,8.013303519819116
2024-01-15 20:24:00,40.67287322384668,-73.92558000890611,40.66689217646069,-73.86392032519765,1,cash,high,5.24265791928402,22.90475761851252,25.564557435038605
2024-01-15 20:33:00,40.75931592542376,-73.97877022708334,40.801680311145205,-73.98996531767601,1,card,low,4.8040875819439535,8.801764648450526,20.205180762810826
2024-01-15 20:42:00,40.876815653236584,-73.79119132488559,40.90014867758318,-73.75,2,mobile_wallet,medium,4.326799103728239,12.929895316391287,16.311170506810186
2024-01-15 20:50:00,40.81087752913792,-73.92568476169318,40.76023608650831,-73.92869692210266,1,card,high,5.636779183379484,23.258755865130585,25.877880529200887
2024-01-15 20:59:00,40.61073874668045,-73.92421770374932,40.58,-73.90917206980671,1,mobile_wallet,low,3.646430664800498,8.951556867214881,9.000147737926085
2024-01-15 21:08:00,40.7813734831511,-73.829720362257,40.79355838561304,-73.84550370907247,1,cash,high,1.8977506252578173,9.801243962857622,14.711298898023962
2024-01-15 21:16:00,40.655390915796616,-73.92684470458087,40.67083433650693,-73.91966556926643,1,card,medium,1.8208676471284915,6.173153069135134,12.34307939877409
2024-01-15 21:25:00,40.82956563032817,-74.00312478761079,40.79921560625575,-73.99356465336116,1,card,medium,3.469344160000857,11.228285533112585,13.872807290914462
2024-01-15 21:34:00,40.861329889852975,-74.06124203607179,40.92,-74.13362642276054,0,card,low,8.920874196698398,12.969627362626396,29.504559041040352
2024-01-15 21:42:00,40.78177513268059,-74.00340171467647,40.81838240485772,-74.02327341284261,1,cash,high,4.400815038538161,24.117745888633042,24.11820654291641
2024-01-15 21:51:00,40.78106328731558,-73.99353588896554,40.75291235087327,-74.04903025287395,1,cash,high,5.624949976022592,40.935035191317624,37.56954611427381
2024-01-15 22:00:00,40.69512109069168,-74.0759757406297,40.66261960147996,-74.09429562796218,2,card,low,3.930346166993793,5.155997312673759,16.132490273388395
2024-01-15 22:09:00,40.73172500719485,-74.03145961142003,40.72147341257775,-74.06724198105496,2,cash,high,3.223554691138498,10.5402287419467,18.392954576391556
2024-01-15 22:17:00,40.87379684029722,-73.8510453142396,40.85886339179888,-73.805513361309,1,card,high,4.1733503958825695,25.996484367858578,24.67858290563827
2024-01-15 22:26:00,40.82592891252883,-74.0475781819753,40.88245599974676,-74.00152518480645,1,card,medium,7.38310694993985,15.27380595843224,26.321311139351824
2024-01-15 22:35:00,40.756716244296584,-74.24696451901593,40.801019778081354,-74.22175128207093,1,card,high,5.364301492618878,27.69999115626137,28.360582051187148
2024-01-15 22:43:00,40.705199011324446,-74.11566014589535,40.706777139432006,-74.17270436130002,2,cash,low,4.81163535754852,8.045524617655017,15.657941815953869
2024-01-15 22:52:00,40.597129111018106,-74.14181164931324,40.62763486125812,-74.14622771428785,1,cash,medium,3.4125054206099117,8.229566371556201,14.553746691254272
2024-01-15 23:01:00,40.62862251645097,-73.8552731739657,40.665656401636475,-73.91589682799581,3,card,high,6.566399247717444,26.954280417793928,29.748216912701377
2024-01-15 23:09:00,40.645628564443385,-74.03086054017938,40.64825029721538,-74.03748874254717,2,cash,high,0.6306331975150132,1.203457124287425,5.199768565997019
2024-01-15 23:18:00,40.706950404707946,-74.11704162305209,40.72506824527956,-74.08790767052677,1,cash,low,3.1761231512721304,7.329377204871909,10.95014638908483
2024-01-15 23:27:00,40.901008840005936,-73.84654050924077,40.92,-73.80189581470958,1,card,medium,4.305149820670574,17.284376597927576,20.223403213557702
2024-01-15 23:36:00,40.751752154251975,-74.25019942967613,40.77369441181617,-74.22892141458247,3,card,low,3.0272822870260208,3.352582179062444,14.072335388509998
2024-01-15 23:44:00,40.659845655508136,-74.17113207020708,40.624799483226724,-74.11450084982644,3,card,low,6.165816544871647,10.81094945939257,23.368979742105733
2024-01-15 23:53:00,40.615955046736914,-73.83825304210815,40.58545810765634,-73.82656400469597,1,card,low,3.5317824994536173,6.37405772778627,15.375691164868114
2024-01-16 00:02:00,40.69502387836501,-73.9791676188932,40.682037118589136,-73.98967783113366,1,card,low,1.6942883423387223,2.695751926370574,10.747977942883658
2024-01-16 00:10:00,40.85734841608736,-73.86543861496446,40.82554852353025,-73.826123892028,1,cash,medium,4.841574415997835,13.4893277558538,19.100215000062487
2024-01-16 00:19:00,40.710336549759575,-73.83253023247134,40.64404702399097,-73.7917388079634,1,card,medium,8.134222289337632,23.98910671304647,32.907874939563406
2024-01-16 00:28:00,40.84265197404762,-73.77959862081984,40.873069812290325,-73.8031863472444,1,cash,high,3.921128317410597,23.149142790450266,19.673838581606127
2024-01-16 00:36:00,40.85291969188314,-74.2276534543553,40.868508057592244,-74.21059925271965,1,mobile_wallet,high,2.249764711612987,8.486619898973347,8.898304735046203
2024-01-16 00:45:00,40.61767906169756,-73.85239028091777,40.58,-73.86563438276292,3,card,medium,4.336367826431388,12.470868599908869,19.51321933164337
2024-01-16 00:54:00,40.78694431589311,-73.89852926440788,40.77610306386537,-73.9889160305069,1,card,low,7.705218206824462,10.623536337258294,23.87250863681264
2024-01-16 01:03:00,40.90609266154618,-74.15441694365497,40.897799799769814,-74.13461215150987,1,card,high,1.9028467864067584,6.804421531318854,14.245022737707439
2024-01-16 01:11:00,40.71672694546721,-73.78483184416653,40.724914444750155,-73.84308534234711,1,cash,low,4.992977346059544,7.916111061979903,16.684908288323882
2024-01-16 01:20:00,40.597320990261025,-74.05385704104374,40.58,-74.03908695162372,1,card,medium,2.294564608051501,5.249143900141684,12.74027897898975
2024-01-16 01:29:00,40.89392291468768,-73.80731863099805,40.83299317406793,-73.8764074145953,1,card,low,8.925065960817296,12.727730440580006,28.13275998961462
2024-01-16 01:37:00,40.88044653573465,-73.95139201062089,40.903834138056176,-73.98377702908682,1,cash,high,3.764750318124196,21.447138129598006,21.461231939622266
2024-01-16 01:46:00,40.75752809205106,-73.99135854726411,40.68849980149897,-74.01087049334222,1,cash,medium,7.849745082798432,23.410206839705076,34.2523755525091
2024-01-16 01:55:00,40.76776606091696,-74.17864279371305,40.7572962037295,-74.12456517904904,1,card,high,4.700936354063529,30.886872129559126,27.093250580948133
2024-01-16 02:03:00,40.65199197494388,-73.79369291161348,40.637318501584765,-73.81770108931285,1,cash,high,2.600994249230882,12.034483170022117,15.406540394544797
2024-01-16 02:12:00,40.85861325688518,-73.97610242724525,40.85306546256497,-74.02447612015764,9,mobile_wallet,high,4.11488368983568,17.43914459772704,17.170482377767165
2024-01-16 02:21:00,40.749524013053325,-74.25689287319663,40.76089630600633,-74.24049734450692,1,cash,high,1.8724978742099005,10.278474066470324,13.334642259361946
2024-01-16 02:30:00,40.59151845034847,-74.25067488405416,40.66345412814998,-74.26,1,card,medium,8.037502076025676,15.64541805985603,30.242371196815157
2024-01-16 02:38:00,40.81222508519266,-73.8634073714408,40.74024793616607,-73.82783214621158,1,cash,high,8.545724986004618,79.80935836911195,54.859124305475206
2024-01-16 02:47:00,40.90316873173292,-74.17741245977703,40.92,-74.22294705748943,2,cash,low,4.259563694198676,6.658807373423595,15.619056386182885
2024-01-16 02:56:00,40.861911166717555,-73.95464339782964,40.74886406094164,-73.94515497313336,1,card,high,12.595607825760222,60.57363127415424,61.22307061407755
2024-01-16 03:04:00,40.67424736767158,-73.91264819941367,40.736964369368366,-73.80151769356094,1,cash,low,11.678431548495274,16.183137256194055,33.06916100656505
2024-01-16 03:13:00,40.598130528877334,-74.11752354759626,40.58,-74.1282911007528,1,card,medium,2.211567986148234,4.753951771548401,14.590864670763223
2024-01-16 03:22:00,40.89971948026298,-73.96964995771019,40.92,-73.96124708927366,1,card,medium,2.3630607768310474,6.319956531653951,15.122090011557981
2024-01-16 03:30:00,40.8986013264591,-74.13746803954558,40.881061774132625,-74.21221485115727,1,cash,high,6.578944399006362,52.341810405930275,37.806182273674715
2024-01-16 03:39:00,40.761021208702374,-73.77737913204234,40.81908844643716,-73.81576320000198,1,cash,medium,7.220259066803517,18.177613649179126,27.379340047733976
2024-01-16 03:48:00,40.79838791996832,-73.82131322026193,40.84717494102181,-73.80062578867,1,card,medium,5.697315434082901,13.895618446247319,25.098475495262726
2024-01-16 03:57:00,40.737284020641674,-74.1130981763363,40.71764201153297,-74.1279435747489,2,card,medium,2.516974539404433,5.305047287777429,13.4599885460625
2024-01-16 04:05:00,40.72272022481358,-73.99030460961534,40.70653150999514,-73.9626551263883,1,card,medium,2.9446463641569385,10.364286043921327,20.85121215317438
2024-01-16 04:14:00,40.620612468215754,-74.00467724285151,40.582940314874804,-73.98555500199066,1,card,low,4.489274474445703,8.751579495011645,18.943157773731627
2024-01-16 04:23:00,40.61289598544277,-73.77038813844547,40.64832764293276,-73.82969946305997,1,cash,medium,6.369781244465268,12.691867203319259,23.43316994280798
2024-01-16 04:31:00,40.6591289298699,-74.05904532210624,40.64007286518007,-74.01335653938813,4,card,medium,4.398537601102481,10.820689736840665,21.915804417061377
2024-01-16 04:40:00,40.86445785377823,-73.973263947143,40.827603595015944,-74.02918476959701,1,cash,high,6.238551295866314,23.091702606209097,29.427732261210064
2024-01-16 04:49:00,40.62958298225013,-73.7863596366074,40.65376040278815,-73.82078112236873,1,card,high,3.957581993121686,15.732612627825478,21.027350181724607
2024-01-16 04:57:00,40.657077541651,-74.17696636389996,40.61670460178774,-74.16663954270092,1,cash,low,4.57305337881629,7.505924383170085,15.411223576476635
2024-01-16 05:06:00,40.76652878016955,-73.97925234232805,40.75172457704071,-73.90873630696775,6,card,low,6.163177230275918,10.579303161793213,24.56192095447487
2024-01-16 05:15:00,40.65314461414661,-74.20610681061547,40.65796437806586,-74.2512812464612,3,cash,medium,3.8482772618796597,10.165343216313588,15.003772558696927
2024-01-16 05:24:00,40.63549027280405,-73.94507554477256,40.60658094578729,-73.93842974436869,1,card,medium,3.26313998429254,10.786831543754923,14.472253960297127
2024-01-16 05:32:00,40.77152752217731,-74.07350156627263,40.74940783153591,-74.06648064517526,1,card,medium,2.529682092656911,9.785746091671022,14.235879492838267
2024-01-16 05:41:00,40.70515171213885,-73.76650560267841,40.77422595619012,-73.75,2,cash,high,7.805575999712022,74.16833000109062,50.70045127902344
2024-01-16 05:50:00,40.792894157185756,-74.04814131761425,40.78370357317292,-73.99485994287869,1,card,low,4.600636394975014,7.51239157540819,18.335432012577407
2024-01-16 05:58:00,40.89014981573895,-74.19054430485373,40.87396660254869,-74.20872769173381,1,card,high,2.361147056235363,15.329639413614853,18.381669286706263
2024-01-16 06:07:00,40.63133766468792,-73.83466001992652,40.62345703347483,-73.78912680406968,1,mobile_wallet,low,3.9413106609922273,5.94481135202165,10.882348979171379
2024-01-16 06:16:00,40.89056744433644,-73.84135798737431,40.9110179188189,-73.78149351002712,1,cash,high,5.5213897977235655,43.95862323036747,36.72801322713762
2024-01-16 06:24:00,40.886846588923795,-73.90562159403318,40.84032272320347,-73.82534343098396,1,card,medium,8.505072102934186,20.064967775844785,34.89657117524354
2024-01-16 06:33:00,40.86188977833421,-73.87810598103904,40.881114471354834,-73.85551943255157,1,cash,high,2.859455438655726,9.65455695452226,14.96707315009921
2024-01-16 06:42:00,40.79463721188407,-74.1249952389784,40.806149120436736,-74.11791057801253,2,card,low,1.4121582253914051,1.7945541236219749,9.70953846888347
2024-01-16 06:51:00,40.790849863538284,-73.93255271478438,40.71036037125495,-73.95390901609704,1,card,medium,9.129033443750517,24.1450858920337,33.88505142535008
2024-01-16 06:59:00,40.79733230437841,-74.24060986568526,40.8780738065318,-74.26,1,card,low,9.125029855628265,15.551562127356831,30.805497767306157
2024-01-16 07:08:00,40.81476848741406,-74.15958602661608,40.8805050976484,-74.17209393558572,1,card,medium,7.384903943187624,22.668459488757104,28.695446642701363
2024-01-16 07:17:00,40.58560394820269,-73.78453748174793,40.58,-73.77948228361774,3,card,high,0.755341073283331,2.320048613035378,6.700371425624264
2024-01-16 07:25:00,40.905751476914624,-73.88298999848784,40.855242282718244,-73.88791715209733,1,card,high,5.631621363599376,45.55187023297252,37.00751044907511
2024-01-16 07:34:00,40.7791052788983,-74.14235700409549,40.789367596264434,-74.11545969441882,1,card,medium,2.5358482302414442,4.326901129058838,12.967529948207163
2024-01-16 07:43:00,40.84569838539682,-74.20319462434517,40.781534537444415,-74.26,1,card,low,8.58822237622592,9.324636872183314,25.50609549275119
2024-01-16 07:51:00,40.708275825280865,-73.77605108311707,40.769668558197466,-73.7842399252801,1,card,high,6.861335016924748,31.21524080046355,33.689119147105615
2024-01-16 08:00:00,40.584215052731366,-74.20278429030934,40.58,-74.11301966239847,1,card,medium,7.595071856488004,18.42834613077455,28.34418056433498
2024-01-16 08:09:00,40.75330978435799,-74.12889427549591,40.82629109613188,-74.0840923313183,1,card,medium,8.948837461121256,21.971392642271166,34.90794136781557
2024-01-16 08:18:00,40.75244464056742,-74.16685666357029,40.71534648890004,-74.13912810775571,1,card,low,4.740799647968846,7.5181308091251875,-19.219022473005996
2024-01-16 08:26:00,40.72857635802589,-74.25619345159001,40.72352726417539,-74.23861274471399,1,card,high,1.5843005975946922,13.288615257062888,14.11829124141064
2024-01-16 08:35:00,40.6955037984151,-74.09979126521,40.752528365711086,-74.11623569879293,2,card,medium,6.490505569057321,11.865990480640551,26.01538734692436
2024-01-16 08:44:00,40.66494086985531,-73.76316877548463,40.65039509327156,-73.84210193681368,1,card,medium,6.851979053228659,15.612249094722685,25.997226075727458
2024-01-16 08:52:00,40.759365257329044,-74.08562931403723,40.77160938577195,-74.0650585274687,1,cash,low,2.2033927490848444,4.311234305386164,10.257163282986731
2024-01-16 09:01:00,40.70759456749579,-74.00280451147144,40.7567642114995,-74.11298378570447,2,cash,medium,10.774028730603169,24.233147527123176,43.48738238012078
2024-01-16 09:10:00,40.90977684023694,-73.8795727501999,40.8847547049494,-73.89422276401747,4,cash,low,3.042628375788968,3.6022856621180726,10.509858851592853
2024-01-16 09:18:00,40.63879528464076,-73.9789491479396,40.58201702556611,-73.9791138114672,1,card,high,6.313469654022746,40.159337738487764,37.70493400864788
2024-01-16 09:27:00,40.68868629299321,-73.88076833121973,40.62304431615937,-73.90089190081304,1,card,high,7.493856857976926,52.525710064339876,42.92075510188701
2024-01-16 09:36:00,40.67994656011435,-73.92256570722284,40.70620103383906,-73.82485346951675,1,card,high,8.740045936575399,38.60864470358435,42.612457782297675
2024-01-16 09:45:00,40.76472511992023,-73.9496328582705,40.782220147335124,-73.867537432941,1,mobile_wallet,medium,7.1815625645649686,16.713612948973083,22.317651163087643
2024-01-16 09:53:00,40.74975528737121,-73.92867905732201,40.797530130159856,-73.88220252930655,1,card,medium,6.5982986404378,15.783371293826452,26.310935182516943
2024-01-16 10:02:00,40.79887175824425,-73.8524261753401,40.78653974589004,-73.89406587981335,1,cash,medium,3.764031999173314,7.266474494498674,14.901514364142457
2024-01-16 10:11:00,40.90300060199523,-73.89780238865144,40.83861742540321,-73.811338698938,1,card,high,10.203363563918552,73.42766088066394,60.093660390775554
2024-01-16 10:19:00,40.676975169067916,-73.85619479044036,40.58,-73.82834117919329,1,mobile_wallet,medium,11.036374417168197,24.8382755936048,35.30459709397404
2024-01-16 10:28:00,40.8155423335467,-74.18574520447541,40.92,-74.2281342891643,1,card,medium,12.149775106243954,32.6236085341516,45.923065461199
2024-01-16 10:37:00,40.58851366902176,-73.91438639631762,40.612225204855946,-73.9129141353093,3,card,medium,2.6395307701750443,8.502191904351083,17.060020427683728
2024-01-16 10:45:00,40.66921208072943,-73.88411882471398,40.67536770975313,-73.84098295630477,1,card,medium,3.7017281595627414,11.356391338825627,15.647560009495715
2024-01-16 10:54:00,40.73766470751884,-74.10701711942662,40.75020349673296,-74.13396666725552,1,cash,high,2.664300302223596,19.594234193814227,15.550815887770952
2024-01-16 11:03:00,40.59053822808358,-73.81396556279992,40.58,-73.80764159783965,1,cash,low,1.2877497061845926,1.012307240882531,5.673940922291089
2024-01-16 11:12:00,40.79000761658824,-74.10459708231562,40.754238376994905,-74.09035564534251,1,cash,medium,4.154227487526633,9.671751924889449,17.249506641507775
2024-01-16 11:20:00,40.81062560685658,-74.135645619118,40.88907546261619,-74.18518405818729,2,cash,medium,9.667273810408897,34.03998876352975,38.988244220998624
2024-01-16 11:29:00,40.833888783044934,-73.81778062410494,40.86351441090828,-73.82993480225404,2,card,low,3.4492042460484678,5.822937908584652,12.632527933068108
2024-01-16 11:38:00,40.75563533164662,-74.13401988256062,40.72127343705336,-74.18016569843756,1,card,high,5.451112319747984,41.97554386584241,34.46335959560361
2024-01-16 11:46:00,40.78534118609274,-74.04809374415979,40.73013449632899,-74.00900368345299,1,cash,high,6.965915764954317,47.9279707854847,38.78845269769187
2024-01-16 11:55:00,40.71466218543468,-74.07235935668123,40.69145595053218,-74.1132218508322,1,card,high,4.303912609152778,11.499417326513129,18.206750623104355
2024-01-16 12:04:00,40.59402603105223,-73.80198847049529,40.58,-73.78885730380938,5,card,medium,1.9136237308364363,3.923046818569696,11.001043441783358
2024-01-16 12:12:00,40.61398363096333,-74.02782977347314,40.70619520257643,-74.09038678530085,1,card,high,11.53159018423994,54.53949539451163,57.28471047034372
2024-01-16 12:21:00,40.8026986142285,-73.90590244401893,40.79422658231003,-73.95690710376029,1,card,medium,4.395502797171271,9.460578310329023,18.042774463477567
2024-01-16 12:30:00,40.91848880185916,-73.85504015863165,40.864958971573174,-73.90822481304433,1,card,medium,7.444142046873256,19.47794063841406,27.53277863010486
2024-01-16 12:38:00,40.58537310131552,-73.93976917381895,40.58273599495306,-73.95280005574355,1,cash,low,1.1388215273212463,1.0,8.568730766050177
2024-01-16 12:47:00,40.76957838892097,-73.77871580585429,40.78147361999798,-73.77059863295563,1,cash,low,1.4888548336763052,2.551923013062448,6.32034575244029
2024-01-16 12:56:00,40.83534297598007,-73.85072116007943,40.777718379988634,-73.83430717179581,4,card,low,6.554798906754997,10.695518850226255,23.34147595274718
2024-01-16 13:05:00,40.86110344152472,-74.05589461988582,40.879200890575085,-74.13564520081279,1,card,medium,7.001259548433519,18.95671401589541,29.517210739565492
2024-01-16 13:13:00,40.7653696664157,-73.77508595993858,40.819770884267925,-73.78267473221992,1,cash,high,6.0827802544032386,27.30257024694187,30.134312673059405
2024-01-16 13:22:00,40.7907714332626,-73.99246683503162,40.797011641008886,-74.02624257996858,1,cash,medium,2.9267442599725695,9.222893086764941,14.738983099833863
2024-01-16 13:31:00,40.81688648139335,-74.24848556529811,40.78101854956011,-74.22444753312345,1,cash,low,4.472245298629813,9.32893235716669,13.508384618617907
2024-01-16 13:39:00,40.87204852489577,-74.12739322737703,40.84824935520511,-74.13943686227559,4,card,high,2.833549122673092,18.727278980458298,22.467486154466695
2024-01-16 13:48:00,40.62157844264896,-73.942917910611,40.58,-73.94655530586384,2,mobile_wallet,low,4.6334995107844055,5.773339888200399,10.544504994984516
2024-01-16 13:57:00,40.894901946733455,-74.18002439981454,40.88887936119884,-74.21354710204717,3,cash,high,2.8963149454877826,13.950449586081552,19.242759612011547
2024-01-16 14:05:00,40.58884591720753,-73.96212529710446,40.602831015264876,-73.88451615017289,3,card,medium,6.7347192157125555,17.75452982669839,28.808171661780953
2024-01-16 14:14:00,40.86430791532565,-74.07558500862316,40.8239594490067,-74.13334608266865,1,cash,medium,6.613357935148209,17.184553703570007,23.53654866584458
2024-01-16 14:23:00,40.6060917450303,-73.98746340517029,40.693378251826545,-74.0054514347378,1,card,low,9.82373786862422,16.172845612999716,30.524083474777715
2024-01-16 14:32:00,40.646173591945676,-74.25904382758465,40.68182616924098,-74.25420189718736,1,cash,medium,3.985366170272717,11.488056601365752,-16.053423761291608
2024-01-16 14:40:00,40.58132400976958,-73.82730510911897,40.58,-73.83861632991865,1,cash,medium,0.966528407309072,1.1231635359064984,-7.263809964219146
2024-01-16 14:49:00,40.731387279882256,-74.07541800123448,40.65163546474942,-74.1097951204563,2,card,medium,9.32963029658358,22.12456935909273,34.510814355086154
2024-01-16 14:58:00,40.69368213708391,-74.18851919851825,40.64940106596224,-74.26,1,card,low,7.783724320788214,10.234554069198722,25.616091189262114
2024-01-16 15:06:00,40.63643758990559,-74.03666291292741,40.70723093320976,-74.06778081571754,1,card,medium,8.297801065294337,22.633769380181523,32.21234877395774
2024-01-16 15:15:00,40.73337065467333,-74.01204958032069,40.77346213164819,-74.05522189818825,1,cash,low,5.753075683768401,6.832045937858409,21.973245038684738
2024-01-16 15:24:00,40.71680610027854,-73.93492461764694,40.78987314907866,-73.85935951097485,1,cash,high,10.321086293065614,63.518084732888084,53.5155807541156
2024-01-16 15:32:00,40.84100475111757,-73.99247315542034,40.841464169012895,-73.89056183863343,1,card,medium,8.573104760127451,17.319746533553694,30.74277389986477
2024-01-16 15:41:00,40.883664304063814,-74.2378029731458,40.87423728430551,-74.2400885986556,1,mobile_wallet,medium,1.0657045896786044,2.5217867094388766,2.5
2024-01-16 15:50:00,40.80187286560081,-73.81552871574034,40.74573493872808,-73.8787427600538,1,card,medium,8.203711311620388,22.37607092111996,31.098382673563382
2024-01-16 15:59:00,40.62229953216702,-74.02718044478866,40.638035308788275,-73.9939684600316,1,card,high,3.3040671393640917,18.452860864370713,21.447335035641633
2024-01-16 16:07:00,40.68043287020135,-74.22073623600816,40.67160530269008,-74.26,2,card,low,3.453583627474278,6.609456343494593,13.755616465727478
2024-01-16 16:16:00,40.890528220922974,-73.86585759937012,40.87996797235129,-73.89057029678187,2,cash,medium,2.3863844867843924,7.1399455738196025,11.28016277531146
2024-01-16 16:25:00,40.61016972762268,-73.92332124642064,40.68298201547006,-73.95161947667388,1,cash,high,8.441031909340252,63.01868653247968,46.485041185240874
2024-01-16 16:33:00,40.71833098539288,-73.9287867358877,40.71264543326398,-73.95130949059687,1,cash,medium,2.0007514284987162,5.1821747405992,10.317501942369248
2024-01-16 16:42:00,40.90045157053939,-74.04227385911487,40.92,-74.05823627043196,1,cash,low,2.5542570852523663,2.8443706730914715,771.0865125635671
2024-01-16 16:51:00,40.903226046099626,-74.0506464980633,40.831762686348206,-74.10975408578312,1,card,low,9.372734965199824,14.657758500713777,29.27266284914632
2024-01-16 16:59:00,40.719809080196626,-73.98646729544245,40.840774130675456,-74.01805791021714,1,card,high,13.711177097971712,72.53988430443967,70.47482198320591
2024-01-16 17:08:00,40.80691494195359,-74.23419684942147,40.7901177711746,-74.18829935826761,2,cash,low,4.29125478951906,6.407563762286826,14.78302514133426
2024-01-16 17:17:00,40.73529350344036,-74.10753154024886,40.76711678448769,-74.1090416025657,2,card,low,3.540872913830825,3.339047393883625,11.687349869055215
2024-01-16 17:26:00,40.83617658340836,-73.7561739714832,40.87515886444595,-73.7505348486162,1,card,high,4.360500528547031,17.796225035203083,22.33646963076129
2024-01-16 17:34:00,40.59073765243562,-73.92228183054468,40.58,-74.02273299641048,3,card,high,8.566274195717485,54.33664362875924,48.8856990225929
2024-01-16 17:43:00,40.62901343063326,-74.04634357563717,40.66586978468592,-74.00369331100359,1,card,medium,5.453732723193923,16.54367807381486,22.813450299304737
2024-01-16 17:52:00,40.78882759320482,-74.14659481750037,40.82802273615098,-74.1774432125577,2,card,low,5.073024630299605,10.135509476155793,17.725650948968354
2024-01-16 18:00:00,40.65906776923064,-73.87994322543088,40.62697626668358,-73.82936464048433,1,card,medium,5.5627990989456855,14.659562148772801,24.68209045169826
2024-01-16 18:09:00,40.80645778175151,-74.12725194204985,40.77489927166333,-74.12030957586096,2,mobile_wallet,high,3.557483322237575,18.07088608340421,15.929221823755384
2024-01-16 18:18:00,40.69941579533684,-74.1771912470384,40.70145460239365,-74.20248365134543,1,card,low,2.144171779009081,3.866729096199917,11.326960623014987
2024-01-16 18:26:00,40.88145948976346,-74.18119740088052,40.87626226211762,-74.25669793268032,1,mobile_wallet,low,6.373878687749793,12.241063145167818,19.173805570211645
2024-01-16 18:35:00,40.8585481910904,-73.88807572762599,40.92,-73.79020765954172,1,card,high,10.694523108445525,62.563337996163895,56.52292118397974
2024-01-16 18:44:00,40.74756485202339,-73.93216677031276,40.77918492034592,-73.89602064302564,1,cash,high,4.65076405443732,18.546996166691603,22.460241332299663
2024-01-16 18:53:00,40.84278432961225,-74.22439888932068,40.839615268986414,-74.18556054133468,3,card,medium,3.2860979552518392,9.53488412857829,13.451661231449815
2024-01-16 19:01:00,40.67218688131993,-74.20132816416528,40.69946038946178,-74.1194809174199,1,card,high,7.5381918177000395,35.165209166423644,36.80485275854864
2024-01-16 19:10:00,40.748048324116034,-73.93673809764968,40.655948935615186,-73.92665418209938,2,card,medium,10.276203703481384,27.836673339679248,42.34905107929791
2024-01-16 19:19:00,40.64714389763351,-73.9687307880452,40.619454903820085,-73.90787278573303,1,card,high,5.9877281183737106,35.33361687926607,32.125110987877875
2024-01-16 19:27:00,40.87270129729714,-73.91014047921038,40.88565324267149,-73.931676365809,2,cash,low,2.313528397763893,1.0,9.655361761821714
2024-01-16 19:36:00,40.859842989633265,-74.16920015673475,40.91003443721843,-74.13600912275726,2,card,medium,6.2396639146071475,14.096324119032179,27.158780242983386
2024-01-16 19:45:00,40.88673088725906,-73.88944016782925,40.89572050731857,-73.91779451966336,1,card,medium,2.584545169532784,7.39173318310411,15.793315794548352
2024-01-16 19:53:00,40.87834217361625,-73.78259080166141,40.92,-73.80526444745821,1,cash,medium,5.00882391958633,11.042163792966608,19.44365697588737
2024-01-16 20:02:00,40.90626272910023,-73.95346433958693,40.92,-73.94909931369149,1,cash,medium,1.5709360197856297,4.75015651882032,8.051567841931462
2024-01-16 20:11:00,40.65763431875485,-74.15997368998218,40.63565949467164,-74.21700664093036,1,card,medium,5.3966405157907955,11.136130891247145,20.678512174915383
2024-01-16 20:20:00,40.896820258870406,-73.9134326338051,40.890518879802485,-73.89860854379825,1,card,medium,1.4295354220950613,5.223894352748346,9.955743863069134
2024-01-16 20:28:00,40.77421248505968,-74.0850283413915,40.792591460940415,-74.09906646083584,2,card,low,2.3608226072741614,3.926375549735211,12.692592407975063
2024-01-16 20:37:00,40.72364832853217,-74.23486324934329,40.703459728653634,-74.26,2,card,medium,3.086740497998174,7.334946662014219,16.158279306008257
2024-01-16 20:46:00,40.770527124629076,-74.10580726537023,40.83943518263532,-74.12640205022939,1,cash,medium,7.855854023874424,22.62788552909943,30.45964894477091
2024-01-16 20:54:00,40.69648480126109,-73.79815159800543,40.64659212521794,-73.81367905964734,3,card,medium,5.700272298071022,18.231037509013397,24.003346976826478
2024-01-16 21:03:00,40.67810802236672,-74.05031894671025,40.69233281263582,-74.01194130579253,2,mobile_wallet,medium,3.6018626761547234,10.10702872219484,12.014889632022989
2024-01-16 21:12:00,40.662046874912356,-73.81902067760414,40.695141981524586,-73.80618676974193,1,card,low,3.835848549373904,8.643138264761784,16.576471719082697
2024-01-16 21:20:00,40.608025516415424,-74.00058373480339,40.593920401889676,-73.93544747828734,5,card,low,5.718477144519785,12.08936580421505,21.85536549888102
2024-01-16 21:29:00,40.748832065030044,-73.9963412256306,40.72458609506083,-73.97293629382749,3,cash,high,3.340241646415503,19.374295269009373,21.285956723029205
2024-01-16 21:38:00,40.881838969742724,-74.2573396762569,40.87841531140247,-74.26,1,mobile_wallet,high,0.44153267469130186,2.249893584124827,2.5
2024-01-16 21:47:00,40.79425166955329,-73.93507692262263,40.83079160262862,-73.93770309384408,4,cash,medium,4.06906185866125,10.49974513513159,17.977476145447724
2024-01-16 21:55:00,40.757131715136964,-74.20501493903448,40.73463855524821,-74.2206771006955,1,card,medium,2.8278082813929646,6.077036740441944,14.78109736682996
2024-01-16 22:04:00,40.72572159220531,-74.01583830851216,40.677620138794396,-73.99387952998707,1,cash,low,5.659900312810342,13.248907049141565,23.248398341814045
2024-01-16 22:13:00,40.737896552947845,-74.12723840361437,40.78967286791253,-74.12454640697852,1,card,medium,5.761725900013022,9.588249085691928,20.985721879259344
2024-01-16 22:21:00,40.65115429817446,-74.05988468742706,40.66912263945656,-74.08816987095521,1,cash,medium,3.1119790266854888,6.622632433443633,11.70807162066795
2024-01-16 22:30:00,40.859798198245656,-73.98609054860994,40.905151782617686,-73.98570352741213,5,cash,medium,5.043193444834813,7.842948164835017,18.700632143509942
2024-01-16 22:39:00,40.64745020751572,-74.252623301553,40.681620135422754,-74.23187017160303,1,card,low,4.183347010111229,4.937723513017703,13.576914105691372
2024-01-16 22:47:00,40.823651737287285,-74.11486237253148,40.92,-74.16015134175505,1,cash,low,11.370083782225338,17.377072874836077,-33.10426637338485
2024-01-16 22:56:00,40.83839490390869,-73.75529791351114,40.888568645510986,-73.75,1,cash,high,5.596825881359251,34.04453001364919,32.618653989250525
2024-01-16 23:05:00,40.77545547428943,-74.23072644583152,40.74287189400506,-74.26,2,cash,medium,4.3824861332205085,7.678237847591506,17.43171383592364
2024-01-16 23:14:00,40.87339496748464,-74.09710932103975,40.89455702601006,-74.04735861059838,1,mobile_wallet,high,4.798930270606152,23.811301601553104,22.214374739076288
2024-01-16 23:22:00,40.67895711983322,-74.09607504776804,40.65387012738626,-74.0723519112833,1,cash,medium,3.4329445564130006,7.79519646368168,12.412163756359451
2024-01-16 23:31:00,40.87974985522258,-74.06651318032429,40.859314177849875,-73.9931954437213,1,card,high,6.570426430594298,57.6129779365831,43.36340493311186
2024-01-16 23:40:00,40.82799955626376,-73.9107617315944,40.764437038236075,-73.9610085713843,1,card,low,8.236791249494912,13.16654785437162,27.449765074920638
2024-01-16 23:48:00,40.851574941439,-74.1336506626717,40.838699848255004,-74.08264533487495,4,card,low,4.522958900358532,9.56738644134009,17.132190089011797
2024-01-16 23:57:00,40.80595710123929,-74.02526263449062,40.83048364422335,-73.98315253163005,5,card,medium,4.471564568407469,12.604923775625704,19.59929674115472
2024-01-17 00:06:00,40.86775662577659,-73.93111958090525,40.86478564904557,-73.9393200230296,1,cash,medium,0.7646234788670314,1.0,3.2858820227289605
2024-01-17 00:14:00,40.917653613324,-74.09561575025242,40.86818203517781,-74.11256470113989,2,cash,low,5.682476261274939,9.648328738338373,16.049510591888975
2024-01-17 00:23:00,40.722855370538376,-73.77612598394334,40.6543195005773,-73.8249575564854,2,card,medium,8.66192131270911,21.097402387300328,33.71448910757161
2024-01-17 00:32:00,40.85673133246126,-73.76036695617923,40.92,-73.82092839257673,1,mobile_wallet,low,8.683934797400477,12.439912848365877,24.053247057972953
2024-01-17 00:41:00,40.83315711823613,-74.19896648047937,40.847789352122994,-74.23277202485566,1,cash,low,3.2763541127967843,6.350002235883091,12.61074229318027
2024-01-17 00:49:00,40.733975856342084,-74.0846518589556,40.69689274371009,-74.14116176286373,1,mobile_wallet,high,6.299712024500534,28.388142791258097,28.624953616283726
2024-01-17 00:58:00,40.895162659909055,-74.1539342443987,40.915942915595686,-74.08212673263712,1,card,medium,6.461950047235686,16.578936421218042,26.867540932770932
2024-01-17 01:07:00,40.71410481605468,-74.16473730626588,40.812618189555955,-74.23232964281299,1,card,medium,12.345061346240534,33.343914575692224,48.98206316960411
2024-01-17 01:15:00,40.77225841153392,-74.00960028244748,40.80017921771798,-74.0028999859327,1,cash,low,3.1554843871222427,2.9084499275614943,15.1767855304556
2024-01-17 01:24:00,40.61602040137693,-73.97244817485121,40.58,-73.95284144414138,2,cash,high,4.333892889448322,27.805131317355976,24.773588965217975
2024-01-17 01:33:00,40.65676356598253,-74.04291745929523,40.776116691941944,-74.02682999385756,1,mobile_wallet,high,13.34054092467952,83.89179818862993,67.4376885327764
2024-01-17 01:41:00,40.86583669798148,-74.12099701472034,40.78262060636841,-74.10095902725239,1,cash,low,9.405564671026521,16.209005780064352,30.12034870170776
2024-01-17 01:50:00,40.71482792576181,-74.11790299713064,40.70555738821985,-74.07531498284541,1,card,medium,3.7347300767382157,9.86898728472859,14.75567386688179
2024-01-17 01:59:00,40.713988590401186,-73.75401464026623,40.66298539689971,-73.77408113757589,1,card,medium,5.918290953693126,14.038439298920318,25.17473156284896
2024-01-17 02:08:00,40.66363354618481,-73.78892453926497,40.63033345123602,-73.78498476020891,2,cash,low,3.7176905599009316,6.571429779971234,14.170168114775935
2024-01-17 02:16:00,40.74714751366113,-74.22129159109544,40.75994594948535,-74.23450185917889,2,card,medium,1.806505449812667,4.528121252608828,9.027039456483209
2024-01-17 02:25:00,40.85397776685921,-73.92515916748198,40.76078170896327,-73.86654551587571,1,mobile_wallet,low,11.477225849253646,18.963861215509578,34.704348289202095
2024-01-17 02:34:00,40.884355800043075,-74.02699242018274,40.880294748696045,-73.93249845362637,1,cash,low,7.956886573807495,11.843466565458764,24.346670435664848
2024-01-17 02:42:00,40.60383890689502,-73.90870481042843,40.65546931591838,-73.96243182963569,1,cash,medium,7.315512778033013,22.487132785980805,28.704818688587697
2024-01-17 02:51:00,40.77543904862164,-73.95555004017432,40.737493234015204,-74.04694957809151,1,mobile_wallet,medium,8.778964373462369,21.399362536500288,28.999811615483466
2024-01-17 03:00:00,40.73887294508339,-73.80648127595796,40.676310117385995,-73.7808703553521,4,card,medium,7.28392340746973,18.50471711681017,28.66435504698471
2024-01-17 03:08:00,40.78885582916034,-74.22583595971271,40.78258709956333,-74.1776691799221,1,card,low,4.1147342020796716,8.21207195332498,19.690672876706742
2024-01-17 03:17:00,40.73207373354881,-74.08170506485057,40.7168483664965,-73.99364108575439,2,cash,medium,7.61178834474014,15.218544251737791,26.718726847305604
2024-01-17 03:26:00,40.71553923909016,-73.75739799585445,40.68875399392511,-73.75,1,cash,high,3.0429737811188957,24.07813098954307,19.221676143125332
2024-01-17 03:35:00,40.74043944222603,-74.16703447201479,40.68696386880073,-74.10422432887387,1,cash,medium,7.961298560885516,23.8682708570419,31.023243211614826
2024-01-17 03:43:00,40.77787970377718,-74.19505994585161,40.80124300993056,-74.12035721287218,1,card,medium,6.804463318760863,17.263005549661862,26.069605345468972
2024-01-17 03:52:00,40.750334291750804,-73.88822427693971,40.777121149765684,-73.82230927721632,2,cash,medium,6.299955331245569,11.454952944334078,22.856702744778595
2024-01-17 04:01:00,40.74052911334702,-73.8635080683911,40.69257501029648,-73.82385584543376,1,card,high,6.292938524734508,30.746018943463778,31.703674852563037
2024-01-17 04:09:00,40.85806400538575,-73.91714049068592,40.81633759137858,-73.97483992101839,3,card,medium,6.7148648702408416,19.095359844745612,28.37309156006337
2024-01-17 04:18:00,40.83352031702087,-73.86414012733243,40.83966245675113,-73.86451641084516,2,mobile_wallet,low,0.6837080056207223,2.3819129819140565,2.5
2024-01-17 04:27:00,40.696068688021604,-73.90620199823249,40.65264496340766,-73.89270026037482,1,card,low,4.960937554981899,8.0802471622394,17.416180866843714
2024-01-17 04:35:00,40.85219621995521,-74.19075695203253,40.86023600917657,-74.19524838552624,1,card,medium,0.970513112251324,1.747907731839318,6.300801494976457
2024-01-17 04:44:00,40.870241227461534,-73.94980683228596,40.92,-73.95152160038916,1,card,high,5.534800051024774,34.14514946353045,31.118474196682367
2024-01-17 04:53:00,40.63218734982723,-73.86379289189463,40.62949532917195,-73.79326762902868,1,cash,low,5.959019630866512,6.501718054832741,15.980086146901634
2024-01-17 05:02:00,40.77811203698846,-73.81858653077452,40.723499300453696,-73.8526439565405,1,card,medium,6.716220967269574,14.566111663421879,22.666858683877848
2024-01-17 05:10:00,40.677006077823734,-74.13442002623131,40.69465073520321,-74.09846266990232,1,card,medium,3.611328606399821,11.737217284222053,16.793786462530235
2024-01-17 05:19:00,40.83131858945509,-74.19501031192135,40.8233241266267,-74.18077043880179,1,card,medium,1.4918932001703245,4.986037153187516,8.353859440623108
2024-01-17 05:28:00,40.66118701198195,-73.86164387377289,40.654429945294844,-73.90023283128862,1,cash,medium,3.340723776550257,7.282595149958896,15.928305928577142
2024-01-17 05:36:00,40.80827719821883,-74.12916034403182,40.82966672749838,-74.17760741145322,1,card,medium,4.719879829140977,15.850250520518472,20.986289098532655
2024-01-17 05:45:00,40.66674238305959,-74.24371596605636,40.69783906618461,-74.26,1,cash,medium,3.720456177114596,12.319111658395503,17.216462052827953
2024-01-17 05:54:00,40.75378887956618,-73.83914108253886,40.75538647701248,-73.81729011619116,2,cash,high,1.8490942682323708,10.386792331589755,13.271090012263562
2024-01-17 06:02:00,40.90253979909151,-74.00194452175647,40.89980918483959,-74.00479053835952,2,card,high,0.3865304033664697,1.0,4.263421233420529
2024-01-17 06:11:00,40.70964456307519,-74.0934171024615,40.80250393014649,-74.13057708681046,6,card,medium,10.789461691723549,24.769864241825612,39.377890031739234
2024-01-17 06:20:00,40.877751085227494,-74.25417115633192,40.92,-74.26,1,card,medium,4.723340215218274,10.80034949740971,20.767114747433453
2024-01-17 06:29:00,40.915561157609325,-74.24198300319895,40.92,-74.22251101261575,1,card,medium,1.7089525927513605,2.3068065159456834,11.204659822232927
2024-01-17 06:37:00,40.87744928859376,-73.85576213201425,40.88335355615837,-73.86357986022627,1,card,high,0.9289803470019851,6.548446325595334,10.87243386768239
2024-01-17 06:46:00,40.63639445010593,-74.01024999866792,40.59113600449066,-74.0423662049012,2,cash,medium,5.716226009528517,14.159155131643525,20.998721275608098
2024-01-17 06:55:00,40.858683794641955,-74.18364175485881,40.90941618200898,-74.2270235514681,1,card,medium,6.71740319643929,20.68432663690715,29.052328401391694
2024-01-17 07:03:00,40.59093079433419,-74.077162130103,40.5974240309365,-74.08789801245705,1,card,low,1.1588826339489322,1.706128479363078,7.111072738157835
2024-01-17 07:12:00,40.71372264045777,-74.17569437475586,40.68775003483572,-74.1545445328976,1,card,medium,3.3940385951913057,3.81181095273577,15.336287610735365
2024-01-17 07:21:00,40.87604934692808,-74.20243040787801,40.86510802651663,-74.21727964217698,1,card,medium,1.7433125338288793,5.4339517543337745,12.8350506671718
2024-01-17 07:29:00,40.81417575233837,-74.11908301145618,40.770697536857654,-74.17256669618452,1,card,low,6.606435162725564,10.879143455324098,21.078840105930638
2024-01-17 07:38:00,40.761131745294875,-73.97975064079418,40.80871155222924,-73.98236626377077,1,card,medium,5.2952143271625385,12.632339233692596,24.954552081742435
2024-01-17 07:47:00,40.71187376852809,-74.15289663001577,40.742610437268574,-74.1058469939894,1,cash,high,5.234490822019791,36.58184295730421,28.81926691316175
2024-01-17 07:56:00,40.8561809617999,-74.08472774854478,40.864354422568674,-74.08291570693879,3,card,low,0.9215344364851356,4.770831034319676,9.501250543174006
2024-01-17 08:04:00,40.821249857342394,-74.01625524918221,40.819324506529256,-74.01317618977896,1,card,medium,0.33610376758927146,4.1138431545746315,4.932471731430979
2024-01-17 08:13:00,40.73925780866933,-74.0457848330166,40.70862770919309,-74.06043993607162,1,mobile_wallet,high,3.6229045415149037,17.716823780848838,16.568347906528594
2024-01-17 08:22:00,40.88344467465129,-74.19439982244815,40.78759140568215,-74.23443469392356,2,card,high,11.177900734898637,65.45977228379894,60.08160832006528
2024-01-17 08:30:00,40.65818232605833,-74.2401785258767,40.59460061570863,-74.26,3,cash,medium,7.265168600187754,18.220567476593107,27.352240946983443
2024-01-17 08:39:00,40.63793311311393,-74.24191604925605,40.60451407283556,-74.26,1,card,low,4.017265995135537,6.466907866598396,16.70941402029244
2024-01-17 08:48:00,40.79855327987342,-74.0814087008058,40.75836979268279,-74.02825353816837,1,card,medium,6.324318790321731,15.103214121770728,25.697151791417486
2024-01-17 08:56:00,40.9104780765186,-73.89341093994597,40.92,-73.87260050202381,1,card,medium,2.044217159381328,3.57823117109599,13.966709280599147
2024-01-17 09:05:00,40.6640672349243,-74.19305979764808,40.700584453313105,-74.18934788988169,1,cash,medium,4.072575080545518,8.536879025938664,14.249213205045589
2024-01-17 09:14:00,40.6648879288375,-73.85864014065415,40.65910816398696,-73.84533891614916,2,cash,medium,1.292977893097353,3.28781870418509,7.237798931830625
2024-01-17 09:23:00,40.627429608307146,-73.89500610224995,40.69083087038761,-73.87972727941982,1,card,high,7.166734957053032,36.24037311504076,34.60098568590933
2024-01-17 09:31:00,40.87259160879304,-74.25798881964835,40.83736121141164,-74.26,3,card,medium,3.921091538821373,11.937297914770275,17.683183269139953
2024-01-17 09:40:00,40.65697516373985,-74.24635858477926,40.65087599303618,-74.26,1,card,high,1.335752917531944,12.135527942640243,11.427739927217475
2024-01-17 09:49:00,40.751080699086465,-74.1605330600756,40.748786276018976,-74.1818724505578,2,card,medium,1.8155909763992475,4.257315745302361,9.340198812609234
2024-01-17 09:57:00,40.916896642520754,-74.23137833536421,40.92,-74.11836425460484,1,card,medium,9.502120041858536,21.387841270211645,33.34849562402964
2024-01-17 10:06:00,40.58412790631349,-73.98901501631215,,,3,mobile_wallet,low,3.9127929499299774,6.535008009434702,10.124355320845075
2024-01-17 10:15:00,40.76920527077367,-74.23979009665621,40.775215871928786,-74.23223539383906,1,card,high,0.9227183454484704,1.9441942249098423,8.380753828455754
2024-01-17 10:23:00,40.75417827451968,-73.85065062262235,40.67971033434433,-73.78918133024152,1,card,medium,9.76751880661231,24.849711628908857,38.07847140705634
2024-01-17 10:32:00,40.85453210797945,-74.00858934483765,40.81403630606497,-73.95280337383477,1,cash,medium,6.504109804799092,13.971625840963865,25.24817780803604
2024-01-17 10:41:00,40.700795723447946,-73.88874327299703,40.75011357576434,-73.95086686683746,1,card,low,7.581487493626213,9.894397196443903,26.222353634806524
2024-01-17 10:50:00,40.719516062025676,-73.87714169902272,40.6261256601638,-73.88717009667108,1,mobile_wallet,medium,10.418921879312812,29.29276696250663,34.532207350976904
2024-01-17 10:58:00,40.63709891340361,-74.00155039076819,40.69753358276299,-74.00228498862458,1,card,low,6.720314238596383,11.9829069808713,22.611107736689295
2024-01-17 11:07:00,40.831877178756166,-73.78806493311073,40.85436208075911,-73.76054617540655,1,cash,high,3.407287211007756,33.29611443777265,24.21952516616141
2024-01-17 11:16:00,40.846801029123974,-73.75497720533379,40.813162569347604,-73.76505687887195,1,card,low,3.8353615572252084,5.9947653334772495,15.211430474441844
2024-01-17 11:24:00,40.6264655290648,-74.07680051013259,40.589023325126476,-74.08123441031154,1,card,medium,4.18017439982046,9.487330275320602,19.828534695085953
2024-01-17 11:33:00,40.71377540515603,-74.1958092884729,40.7990933936492,-74.21656998570101,2,card,medium,9.646740086569586,21.602517299392392,35.56401731061219
2024-01-17 11:42:00,40.88358769842331,-74.07474852888959,40.92,-74.02754644657325,1,cash,medium,5.668429027213137,12.20673440485831,22.188157806705288
2024-01-17 11:50:00,40.580920473049765,-74.14608951252272,40.58,-74.21103983244548,1,card,high,5.4861255361362735,27.808098711479943,29.30543041768803
2024-01-17 11:59:00,40.6815780840117,-73.98918710979851,40.687634711837056,-74.00841807451904,1,card,low,1.7558496142038373,2.5432967788302028,-10.482957968143717
2024-01-17 12:08:00,,,40.7396362156769,-74.1499877431091,1,card,low,7.7001010253211,11.148389432524445,26.15584089706636
2024-01-17 12:17:00,40.69359191228438,-74.01497079871373,40.699657191286555,-74.0613045736554,2,card,low,3.9639620723350766,7.48361142037505,15.70513930754145
2024-01-17 12:25:00,40.672495364320405,-73.87077433620124,40.64216969833478,-73.8565013502145,1,cash,low,3.580557075236573,5.6931018640682165,11.361457272598887
2024-01-17 12:34:00,40.736412744867096,-74.12024930298367,40.732878308779256,-74.10512235993544,3,mobile_wallet,medium,1.3337658196537805,1.0,4.492055666670036
2024-01-17 12:43:00,40.641717856757296,-73.98588789043374,40.72318267884671,-73.99998151657557,2,cash,low,9.136098631112263,14.60937315028712,29.526787161951354
2024-01-17 12:51:00,40.760072581926224,-74.08906776284238,40.75576994983145,-74.03848843126617,3,card,medium,4.286943397043488,12.583512736331462,19.399998671325346
2024-01-17 13:00:00,40.8202766132465,-73.85966995929846,40.77311562858919,-73.79873802936999,1,cash,medium,7.335411463221527,19.767466574736748,24.109220068846284
2024-01-17 13:09:00,40.77560028389369,-73.93383631747207,40.71411354173436,-73.93695154755967,1,card,high,6.842048798137935,34.107154791739134,35.361152845693184
2024-01-17 13:17:00,40.6116571724919,-74.25566258743959,40.617377471573306,-74.24439310890185,4,card,low,1.1443102341754678,1.441078747268816,8.772819457235865
2024-01-17 13:26:00,40.8670989288163,-73.92337381603635,40.832858646864125,-73.9437383159364,3,card,high,4.174901814575401,43.44928521039303,29.83837045114995
2024-01-17 13:35:00,40.63949246474574,-74.17321737588605,40.65058960613496,-74.14500742842074,2,cash,high,2.680932409540616,11.128011479541986,17.605620753242725
2024-01-17 13:44:00,40.84003608020778,-73.89051836699645,40.767158441016996,-73.94425108859755,3,cash,medium,9.2802533887841,21.33078712238631,32.5870087314957
2024-01-17 13:52:00,40.702592137663785,-73.97065727990882,40.7336533937197,-73.88984471348675,3,card,medium,7.6364098765309185,15.829072164006398,31.162648092125313
2024-01-17 14:01:00,40.846138858339074,-74.05524383436118,40.79843143910839,-74.00394449753841,2,cash,medium,6.8391781866911705,16.277182184571334,25.788769016197527
2024-01-17 14:10:00,40.650132787157816,-73.9060261211043,40.652216163825294,-73.95997780703165,1,cash,low,4.557388131907395,9.223366897769026,14.920358190709806
2024-01-17 14:18:00,40.64346511525645,-73.82313742420692,40.62824147047165,-73.85864325560445,1,mobile_wallet,high,3.4411974930926212,16.728323289386445,16.524972585079354
2024-01-17 14:27:00,40.74898878771394,-73.86284070593034,40.82631629101649,-73.84388451154832,1,mobile_wallet,high,8.745277366496703,35.67330500516323,38.898363359103264
2024-01-17 14:36:00,40.59119824499744,-73.98185656894833,40.59891525780177,-73.9970778686141,2,card,medium,1.5453235043980433,2.5372692624677753,8.277485870301062
2024-01-17 14:44:00,40.65660109518599,-73.89142589666764,40.74414733285115,-73.86691891697517,1,card,low,9.951505200831592,16.77010999243118,32.49827912387565
2024-01-17 14:53:00,40.82616416574268,-74.0489035772597,40.851397573745494,-74.06507641287541,1,cash,low,3.118288802178068,5.828537457027864,14.362678764149686
2024-01-17 15:02:00,40.86471038262385,-73.8575966780028,40.92,-73.7889801488874,6,cash,medium,8.429896731005647,19.51076602424505,32.19558103658632
2024-01-17 15:11:00,40.607467023738856,-73.83718353527236,40.59807110444982,-73.8368097206008,1,card,high,1.0452550829197644,7.425826111463299,8.129181581687696
2024-01-17 15:19:00,40.87990642120896,-74.18998014319304,40.89545405843602,-74.08105516229764,1,cash,low,9.31830736214075,14.737039800757799,30.72391587318227
2024-01-17 15:28:00,40.85115584937808,-74.1386040066071,40.90599481088393,-74.11148361823702,2,cash,medium,6.510170406932083,14.216894871687737,19.15721353237278
2024-01-17 15:37:00,40.875692660540366,-74.12230574395193,40.91641585822665,-74.1830289391731,1,card,high,6.823094394085706,32.245387373458826,35.76276906814546
2024-01-17 15:45:00,40.8174657085568,-74.17529832331914,40.84136040607511,-74.08140597706284,9,card,medium,8.334638087509557,23.49675246739685,32.110997585042306
2024-01-17 15:54:00,40.80921204287995,-74.05980714648231,40.7944549754045,-74.01036659351314,1,card,medium,4.47332379826485,14.057733130621349,20.881634100176864
2024-01-17 16:03:00,40.758531699337254,-74.1615530621607,40.75138675711595,-74.14444641903206,4,card,medium,1.6454258225073333,5.5147280197358866,11.524671912431524
2024-01-17 16:11:00,40.801947656327044,-73.95627495142743,40.85314244414919,-73.9271764458985,1,card,low,6.196771560574553,11.037096454227381,22.302953839245
2024-01-17 16:20:00,40.89249728595265,-74.20817612412222,40.92,-74.26,1,card,medium,5.3216927145764,11.767426775280743,22.40243599989501
2024-01-17 16:29:00,40.61417748048168,-74.12234123195636,40.58749865766409,-74.20353815692148,1,cash,low,7.469491679122087,12.103522735560379,23.221698947664617
2024-01-17 16:38:00,40.68735992246767,-73.92058447056736,40.6538907686217,-73.92246320740492,1,card,medium,3.7249715868181266,10.662924803757235,16.317754540564902
2024-01-17 16:46:00,40.604634691022596,-74.05674198720199,40.58,-73.99469732194028,1,cash,medium,5.911776045286579,12.055963103291871,22.979155709968133
2024-01-17 16:55:00,40.901233758460975,-74.04505400165476,40.92,-74.02724710370768,1,card,high,2.5677825704300163,13.271295058832305,17.961156657766438
2024-01-17 17:04:00,40.731390258439795,-73.85305812099122,40.68956388244698,-73.77614540360781,2,cash,medium,7.978537480460902,21.087914119577327,29.269062099806142
2024-01-17 17:12:00,40.809617120029905,-73.7578991078216,40.846409273300885,-73.75,5,card,high,4.144734472734992,19.932357141878818,22.643128613333747
2024-01-17 17:21:00,40.86598082193147,-73.97181543054036,40.890536887371915,-73.97088803873501,1,cash,medium,2.731622894368382,3.108868841842019,11.931325565833772
2024-01-17 17:30:00,40.91694008434601,-74.21967574255356,40.89241095134955,-74.16640668109383,1,card,medium,5.242232807397234,15.288814972050288,22.129738160269596
2024-01-17 17:38:00,40.63500603564937,-74.20751948314594,40.705379704772675,-74.13900269078248,2,card,medium,9.727581528870493,24.68524606748312,37.87098129553027
2024-01-17 17:47:00,40.8518342859442,-73.766064631765,40.78603263507964,-73.76967282046374,1,card,medium,7.323106947225709,19.38288710091548,28.093107727949228
2024-01-17 17:56:00,40.88172378536649,-73.91359019449828,40.92,-73.9232100947228,2,card,medium,4.332234940750212,8.096014042542823,19.923212602396017
2024-01-17 18:05:00,40.596617628129295,-73.87624074964975,40.61096749202034,-73.86992047771976,1,cash,medium,1.6824805566364787,4.503800311142192,9.756820755519051
2024-01-17 18:13:00,40.8363907904631,-73.91536048358037,40.743084804413456,-74.02389633582801,1,card,medium,13.82512754025328,40.20379237945605,50.47828988042349
2024-01-17 18:22:00,40.70060660920683,-74.16839502313547,40.772241192818804,-74.15577558756456,1,mobile_wallet,low,8.036051472404877,12.753685880277905,22.83179163693298
2024-01-17 18:31:00,40.800522909099946,-74.03133529797937,40.84427247178984,-73.99891558874054,1,card,low,5.577404733466624,6.2605925377614255,17.71677754209586
2024-01-17 18:39:00,40.75477638665321,-73.85297897681413,40.735506860899626,-73.84647597770044,2,card,low,2.2115997890823516,3.754230497111031,11.689094232374538
2024-01-17 18:48:00,40.668312365709454,-73.81815488889954,40.62489994027359,-73.80264453998328,1,mobile_wallet,low,5.001464101723428,8.170939746943171,13.649733188197391
2024-01-17 18:57:00,40.62597526308135,-74.13895888747935,40.58,-74.14091532438133,2,card,high,5.114883504612259,34.65695492364605,31.784118121378086
2024-01-17 19:05:00,40.61976205925033,-73.95605948667475,40.728457136531794,-74.0459254717227,2,cash,medium,14.265917543726545,41.70128499945711,54.121159769409154
2024-01-17 19:14:00,40.615129771620886,-74.17987802960339,40.58,-74.10506126536274,1,card,medium,7.427023996683269,18.614959113848833,29.61552291568963
2024-01-17 19:23:00,40.79684861364576,-73.77127879470791,40.739987128355715,-73.78783109284099,4,card,low,6.474542623351319,8.070112349340594,24.38942662779875
2024-01-17 19:32:00,40.699479689475844,-74.13137581261384,40.7115360500716,-74.1591754683527,3,cash,high,2.6997130034827665,11.790795781929116,15.398518304452553
2024-01-17 19:40:00,40.653655368989995,-73.88941608441202,40.58,-73.82830685938168,1,card,low,9.67897226912175,14.883348105545004,33.38273722897538
2024-01-17 19:49:00,40.81524093152001,-74.1421323984443,40.77107125359,-74.09809087736355,2,cash,low,6.153705078580132,9.967306272943526,569.1263194494677
2024-01-17 19:58:00,40.8135288523606,-73.94581248913195,40.85830246609782,-73.93352452561304,2,card,high,5.084792977868136,26.343986065138626,28.311448458869684
2024-01-17 20:06:00,40.76331721940138,-73.92377520341844,40.784206696168255,-73.88915356587896,1,cash,medium,3.7275914035674953,9.605429270671637,15.934984151903082
2024-01-17 20:15:00,40.89788565773439,-74.09250166723808,40.88049900954612,-74.14447614234416,1,card,low,4.777653897167224,5.6677720743363365,18.303331908316267
2024-01-17 20:24:00,40.71104083869008,-73.84239472863271,40.711864638971996,-73.8460349754636,1,card,low,0.32020475419633315,1.0,4.836491427081004
2024-01-17 20:32:00,40.86419341023156,-73.8084608418938,40.84428223637256,-73.75019555696822,5,card,medium,5.377354122280731,14.318018202975717,21.907426011249747
2024-01-17 20:41:00,40.60554739869695,-73.82391433557046,40.60275749727534,-73.85438571743133,2,cash,medium,2.591089140234296,5.963047727743546,12.216979451097133
2024-01-17 20:50:00,40.831542571973095,-74.091292908073,40.79726105975791,-74.13621790679773,2,mobile_wallet,low,5.368843256329646,6.142037824770503,14.40744881298718
2024-01-17 20:59:00,40.91607212070286,-73.88038646790355,40.889961351324125,-73.8768492900259,3,mobile_wallet,medium,2.918564356040801,4.677950522565334,9.790777113921864
2024-01-17 21:07:00,40.86784339353786,-73.9746597150167,40.84036287734832,-73.9700671495173,1,cash,medium,3.080010068018909,6.3122796853282885,11.490635145366243
2024-01-17 21:16:00,40.77708600456542,-73.95775955450908,40.74442226623191,-73.92861881001627,4,cash,medium,4.383551985893669,12.227810594944842,16.41996996335166
2024-01-17 21:25:00,40.793100461871234,-74.01651320651818,40.84007645670997,-74.07853006619396,1,cash,medium,7.383888792960918,19.24422921819803,26.539359040707964
2024-01-17 21:33:00,40.70011844680856,-73.95386681453587,40.734773729449145,-74.0685887692039,2,card,high,10.408233878523022,84.03903589845842,62.44174935415233
2024-01-17 21:42:00,40.811024974207754,-74.19081637940177,40.76906862713016,-74.14936094266702,1,card,low,5.826266744041681,5.859965676374437,18.587723189677412
2024-01-17 21:51:00,40.841934430281654,-74.0514879111101,40.788186709617236,-74.10022209990431,1,cash,low,7.248327435413279,13.074899101377838,23.89755653421912
2024-01-17 21:59:00,40.91939768358007,-74.16938740138615,40.912320234639196,-74.1968369676393,1,card,low,2.4370648684131937,2.359847271166408,10.806700191930343
2024-01-17 22:08:00,40.747437391780146,-74.11714617920458,40.84442533370318,-74.21539177589251,1,cash,low,13.590569372498226,22.64752609563371,42.373297126383655
2024-01-17 22:17:00,40.60084338236297,-74.19481458667971,40.58,-74.14878351598855,1,card,medium,4.525379470803027,11.913941039940845,22.373982451565823
2024-01-17 22:26:00,40.782591703248535,-74.15162724133677,40.77533660571185,-74.1358620212535,1,card,low,1.5533564495234697,1.0,10.604087048331303
2024-01-17 22:34:00,40.620468210993934,-73.86121607954827,40.62446062961123,-73.84725732506598,1,cash,high,1.2589687847281912,11.320569779800397,9.540521951485397
2024-01-17 22:43:00,40.66322011480908,-73.97958340428939,40.65833121697705,-73.96592792550085,3,card,high,1.2736827524164018,6.454806255295968,10.45746942794534
2024-01-17 22:52:00,40.69178516984395,-74.24794200955877,40.671165725504075,-74.26,1,mobile_wallet,medium,2.508120765656381,7.977924220908602,8.514246271407744
2024-01-17 23:00:00,40.82855015687046,-73.85785251326092,40.880528755619395,-73.90218498273929,1,mobile_wallet,medium,6.878069856545158,17.167148529338068,23.18311818091269
2024-01-17 23:09:00,40.64249476211869,-73.79617111807596,40.662945400151145,-73.81649883804604,1,cash,medium,2.8481295066422723,7.218638852311689,14.466260299895591
2024-01-17 23:18:00,40.6363560019264,-73.81098106935086,40.67441724149493,-73.844674494052,1,cash,medium,5.098060007584132,11.83432387557184,19.783654117150697
2024-01-17 23:26:00,40.5952878424496,-73.84026138973461,40.62180994018458,-73.85247940946869,1,card,medium,3.124277708064203,8.937675025507097,13.563474119838322
2024-01-17 23:35:00,40.87690157836032,-73.75396961417152,40.91712925284159,-73.75,5,card,low,4.485539508689268,5.25383187998189,15.246262082844456
2024-01-17 23:44:00,40.81579184428106,-73.96093500267565,40.887090106764894,-73.91564527844417,1,cash,high,8.795665597024998,82.23969603527665,57.90953669681016
2024-01-17 23:53:00,40.59358179830999,-73.7690803094574,40.65347877681547,-73.83568949067423,1,card,medium,8.715597370975757,21.78173889131752,34.229684970013416
2024-01-18 00:01:00,40.589619383916954,-73.77608944142428,40.69423556209877,-73.77648703383021,3,card,low,11.632836629173516,14.980323413686573,34.7833210409959
2024-01-18 00:10:00,40.76994926080152,-74.10024824744325,40.82472961846484,-74.06822878189168,1,card,medium,6.660978132594766,16.72817428956047,24.90961886152916
2024-01-18 00:19:00,40.67606169643748,-73.81964878441151,40.645936591493744,-73.86123252706024,1,cash,low,4.850161867286709,9.692993282233033,16.946068731666987
2024-01-18 00:27:00,40.78288695914686,-73.85583894056502,40.82101600102812,-73.86451641538457,4,cash,high,4.302209881845409,19.826328163123662,21.636483431626903
2024-01-18 00:36:00,40.727765419731526,-73.86434262352545,40.75973500278583,-73.84334777832852,1,card,medium,3.9705612778205905,8.339903262353616,15.163752125197773
2024-01-18 00:45:00,40.893926271185485,-73.80289680664112,40.92,-73.80239240796453,1,card,high,2.899576219123051,13.38941016454662,18.765681525678083
2024-01-18 00:53:00,40.67785506508687,-74.06406309494065,40.63433293183643,-74.03372419571518,1,cash,high,5.474492861406578,24.847933509278995,26.257504607979747
2024-01-18 01:02:00,40.81090942526922,-74.05597196739744,40.836017223931904,-74.05171055078021,2,card,medium,2.8147924265355058,2.8303941893762037,13.147548252464615
2024-01-18 01:11:00,40.598378465950326,-73.93357332230615,40.58,-73.94760713659103,3,card,high,2.3623199893176476,11.74734700687439,16.07581923527516
2024-01-18 01:20:00,40.904992581624235,-73.88371968571468,40.92,-73.93649162468355,1,card,high,4.738081144851102,29.70787453362158,28.403779070796034
2024-01-18 01:28:00,40.91345753908884,-73.81133407764462,40.90379393918185,-73.800211492606,1,cash,low,1.4241857535443971,3.067906587523648,7.829286834578758
2024-01-18 01:37:00,40.83128537386558,-73.81331888646376,40.85286147005417,-73.8088201114766,1,card,low,2.428816393778993,6.289293366566096,15.002127932985344
2024-01-18 01:46:00,40.738172240331615,-73.89211679156301,40.67470702195795,-73.93679423281426,1,card,medium,7.998997296103021,14.780420564424297,29.68755483949674
2024-01-18 01:54:00,40.65479776937127,-73.77198468331102,40.690492961041286,-73.75,2,card,medium,4.380819263851901,12.132978767551588,20.45675236084474
2024-01-18 02:03:00,40.85625555568431,-74.16889940433742,40.86552823386768,-74.11184284655212,1,card,high,4.907801616368329,53.79703960316971,35.08594927022955
2024-01-18 02:12:00,40.83036039302999,-73.77532667793815,40.837209072709726,-73.80503086599653,3,mobile_wallet,medium,2.6125044465226095,5.047244624429194,9.812962537662786
2024-01-18 02:20:00,40.65546437345072,-74.22726234416285,40.74322464694385,-74.26,2,cash,high,10.141249774429618,52.118785705187186,49.37628848719063
2024-01-18 02:29:00,40.73341320001347,-73.97663284059212,40.71620144709142,-74.01101952565358,1,cash,medium,3.4727171138118487,6.690934068613382,17.391250001240252
2024-01-18 02:38:00,40.73735163885771,-74.21399955192587,40.75275358297245,-74.26,2,card,medium,4.236813516020096,12.619012013206135,19.491539809168735
2024-01-18 02:47:00,40.86097958699072,-73.97031950264895,40.86549176844749,-73.88011782673956,2,card,medium,7.601973815009766,17.763339993208618,31.655301864389628
2024-01-18 02:55:00,40.812507192673586,-74.06104404664758,40.82141895488442,-74.08124388877079,1,card,high,1.9676167559432465,7.311929547572835,12.387195130845928
2024-01-18 03:04:00,40.79867696480362,-74.21837918993378,40.898658140512545,-74.25700962791743,1,card,medium,11.58250713725035,31.17518524107141,43.21923301366497
2024-01-18 03:13:00,40.800941323671516,-73.92946042943767,40.80381264283014,-73.9801653065522,2,cash,medium,4.279805627563543,9.461595143456554,17.117178483777437
2024-01-18 03:21:00,40.67195982699004,-73.88708902019235,40.64643223601307,-73.90454755618008,1,card,medium,3.197819856998308,4.428618132904715,13.458824814372019
2024-01-18 03:30:00,40.70638182834204,-74.17116543905381,40.79057245413716,-74.20244986055366,2,cash,medium,9.725441651912316,24.72021623655112,34.436469794164424
2024-01-18 03:39:00,40.59552517704848,-73.90583727315253,40.58167918260373,-73.8411239797483,1,card,low,5.677236268780402,7.73939724965092,20.289003363743138
2024-01-18 03:47:00,40.84755998617612,-74.16868574993467,40.77532696955171,-74.22487895165754,2,card,high,9.320803759244237,38.455012757282994,43.56318852899125
2024-01-18 03:56:00,40.72721939315774,-74.18992781084921,40.69388142636844,-74.25916185125719,2,card,low,6.913437470376333,13.07404027252354,25.10757580228462
2024-01-18 04:05:00,40.729001041409774,-74.18484473407239,40.672904604177845,-74.16001445036945,1,card,low,6.579479088865733,10.067363672712577,20.276532039645282
2024-01-18 04:14:00,40.66342113007743,-73.9544699808333,40.58242268409328,-73.95929427316722,1,card,high,9.015814814205285,71.95390370583917,54.693579711077746
2024-01-18 04:22:00,40.651205275696206,-73.86281668785543,40.63486960049964,-73.872849205488,1,card,medium,2.003991683246476,4.045482825228086,12.028339148063116
2024-01-18 04:31:00,40.77985945605347,-73.95558421224835,40.77669973761617,-73.93040058116465,2,mobile_wallet,medium,2.149410681902933,6.082707884206869,8.722602368659462
2024-01-18 04:40:00,40.65906802516925,-73.84723075896069,40.71219178135005,-73.84107873528244,1,card,medium,5.929824656385191,13.400901035487319,24.671413241671292
2024-01-18 04:48:00,40.601831009532255,-73.95834655605411,40.630154082075045,-73.96045334746282,3,card,low,3.15439844163728,4.0097405279767955,12.31626830374076
2024-01-18 04:57:00,40.84095252143351,-73.85336616385227,40.867225065299294,-73.91662023843884,1,card,low,6.069341562360554,8.371689609916055,21.51627558974346
2024-01-18 05:06:00,40.70799960769816,-73.76197352442202,40.667805157464265,-73.83703780615726,2,card,high,7.748126077798829,44.47577772385307,41.74514052795408
2024-01-18 05:14:00,40.70928009852576,-74.06061049793621,40.74910209531414,-74.09212977509428,1,cash,low,5.163447879564246,8.991852542472138,18.549688858787
2024-01-18 05:23:00,40.72664821571537,-74.18352948976728,40.78925369335332,-74.23232591210774,2,card,low,8.084137133967332,14.499714465276401,25.515577554838213
2024-01-18 05:32:00,40.85711523995875,-74.19094762603048,40.87487093007833,-74.17883336509693,1,cash,high,2.2216573030605313,13.308634484444495,11.565492033921863
2024-01-18 05:41:00,40.68908454461954,-73.95528642570514,40.708097833752944,-74.03622859668708,1,cash,high,7.1436419615583535,46.14067970088366,40.942338116673916
2024-01-18 05:49:00,40.837732311827665,-73.98097743641378,40.78082115834117,-74.00109964059587,5,card,medium,6.550920320172277,23.322173586772514,27.940631796260757
2024-01-18 05:58:00,40.899445245865046,-74.16603995694356,40.92,-74.1738283255685,1,card,low,2.37744767983469,3.380800537944694,9.693155782813653
2024-01-18 06:07:00,40.80469518661443,-73.81012646903949,40.8848325613087,-73.8119109566184,1,card,low,8.912133700520954,13.013367440941444,28.82751190271233
2024-01-18 06:15:00,40.72677156760019,-73.77205833208836,40.741304425557296,-73.75410494026643,1,card,high,2.213522587242314,16.844002739890595,17.193399384922646
2024-01-18 06:24:00,40.834248505869866,-74.13086002201732,40.80750242834333,-74.14555433072441,1,card,medium,3.2208306793477144,9.612294856252857,16.029707650669174
2024-01-18 06:33:00,40.73568510571547,-74.15448970524047,40.72839533719601,-74.18452684541869,2,card,high,2.657568821157458,13.344532011580126,18.99341694778482
2024-01-18 06:41:00,40.720905272176765,-74.15089985532316,40.7019863400012,-74.09489824855292,1,cash,medium,5.167731136627142,12.255227839562885,19.279263596558014
2024-01-18 06:50:00,40.758596275614714,-74.06241501985741,40.7423760412225,-74.07681649084198,2,card,high,2.1736360099455316,19.33323719587404,19.946622133165082
2024-01-18 06:59:00,40.68802559383516,-73.82485414059754,40.71718483170139,-73.7609932740576,1,cash,high,6.284334484923708,23.987019366753845,27.267621992577812
2024-01-18 07:08:00,40.6154450735352,-73.95606008893003,40.62802095856036,-73.97069081515502,4,cash,medium,1.8655435199757324,3.381460783174587,6.343880028574646
2024-01-18 07:16:00,40.721049681878895,-74.22554774981634,40.766226829147605,-74.22627988466348,1,card,medium,5.023848215051123,10.628705257339849,20.637041505091332
2024-01-18 07:25:00,40.62211133958396,-74.01878066656225,40.63880195409898,-74.02502429719983,5,card,low,1.9292544464274124,2.5533354953488487,10.127368274806654
2024-01-18 07:34:00,40.71955010100885,-74.21393084165568,40.68066614217983,-74.20352600426723,1,card,medium,4.4117724109418575,9.60821270906875,15.872315054338795
2024-01-18 07:42:00,40.76935746521257,-74.0528308018557,40.74682632413935,-74.07172397062602,5,card,low,2.968006478982921,3.70380916812305,14.756605197930973
2024-01-18 07:51:00,40.896441801609924,-74.05420472742532,40.87111395333447,-74.04987865360675,1,card,low,2.8397130166116415,4.510828175284518,11.436256250429327
2024-01-18 08:00:00,40.5923155925554,-73.92934014048808,40.58392443910757,-73.86045350929128,1,card,medium,5.89129005533189,15.82412412884783,24.28595328659163
2024-01-18 08:08:00,40.79129585821066,-73.97977847684882,40.87205797432431,-73.93258014631121,2,cash,medium,9.819119411106332,32.51014162154327,39.79463848608286
2024-01-18 08:17:00,40.73562996346103,-73.81387506100707,40.82360044508517,-73.76636683554419,1,card,medium,10.568182435780741,28.403918310837618,41.038394654105744
2024-01-18 08:26:00,40.58688878358941,-74.25169965684061,40.62453583760951,-74.26,1,cash,high,4.244401916454014,33.806021774220056,26.815411083450883
2024-01-18 08:35:00,40.66484637981917,-73.86526060073173,40.67019075067668,-73.91836599810829,1,card,low,4.518255123620566,6.9478236806078355,16.15983905413947
2024-01-18 08:43:00,40.62028498580063,-74.24844424611253,40.58,-74.23864545458846,3,card,medium,4.555237703854528,12.841288608013398,20.255097454396157
2024-01-18 08:52:00,40.65371000954869,-74.10481218747705,40.66361038330654,-74.07012898083154,2,card,medium,3.1258983658539465,7.101277938405369,15.10593232185939
2024-01-18 09:01:00,40.67335388277671,-73.81137179952842,40.63780355443704,-73.83473289938829,1,card,medium,4.4169983990575785,13.79149428326701,19.099599926435218
2024-01-18 09:09:00,40.71644415402994,-73.90788877244466,40.78981763937541,-73.93928009131369,2,card,medium,8.576545560017186,20.56245580969723,31.312334307747147
2024-01-18 09:18:00,40.75987339378622,-74.17228169403327,40.68759863774565,-74.109558758913,1,card,medium,9.61900997178352,28.91869333142606,39.561257178498956
2024-01-18 09:27:00,40.580336597934966,-74.00969988250291,40.59763839293482,-73.978835432499,1,card,high,3.239397371789903,23.3553118471521,24.080014513592594
2024-01-18 09:35:00,40.63503558261377,-73.89182886770124,40.5956948106195,-73.84421946706841,1,card,high,5.940147038159566,25.967299235937674,32.25908397843017
2024-01-18 09:44:00,40.61181257110699,-73.78195490611684,40.61138438776023,-73.80182015874634,1,card,high,1.677550769208593,11.509041352348147,10.43231840218494
2024-01-18 09:53:00,40.76688895574933,-73.93649618839872,40.79686202431333,-73.95989711482794,1,card,high,3.871684764096152,22.901410566208376,24.8985336459837
2024-01-18 10:02:00,40.69188545593643,-74.24741554016921,40.73787404693162,-74.20471546295937,1,card,medium,6.253124613167683,15.42769558662015,24.332064556319555
2024-01-18 10:10:00,40.76645523025181,-74.0051520515549,40.76372417120989,-74.01697471526641,1,card,medium,1.040965195505998,1.5720042366128144,13.14180576120759
2024-01-18 10:19:00,40.65541992273939,-74.18198956402289,40.68967466749756,-74.20947813034553,1,card,medium,4.458974967189287,10.855202618439007,17.62656702641475
2024-01-18 10:28:00,40.58823798038978,-74.23563242925779,40.58,-74.26,3,card,medium,2.25244820198683,6.054382455543597,11.724758158247653
2024-01-18 10:36:00,40.90006474643189,-73.9547595763124,40.91111397374668,-73.97776785759618,1,card,low,2.290932135837018,5.557023042351933,12.51857905762919
2024-01-18 10:45:00,40.616824761204256,-73.86376982971969,40.66192409485396,-73.82439106990405,1,mobile_wallet,medium,6.015693244169814,17.579425779594416,20.310126369489883
2024-01-18 10:54:00,40.62313197430698,-74.24160911669684,40.63807645082328,-74.26,2,cash,high,2.2737742241731285,13.76726785683187,15.068114759076947
2024-01-18 11:02:00,40.62982592101345,-73.86036947180759,40.60600545467665,-73.83206211073211,1,card,medium,3.567112800740703,8.336947464975434,17.26309013797535
2024-01-18 11:11:00,40.913634018157715,-73.89974218129613,40.90107711161736,-73.9316120254397,3,card,low,3.0203773828391696,5.463662513583896,14.59038078121465
2024-01-18 11:20:00,40.790004481657796,-73.87648668703413,40.835709004472456,-73.88595020479954,1,cash,medium,5.144137456822652,11.960622348555761,18.379465698769064
2024-01-18 11:29:00,40.78749858357931,-74.135188529915,40.73836557581754,-74.14176958104278,1,card,medium,5.491384531641183,14.719866600162257,25.341602873818374
2024-01-18 11:37:00,40.9154773885163,-74.05926631769836,40.872983207485966,-74.06919983692204,1,card,high,4.7983407916657805,31.226629174793334,27.001671782775233
2024-01-18 11:46:00,40.61006918155338,-74.19892707812433,40.63714067574491,-74.21184782147053,1,cash,low,3.2016431121661117,6.836752834433206,11.410469838602122
2024-01-18 11:55:00,40.91133030346438,-74.13816561538043,40.891568841710004,-74.15816163240328,1,card,medium,2.766363791644318,10.07926777748,19.899257577925106
2024-01-18 12:03:00,40.64936446982837,-74.10557726754651,40.583976850992634,-74.13129140037387,2,card,medium,7.587811056364527,18.116230842613074,30.055408030143184
2024-01-18 12:12:00,40.791844311211094,-74.09708731383624,40.85263115122798,-74.03769750422279,1,card,medium,8.40598929848098,22.537033183252873,32.23525116628183
2024-01-18 12:21:00,40.72282841220295,-74.17072965707062,40.67334639924835,-74.16960243784747,1,card,low,5.502969358539413,8.910411684657264,20.14497554089024
2024-01-18 12:29:00,40.71054361658224,-74.16375698298373,40.70156926598286,-74.16942465617885,1,card,high,1.106367710512347,14.922179414470634,14.221143582952193
2024-01-18 12:38:00,40.89662273168302,-73.800250096106,40.8687443027171,-73.82925946861184,2,card,high,3.944277907051603,16.423502967256123,21.560322680870353
2024-01-18 12:47:00,40.630737427669686,-73.86021425644404,40.61734167082037,-73.87857172839492,3,cash,medium,2.1492078480350423,5.469904845257798,13.06304445147697
2024-01-18 12:56:00,40.919003463765925,-74.08431637121937,40.87919558817161,-74.11316907559564,1,card,low,5.047180323287324,8.423285886467102,17.345363453435795
2024-01-18 13:04:00,40.708902520771126,-73.7767017948647,40.74104508646733,-73.75,3,card,medium,4.22341461148411,12.0774142716275,17.99698442347821
2024-01-18 13:13:00,40.800583467322106,-74.13814941647591,40.80557052591592,-74.17206137536711,2,card,medium,2.907740731278182,10.14149325660284,15.57894934065341
2024-01-18 13:22:00,40.909088288704346,-74.05252156874047,40.92,-74.15360263296465,1,mobile_wallet,medium,8.579922914367339,27.527130525764147,29.678770015041554
2024-01-18 13:30:00,40.59958435712885,-73.84510209116837,40.58,-73.84247822948245,1,card,medium,2.1889229213177526,4.163672506760215,12.499353243268327
2024-01-18 13:39:00,40.893773883394566,-74.03412795119615,40.92,-74.04670053843681,1,card,medium,3.101716715858803,2.2704250665845525,11.152756189662675
2024-01-18 13:48:00,40.773055871020475,-74.14034108531685,40.6873466756728,-74.16670155507317,1,card,high,9.785845366680915,50.56805215740559,50.24003002798598
2024-01-18 13:56:00,40.81949493885234,-74.07204691151304,40.748163867995835,-74.0310268861154,2,card,high,8.650947444799797,38.29908154964116,43.16200215423406
2024-01-18 14:05:00,40.630722622521354,-74.00463225308891,40.709611440668596,-74.12764063522609,2,card,medium,13.585851655119013,32.24651618001095,47.946824675131346
2024-01-18 14:14:00,40.76135172648255,-73.94347136433323,40.78268360151764,-73.87254038140959,1,card,low,6.4268053161845575,10.53635578229097,21.58732868899961
2024-01-18 14:23:00,40.80899466300659,-74.05314068521342,40.82435703674411,-74.00568018599328,1,mobile_wallet,medium,4.3439082185876225,8.837757575807919,12.868662291200357
2024-01-18 14:31:00,40.73512408451181,-74.04003479112882,40.75453147334112,-74.06829718797259,3,cash,low,3.2133831745426322,3.4511121462759915,10.791643129245728
2024-01-18 14:40:00,40.63269496055606,-74.12538875747127,40.658399287712825,-74.145674049697,1,card,medium,3.331419233773754,7.955970334837177,14.982601543481877
2024-01-18 14:49:00,40.663000485529096,-73.98697287780712,40.67649003294862,-73.9642754649913,1,cash,medium,2.4319460780912516,6.175126625385158,13.686678580315293
2024-01-18 14:57:00,40.87049354893779,-74.14807732077753,40.82702784681466,-74.12417260123469,4,card,high,5.234721737409007,31.38310826028658,31.405515420627864
2024-01-18 15:06:00,40.59172013756314,-73.81756162876488,40.62853872829141,-73.8460863123556,1,card,medium,4.749643149280948,10.397539035187,18.523942350417123
2024-01-18 15:15:00,40.821013106669874,-73.87884279416419,40.85074362618909,-73.95159774808808,1,card,low,6.956480371451627,10.563396671378415,24.665453001980676
2024-01-18 15:23:00,40.91979261241494,-74.05075771590877,40.92,-73.95564154345469,2,card,medium,7.991863412651737,20.303033516004582,33.250377040809745
2024-01-18 15:32:00,40.5825442186763,-73.87891379801324,40.66193506713685,-73.83588821576615,1,card,medium,9.545551921682302,21.194654308664777,37.26172770561232
2024-01-18 15:41:00,40.63475553215878,-74.25643206967723,40.649626955742725,-74.24937368340399,1,cash,low,1.7575986881148251,4.048613561023641,9.300869794117453
2024-01-18 15:50:00,40.809209062303665,-74.08431049645237,40.75396935651022,-74.07640061023658,3,card,medium,6.1783748337794515,16.043540272744004,25.17044828501331
2024-01-18 15:58:00,40.60039688375902,-74.03544641444515,40.68016041566312,-74.00748714816281,1,card,low,9.17768060754058,16.543497341438993,28.93382402076059
2024-01-18 16:07:00,40.78052859451099,-74.0204027611517,40.73471184743586,-73.98705491327968,1,card,low,5.8175834553988475,8.573626991644309,19.80287343177095
2024-01-18 16:16:00,40.81256003521076,-73.87814694636774,40.82776842392602,-73.9720334468547,1,card,medium,8.079365641579022,22.457998233540003,30.209539144717553
2024-01-18 16:24:00,40.77996975835878,-73.76896821194353,40.768416731669845,-73.78475745101497,2,mobile_wallet,high,1.8487900964262414,7.573380890234994,10.448713076282022
2024-01-18 16:33:00,40.70416279902716,-74.06620146347417,40.684784658268846,-74.08666881150337,1,card,high,2.760523619236205,14.618309495008846,18.75405706228499
2024-01-18 16:42:00,40.81707598063546,-74.08119407674079,40.85146948610438,-74.08845863637337,1,card,low,3.8729107983217963,7.016532107873789,15.242484177905986
2024-01-18 16:50:00,40.7820601055247,-73.94863723444399,40.79306078749176,-73.91395150700261,1,cash,medium,3.1660291717139493,6.265486746103229,11.838540745876362
2024-01-18 16:59:00,40.650596638511935,-74.1165606567623,40.673692505619,-74.19711426564788,1,cash,high,7.263725441014746,44.53436012017741,36.995827821348705
2024-01-18 17:08:00,40.77146608481894,-74.18791132975426,40.73476020176159,-74.24862273710461,2,card,high,6.543010762716765,40.390615428805425,37.945419473519095
2024-01-18 17:17:00,40.879848453827236,-73.76961415604897,40.872015080385374,-73.80029268269308,3,card,high,2.722478293369523,30.144848878278303,25.12250463737357
2024-01-18 17:25:00,40.806723317134754,-73.84713972202739,40.77209424304192,-73.8401941913364,1,cash,medium,3.8947209056675844,10.303552530738582,17.26691245301477
2024-01-18 17:34:00,40.74040911251391,-73.7711652279577,40.731450891054926,-73.75,2,card,high,2.0426263476105637,12.021808429300885,13.159040063319418
2024-01-18 17:43:00,40.68933859497561,-74.14890523187121,40.683994294856575,-74.07549567799096,9,card,medium,6.218175782702368,15.901533897771445,27.14380865169577
2024-01-18 17:51:00,40.60920131120877,-74.25091730036547,40.692194999002986,-74.26,2,cash,low,9.260233160723446,11.702141784057766,27.71842071191446
2024-01-18 18:00:00,40.66317322513807,-74.03699659637357,40.65150074198697,-73.99962495544044,1,cash,low,3.409204979850597,5.2774002618466085,13.276551507005381
2024-01-18 18:09:00,40.58380349604953,-73.7838594288743,40.58,-73.75190211735233,1,cash,high,2.7317317592440213,19.71977510650881,15.614649433864308
2024-01-18 18:17:00,40.91545281195849,-74.18945407717541,40.92,-74.16507896537726,1,mobile_wallet,high,2.1095972762329063,19.91891144103973,14.693201347151227
2024-01-18 18:26:00,40.65564396572377,-74.20023538335435,40.67586063755494,-74.20132802564707,1,card,medium,2.2498795829857285,7.061966889290268,13.545888127558962
2024-01-18 18:35:00,40.85705782051303,-74.22483408003463,40.85116235095813,-74.24281301726445,1,cash,medium,1.6481088086487217,5.193264618106313,9.26617636743501
2024-01-18 18:44:00,40.63733925981369,-73.8698408205447,40.617664568304946,-73.91778379042181,1,cash,medium,4.59961190894771,5.834353167568136,16.041447988779684
2024-01-18 18:52:00,40.6764243908659,-73.8591774677449,40.63381273634334,-73.91009914672038,1,card,medium,6.395538883100797,15.255488348451193,24.685587624972886
2024-01-18 19:01:00,40.72221428853764,-73.90535821161164,40.809426452906536,-73.88973952955423,1,mobile_wallet,medium,9.786350758755644,21.32618795297253,29.746438472320225
2024-01-18 19:10:00,40.690297925808146,-74.23282115898762,40.692630945797845,-74.2352701719503,1,cash,medium,0.33156099710866943,1.0,2.5
2024-01-18 19:18:00,40.851439276338354,-73.89112294873425,40.77324047488169,-73.90982078073706,1,cash,medium,8.836547122518754,21.88755410074261,32.55465530055984
2024-01-18 19:27:00,40.90561575872525,-74.03119930768455,40.92,-74.0012829195012,1,card,medium,2.9795867991612095,5.6406192580513475,17.315069665727005
2024-01-18 19:36:00,40.87760012444129,-74.17947384481234,40.92,-74.18849585733133,1,card,high,4.775241812521394,17.66130327238785,25.459877113200264
2024-01-18 19:44:00,40.63221647476224,-74.10948573465285,40.63925603483815,-74.15057879657319,1,mobile_wallet,high,3.554766855802518,16.783674066884146,15.916700487182743
2024-01-18 19:53:00,40.84407414995876,-74.00441511163419,40.80350244370997,-74.01640752474054,6,mobile_wallet,low,4.622845235241947,6.940744720574825,11.87760346258306
2024-01-18 20:02:00,40.6303019505236,-74.09187774914247,40.58570360765249,-74.05494940601811,1,card,low,5.857544262539377,7.62918715766919,23.030853577290305
2024-01-18 20:11:00,40.890549576231116,-73.76542789436179,40.84927022448375,-73.81148599070971,1,card,low,6.00560105156002,10.950321557018187,22.598751497081114
2024-01-18 20:19:00,40.75607871572732,-74.01788171172933,40.82455332559443,-74.00846425494014,2,cash,low,7.655194671551756,14.010804292412114,28.59322912730317
2024-01-18 20:28:00,40.694369569939276,-74.07020323977142,40.69114468745362,-74.07269739826914,1,card,medium,0.41569914517701967,2.698793875540412,4.405205679615276
2024-01-18 20:37:00,40.63338866909363,-73.9166856312263,40.58,-73.95092207633793,1,card,medium,6.602714607135864,16.35318343179188,26.786230050027005
2024-01-18 20:45:00,40.58401508998086,-73.92822202100349,40.60130111664386,-73.94142286942026,1,mobile_wallet,low,2.2219234476640835,6.284689815703757,6.410244649604018
2024-01-18 20:54:00,40.6643019771647,-74.25875596699332,40.67064863251551,-74.26,1,card,high,0.7134731602488774,5.256737029822005,11.340506048902435
2024-01-18 21:03:00,40.89076682151565,-73.94457841386662,40.8705665255059,-73.93964460512954,1,cash,high,2.2841486675690112,15.004648563593932,14.854282818220653
2024-01-18 21:11:00,40.851069145372556,-74.13567782286779,40.805150841348556,-74.19709080712067,1,card,low,7.264286270522114,15.535085575357112,25.29564433791357
2024-01-18 21:20:00,40.909729860635245,-74.06863084279016,40.86185459014546,-74.02037116801513,1,card,medium,6.69316067128009,13.47928981019326,24.742466744061453
2024-01-18 21:29:00,40.61425891718127,-73.89976206572523,40.66315743887725,-73.90390082476176,1,card,medium,5.448470754833119,16.543112832112822,23.056489483396348
2024-01-18 21:38:00,40.78134077279193,-73.97573302728455,40.79247885130316,-74.00146464183017,1,card,medium,2.495394462437971,4.6882725322570575,17.28977307014462
2024-01-18 21:46:00,40.66743116117046,-74.07198587648091,40.68897012608024,-74.01976070671837,1,cash,medium,5.013169390785708,10.408806129922318,18.830643167726898
2024-01-18 21:55:00,40.76460017996262,-74.17462072056307,40.77561432639373,-74.22105391855318,1,card,low,4.097537714196656,6.231280525487484,15.664549857011977
2024-01-18 22:04:00,40.68895466109157,-74.00220408450365,40.70370065281261,-74.03584981526623,1,mobile_wallet,medium,3.2763339902340824,8.6779925754408,11.833175437692065
2024-01-18 22:12:00,40.67637828708274,-74.09712332801134,40.65530052722847,-74.17943942780276,1,card,high,7.327785391610778,35.60176202222446,35.403684269655415
2024-01-18 22:21:00,40.77510740268836,-73.79440681771189,40.76584508173673,-73.75,1,mobile_wallet,medium,3.878796833839351,8.776363718414038,13.43248467044565
2024-01-18 22:30:00,40.642328175035644,-73.98748321345259,40.69474920627977,-73.9032042571059,1,card,medium,9.192506225373522,22.951184511793574,35.47846894509004
2024-01-18 22:38:00,40.73950536857052,-73.81835836297309,40.80316192612238,-73.89367009199172,2,card,high,9.503863878979821,40.05272489615262,44.35816838456426
2024-01-18 22:47:00,40.801276170114974,-74.0610076754734,40.74628203066579,-74.09771743530115,1,card,high,6.851989530132403,43.191986824518274,39.00114120443359
2024-01-18 22:56:00,40.62358190488215,-73.83800704646814,40.6142102573923,-73.83486543530027,6,card,high,1.0752864695762359,3.009674334944177,9.109929423465701
2024-01-18 23:05:00,40.896402052098146,-74.23116617989224,40.92,-74.25437241605763,1,card,low,3.2693132673234366,4.930661524647341,9.571713302309409
2024-01-18 23:13:00,40.7519463978144,-74.10795929696032,40.83663998576411,-74.10936847223675,2,mobile_wallet,low,9.418244397632474,14.351525324124802,28.109722448535543
2024-01-18 23:22:00,40.858639510440675,-74.22013027414721,40.92,-74.22542218152417,1,cash,high,6.837461024601188,34.56274859663054,35.94690228439199
2024-01-18 23:31:00,40.80232784641116,-74.24385840783542,40.76651874473857,-74.22551857412739,1,card,high,4.270702308990732,29.967128014950582,24.9382579633676
2024-01-18 23:39:00,40.82140032001567,-73.79138025488521,40.87877739533493,-73.83462370211313,2,card,medium,7.343998710741735,20.98461966852891,28.86680230900244
2024-01-18 23:48:00,40.823484519937566,-73.89439694035616,40.82612315353238,-73.88572725609517,4,card,high,0.7862822638955123,6.505611195337951,11.022297178389424
2024-01-18 23:57:00,40.8775339650009,-73.94119386712109,40.92,-73.991419601152,2,cash,medium,6.333846324157587,18.239485744991434,25.838708815019842
2024-01-19 00:05:00,40.78862584791595,-73.98842866719997,40.82409838855291,-74.0069622734214,1,cash,low,4.241616474125898,4.716857933423336,17.20097487531945
2024-01-19 00:14:00,40.67459383158527,-73.96952744152941,40.61771544966985,-74.04768125126736,1,card,high,9.136620787433374,44.28866330261608,46.379040074945074
2024-01-19 00:23:00,40.613833278574255,-73.93426790549292,40.63858210662248,-73.95247257410824,1,card,high,3.1517635731502565,14.937482480192608,18.81301167623166
2024-01-19 00:32:00,40.78612521061305,-73.83844430468255,40.83138155721567,-73.86421749591341,1,card,medium,5.4798722511469045,17.712126380917802,22.5725687806123
2024-01-19 00:40:00,40.602559953282,-73.95558683654428,40.601652966805744,-73.91312576549105,1,card,medium,3.5861712195597146,6.843081637185664,14.677597593253576
2024-01-19 00:49:00,40.66203977357444,-73.87822381081345,40.65095553434564,-73.88089051406783,1,card,medium,1.2528715160150443,1.0,9.743000989524107
2024-01-19 00:58:00,40.60064044276465,-74.11670119356684,40.58,-74.11118854807717,1,card,medium,2.3418405082053217,4.547660289628876,13.98091027907078
2024-01-19 01:06:00,40.766621780262234,-73.7618515137136,40.79738456850703,-73.76286185499596,3,cash,medium,3.4217235783145243,8.134941391302618,14.401790713051485
2024-01-19 01:15:00,40.63451496248057,-74.24373242369713,40.6439086390322,-74.26,1,card,medium,1.7248545085430893,3.3298059228221737,9.760597495854936
2024-01-19 01:24:00,40.78753848860738,-74.06284593640858,40.74604021244543,-74.1527085181163,1,mobile_wallet,medium,8.863713509543622,23.467753622648495,31.523824864805025
2024-01-19 01:32:00,40.848894144493514,-73.81015472873311,40.83423134463408,-73.82449522223524,1,cash,low,2.0281904284285455,2.0149923977152278,7.733726523809119
2024-01-19 01:41:00,40.859439445062435,-74.16793328903005,40.866392091273184,-74.15539808956223,1,card,low,1.3072441995299877,1.0,10.21418819562342
2024-01-19 01:50:00,40.685244792766795,-74.18791757260384,40.660106182259426,-74.19848650627624,1,card,low,2.933956278422604,5.878740541490917,13.550528701055626
2024-01-19 01:59:00,40.76664454111613,-74.07363030888105,40.766765011854076,-74.11251296275306,2,card,medium,3.274577400961454,11.883102428166456,15.223605062420626
2024-01-19 02:07:00,40.77142365842936,-74.04162070273642,40.69267668930521,-74.05243479310788,1,cash,medium,8.803546353161803,22.830559350676392,32.80592905072806
2024-01-19 02:16:00,40.740781641932415,-73.78396902906252,40.801505618290754,-73.79868787809451,1,card,medium,6.865019792385771,14.819855138536767,26.85311640649476
2024-01-19 02:25:00,40.802738723084424,-73.8335790372985,40.80345464090791,-73.7985238910988,1,mobile_wallet,medium,2.951668220132082,6.77092218606382,11.421519060861195
2024-01-19 02:33:00,40.651429622100004,-74.02331428477784,40.60195871430794,-73.99077838559388,1,cash,low,6.148134080677283,7.515113617988896,17.419077300893466
2024-01-19 02:42:00,40.912942701459514,-73.76378269855039,40.802255803282065,-73.78868635229435,1,card,high,12.484753208708083,55.97070306663565,60.07357785782348
2024-01-19 02:51:00,40.613347141210916,-73.93243801387888,40.65965821355742,-73.9346846053021,1,card,medium,5.153044405586301,10.872513354941393,22.213674111538438
2024-01-19 02:59:00,40.86193518800906,-73.81443404668924,40.887049307881625,-73.80200507881058,1,card,medium,2.981690048589011,8.33484524279444,16.315269296143775
2024-01-19 03:08:00,40.781992635563405,-74.13451093995172,40.79147349266951,-74.1154019421569,1,card,low,1.9234426794054051,2.0784995443150627,8.140841190461291
2024-01-19 03:17:00,40.663250614045864,-74.01062832210701,40.702114774102775,-73.93626140802144,1,card,medium,7.615668967507322,15.52760601420386,28.406474014196665
2024-01-19 03:26:00,40.8335295002245,-74.24484422118823,40.872269928057854,-74.2461108645986,1,cash,medium,4.309056153327324,12.52592992515669,16.1999698323445
2024-01-19 03:34:00,40.608723504530204,-74.25547110143411,40.617473217682615,-74.20287758524482,1,card,high,4.544808630965447,38.97854146621341,28.00443934180009
2024-01-19 03:43:00,40.843302063712585,-73.90021885732088,40.83186242393598,-73.95242259581484,1,card,low,4.572216987633251,8.1159397399517,16.589181296136925
2024-01-19 03:52:00,40.78059497556262,-74.19967025254255,40.76182360362493,-74.22836557464733,1,cash,medium,3.193111720737596,8.858300630818677,15.952762476239045
2024-01-19 04:00:00,40.61765510825477,-73.98061779907349,40.636597499330506,-74.076729897839,2,cash,high,8.380192220833466,84.6557104324645,56.10699185304966
2024-01-19 04:09:00,40.607031891451406,-73.9050361840729,40.66989830332098,-73.89822738977246,1,card,high,7.013994934737717,49.862285508432294,41.23476597851621
2024-01-19 04:18:00,40.8352843533684,-74.24356036102289,40.830653710659185,-74.21442178305423,1,card,high,2.5049831476054227,15.49520992508481,19.49790864826737
2024-01-19 04:26:00,40.6795982082113,-74.0311418864357,40.746039691477556,-74.14613421637429,1,cash,low,12.186796608648347,19.557344387217523,38.23024989866036
2024-01-19 04:35:00,40.882362629260854,-73.91108251213723,40.89915449056621,-73.90260962559564,1,card,medium,1.9983947162724356,4.4388624826933265,9.876336840645486
2024-01-19 04:44:00,40.83910482715026,-73.80623719619403,40.85623592073351,-73.7790477305686,1,card,low,2.976404906824105,5.754667410341476,17.262411362881835
2024-01-19 04:53:00,40.817384683204025,-74.10739264869316,40.92,-74.08276695685794,1,cash,medium,11.596671361907566,33.033584950965675,43.6782204042128
2024-01-19 05:01:00,40.67472605789537,-73.76314956986099,40.7490965776252,-73.81696332026254,1,cash,medium,9.431833401433924,16.6909146370461,33.47370730351696
2024-01-19 05:10:00,40.82104113646735,-73.82928383517356,40.89657855246482,-73.7944934363844,1,card,medium,8.894388268311086,25.728139150104496,34.674610135940945
2024-01-19 05:19:00,40.90237021273504,-73.92817611323825,40.86647759810853,-73.9277574108559,1,card,high,3.991231864858834,40.72715787602676,26.992022445565464
2024-01-19 05:27:00,40.61113034368599,-74.06011799130448,40.70977855628303,-74.03352129845324,1,cash,high,11.196248976257323,83.4023812621365,63.71641768102293
2024-01-19 05:36:00,40.69089529828121,-73.89733370813826,40.687195542545815,-73.90299731322638,2,card,low,0.630297207619009,1.0,4.63463555436428
2024-01-19 05:45:00,40.65978857025694,-73.84374143277412,40.64955146716804,-73.82659475125662,1,mobile_wallet,high,1.8406536917607188,16.807887092447864,13.694721575006078
2024-01-19 05:53:00,40.71370504569622,-74.10531706380786,40.61653886709263,-74.05540145280602,1,card,high,11.59568371072965,54.48077068297842,54.42206398996304
2024-01-19 06:02:00,40.83239310265034,-73.75365666689741,40.84707618975526,-73.76283765933202,1,cash,medium,1.806146683907166,5.306523719292651,10.156078386376352
2024-01-19 06:11:00,40.74124247768463,-73.79660412142513,40.69249154957001,-73.78381940502479,1,mobile_wallet,low,5.526903064894119,6.029769470951223,15.161449137625604
2024-01-19 06:20:00,40.77404840608089,-74.01239426542512,40.7924198283655,-73.95615467413856,1,card,low,5.156967049428233,7.33824712897255,21.774632174797198
2024-01-19 06:28:00,40.68681266194663,-73.89135674295456,40.634542230950935,-73.897352100371,1,cash,medium,5.8341658155702545,17.885582166371133,22.819050872535637
2024-01-19 06:37:00,40.62803835080961,-73.99275546374443,40.70893484351038,-74.04339829118824,0,card,low,9.957839802349644,13.866093146903584,29.26404660380912
2024-01-19 06:46:00,40.67075744063883,-73.87192541837952,40.69557826896828,-73.8415034777925,1,cash,low,3.7679933053271433,7.8249249471847016,11.795303761916113
2024-01-19 06:54:00,40.872291302422276,-73.83823907602223,40.92,-73.77366958354482,1,mobile_wallet,low,7.589273443572639,12.418120867166637,20.241538933400435
2024-01-19 07:03:00,40.78482176713216,-74.24815649686991,40.738785685714994,-74.19016123879312,1,mobile_wallet,medium,7.075471163785964,15.970772900320426,21.016524104950335
2024-01-19 07:12:00,40.70851614888706,-74.21964266485267,40.778229214898914,-74.18746821536787,1,card,medium,8.211979198635744,21.857574213877,32.32081919547991
2024-01-19 07:20:00,40.8485680337901,-74.08840161790287,40.76744597502363,-74.19388870918701,1,cash,low,12.65659145358349,18.720963571196705,37.094964340520015
2024-01-19 07:29:00,40.60191552703467,-73.7920170473575,40.611278923476014,-73.82062952007234,2,cash,high,2.6302702359020396,17.309412318426695,16.283114105099514
2024-01-19 07:38:00,40.66632296989361,-74.05688047259687,40.63789992949623,-74.08318749454152,4,card,low,3.861866275820197,6.328674819439467,13.105585186143719
2024-01-19 07:47:00,40.6582350723795,-73.80736877024702,40.63807702829323,-73.80534969261475,5,cash,medium,2.247935538347624,6.421814042799918,9.68982730776037
2024-01-19 07:55:00,40.9150239511372,-74.0241587045578,40.8917816123313,-73.94818678700797,1,card,medium,6.888111351357539,15.962596788727788,26.9348378351033
2024-01-19 08:04:00,40.82007351801354,-74.1126850106411,40.77891128967273,-74.16130938415118,1,mobile_wallet,medium,6.140143788453815,16.808649454494756,19.8901443415286
2024-01-19 08:13:00,40.79004721837211,-73.80067095663813,40.733361244572826,-73.75,3,cash,medium,7.612027435581892,19.26485432585736,28.537161266501116
2024-01-19 08:21:00,40.58169488820012,-73.97405790785147,40.58,-73.99126266619882,1,card,medium,1.4651359525547898,3.9693657113964553,9.954733548002991
2024-01-19 08:30:00,40.64266540071055,-74.07615300953468,40.647886678588456,-74.11066356864099,1,card,medium,2.9689718980567825,5.166339797320244,14.994603877815178
2024-01-19 08:39:00,40.79608403961085,-74.23735242814982,40.84845028565902,-74.19931821609579,2,mobile_wallet,low,6.6444248275890745,8.344261245016618,18.608876276452936
2024-01-19 08:47:00,40.70910457100376,-74.20342410245141,40.72239533885171,-74.16183041044432,1,card,medium,3.8043334450544273,7.026850723999484,14.02171744663732
2024-01-19 08:56:00,40.89425533045088,-74.18895173290282,40.92,-74.15970412190676,2,card,low,3.7730947886805914,6.700790381799242,15.937157981323825
2024-01-19 09:05:00,40.8400062345082,-74.0739334918906,40.77348827527013,-74.10855898789687,4,card,high,7.9498795110237666,57.77626057192276,47.62717590653906
2024-01-19 09:14:00,40.7321105847534,-73.95026019257038,40.712626961496504,-73.92766892682212,6,card,medium,2.884122920316179,6.0113205319050245,15.027427009839577
2024-01-19 09:22:00,40.834835092363015,-74.10312904164482,40.86683031372415,-74.14963914012036,1,card,low,5.287774710702213,9.55058874560145,611.6699688206542
2024-01-19 09:31:00,40.911637470100914,-74.22658090677996,40.92,-74.26,1,card,high,2.958059123153673,11.987650273215051,18.973975622887814
2024-01-19 09:40:00,40.7367334803985,-74.12494754396816,40.697980600238836,-74.12921670135286,1,mobile_wallet,medium,4.3241186583114555,8.385101898638112,14.002851790134226
2024-01-19 09:48:00,40.7984588018821,-74.0515723580412,40.84049190202956,-74.08847072003675,1,cash,medium,5.611228436658711,12.97526800745085,19.277634347920923
2024-01-19 09:57:00,40.89234596912084,-73.75394233637711,40.86843867593298,-73.75,1,cash,high,2.6789516633886246,15.20922184144328,18.388197662581003
2024-01-19 10:06:00,,,40.62956802482958,-74.08559421751296,1,card,medium,4.46635735567185,8.221386762874136,20.611718345189004
2024-01-19 10:14:00,40.881429690646534,-74.2145103364388,40.90334233986889,-74.22443086626146,1,cash,low,2.575319016641757,2.2430488369753374,10.662521740991108
2024-01-19 10:23:00,40.61316520030281,-73.9636314446183,40.61344282174285,-74.00324036729363,1,card,high,3.343544023262351,15.55593607593666,20.881798035439807
2024-01-19 10:32:00,40.8004723779998,-73.79098356296059,40.77694132292351,-73.75,4,cash,high,4.330251635065884,23.922931826725353,23.987434710050938
2024-01-19 10:41:00,40.84616497271897,-73.8587851935805,40.821105889082844,-73.88876090742623,2,cash,low,3.758221474528106,7.752148439207617,14.226046539358384
2024-01-19 10:49:00,40.78896611454582,-73.8335286623145,40.74082525855452,-73.782138162691,1,card,low,6.88379711390775,11.672130679554753,22.936973509221392
2024-01-19 10:58:00,40.748481833411866,-73.7866017839878,40.730673162339215,-73.75,1,mobile_wallet,medium,3.6647872240027546,12.134541788020401,12.541543559744476
2024-01-19 11:07:00,40.789898013974735,-73.93536281327337,40.83939843857167,-73.9554301560659,1,mobile_wallet,medium,5.7574419606717075,17.271892883797477,18.73834351374149
2024-01-19 11:15:00,40.63156566098501,-73.75258940736671,40.64257043181948,-73.75125435599497,1,card,low,1.2288491414495761,2.2345238576269644,9.666290968821283
2024-01-19 11:24:00,40.653294041512275,-74.24302639936138,40.696430775147256,-74.26,1,mobile_wallet,high,5.005618544085573,24.89164531129627,21.560869075101934
2024-01-19 11:33:00,40.67176577694516,-73.83423176516678,40.694988861140516,-73.80967427538022,2,cash,low,3.3100059403248547,4.865146334107751,14.282645989852375
2024-01-19 11:41:00,40.78324497581421,-73.82292455854365,40.75569389650048,-73.83167576755345,2,card,high,3.1509353115944836,16.378630414338527,19.40514273202335
2024-01-19 11:50:00,40.73024636507333,-73.7924828007114,40.656035007708034,-73.81126943058118,1,card,high,8.40255872136087,54.26077688763618,47.70029489168095
2024-01-19 11:59:00,40.66312178644518,-74.01613357660572,40.62141334003351,-74.01405551425992,3,cash,low,4.641080760339567,8.724797103624669,14.375218053396075
2024-01-19 12:08:00,40.88015517292916,-73.8582444789535,40.84994956142977,-73.92944418831216,5,cash,medium,6.865023445612891,18.862381278446623,27.40202236626196
2024-01-19 12:16:00,40.707133425699695,-74.1605089964482,40.67344719653657,-74.16392216746443,2,card,low,3.7567759772664946,6.70983545714923,14.680570867262377
2024-01-19 12:25:00,40.73165078453816,-73.95240358515912,40.775796681246845,-73.92317104650284,3,card,medium,5.491757991484971,15.64366548163211,22.5797065713349
2024-01-19 12:34:00,40.719298366026656,-74.07709097229464,40.76297484703489,-74.07087852518289,1,card,medium,4.884724227057982,12.365450619374045,19.767972808866404
2024-01-19 12:42:00,40.6418606047941,-73.9559514381624,40.741395188606546,-73.91312689270478,3,card,high,11.641789066650958,68.74325771748491,59.79259582582516
2024-01-19 12:51:00,40.82875318524628,-73.91546414134928,40.79438573254262,-73.93244255530301,4,card,medium,4.079888536989714,10.81281429749726,18.120452361384086
2024-01-19 13:00:00,40.73247580917141,-74.08299497995945,40.80436098294431,-74.10366306201414,1,card,medium,8.180574508751793,22.512476487525454,32.34245759412931
2024-01-19 13:08:00,40.58552741736352,-74.14971846735554,40.65713444161841,-74.19999782253447,1,cash,low,9.022573861016534,11.734846488492979,25.520071929438966
2024-01-19 13:17:00,40.907764658802336,-74.09593916648174,40.89731278969059,-74.11419768714144,1,card,low,1.9249511651100486,5.4540284097825005,12.211933570826048
2024-01-19 13:26:00,40.857359627942444,-73.9213818049952,40.87866962080476,-73.83291663687181,1,cash,medium,7.807115514028905,19.85670981167335,32.181726879449315
2024-01-19 13:35:00,40.826010180391215,-73.91479414082687,40.88184317660257,-73.90239468939347,2,cash,high,6.295325433024293,50.38419745537527,36.239904019821715
2024-01-19 13:43:00,40.8754912359763,-73.8819283626277,40.872839627956495,-73.90827749233863,1,mobile_wallet,high,2.2349658455880324,13.811545261575828,12.27725897466978
2024-01-19 13:52:00,40.888314466225886,-74.19546632962792,40.882176836251226,-74.24074271684094,2,mobile_wallet,medium,3.8668980873640235,8.113658410130569,14.444675303303026
2024-01-19 14:01:00,40.69474650017071,-73.84255613097022,40.666516316220424,-73.91449001362969,2,mobile_wallet,high,6.829937992502868,28.124441174414248,27.891302468060623
2024-01-19 14:09:00,40.78772595066168,-73.90904462121411,40.681524217321844,-73.94641233183744,1,card,low,12.221606021903476,22.404402817927636,40.566782259906425
2024-01-19 14:18:00,40.7869946551299,-74.24444241088779,40.790165877871885,-74.21027870300355,1,card,high,2.8977263377683404,16.240575805196993,20.73796604969359
2024-01-19 14:27:00,40.6708818873956,-74.08884509678813,40.638937767660195,-74.10806152658402,2,card,low,3.904445150166685,4.5624772694336055,15.498645963282632
2024-01-19 14:35:00,40.655463765492,-74.0219772594877,40.60707307742924,-74.06509498815412,1,card,low,6.49556936549759,12.606973434801212,25.91794383498035
2024-01-19 14:44:00,40.618728466638466,-74.07608507990273,40.63772709089496,-74.11425335018427,4,card,high,3.8520383866189754,23.80593803502162,20.900900406349923
2024-01-19 14:53:00,40.80416682661159,-74.20011738701372,40.73885777577464,-74.17089075101643,3,card,medium,7.667760577065802,20.49453965893736,30.839753325786145
2024-01-19 15:02:00,40.845512456950466,-74.15425339490245,40.8817860520581,-74.15791023329463,1,card,high,4.045145474054364,19.473129277213573,21.74400755689772
2024-01-19 15:10:00,40.83872401303578,-74.24747368859583,40.8604859822225,-74.26,1,card,medium,2.6392437667345527,7.98269204302039,15.157448006437159
2024-01-19 15:19:00,40.68753362824289,-74.2125306477102,40.66952493371651,-74.22640812434015,2,card,low,2.3193558284525806,2.958451188630179,11.82464224772115
2024-01-19 15:28:00,40.649788349158165,-74.12418693996048,40.646939387780165,-74.02492219931085,3,mobile_wallet,low,8.380558742834863,15.286204211825444,23.71366182838147
2024-01-19 15:36:00,40.73422882067457,-73.84181516452578,40.68066887143763,-73.78693212618653,1,card,medium,7.541250852094518,23.724982035611536,29.860905516607172
2024-01-19 15:45:00,40.76591657648177,-73.99141486993203,40.799681813633214,-73.92532673009688,5,card,medium,6.7125535041739415,19.254754827990126,29.045079205088648
2024-01-19 15:54:00,40.89248962350931,-74.04350607574754,40.90092101435662,-74.12235075330088,1,card,medium,6.692982037847569,18.966012331607445,30.547205481970984
2024-01-19 16:02:00,40.87743987245318,-73.92229689858114,40.88922312040971,-73.9290965010838,1,card,low,1.4295046831881009,2.1719031179533204,6.971528239690274
2024-01-19 16:11:00,40.891459832642624,-73.98382961423425,40.91404489972791,-74.01284512369604,1,mobile_wallet,low,3.500494582037913,6.1425585015921484,11.418333514328555
2024-01-19 16:20:00,40.869089210946235,-74.19292789735464,40.84018051732111,-74.16845508854212,2,card,medium,3.817003870753043,11.643989372396605,16.28336602345497
2024-01-19 16:29:00,40.907957609508344,-74.14646208444967,40.8395999871369,-74.09877077491932,5,card,low,8.593883665107125,15.086775792807806,29.179840978233788
2024-01-19 16:37:00,40.73826999903748,-74.14651359589479,40.78134932590854,-74.13182441631339,1,cash,medium,4.947392574996634,9.332591806681954,21.03876083751461
2024-01-19 16:46:00,40.59614098912725,-73.95402421856771,40.627133317739805,-73.99328537048738,1,card,low,4.781178933514666,9.428637941484892,19.409503229496146
2024-01-19 16:55:00,40.60841109093048,-74.02457157324343,40.58431994478329,-74.05431717345331,1,card,high,3.671992732027955,13.295821952278551,17.197155811054454
2024-01-19 17:03:00,40.712693888202594,-74.06233161809396,40.731103847163446,-74.03440592911798,3,card,medium,3.1191336923072592,6.563861805994708,13.716922495656505
2024-01-19 17:12:00,40.66761361103282,-73.97611402183028,40.72422241577513,-73.94371072903586,2,card,low,6.86183642694923,11.112634996763834,23.635430512547128
2024-01-19 17:21:00,40.63777980106276,-73.7652409492509,40.68902133720154,-73.75889809249121,1,card,high,5.722860967463436,32.120970558784165,33.13836297373654
2024-01-19 17:29:00,40.904089283332944,-74.09976133741151,40.878684135693504,-74.09392074603898,3,cash,medium,2.867267579429173,7.825532872556307,14.451683973102774
2024-01-19 17:38:00,40.64644266005961,-73.9947003288469,40.58,-73.99244481473733,1,card,medium,7.390539437022416,21.039176579444124,29.839360178948365
2024-01-19 17:47:00,40.90618895258718,-74.0150112920215,40.84691427130532,-74.00290194692288,3,card,low,6.669214207223777,10.439175524077246,25.40086197001218
2024-01-19 17:56:00,40.83868520570921,-73.89451205380962,40.82465753512623,-73.86229380992688,2,card,medium,3.1273929944456444,12.122432439792991,18.367625626899887
2024-01-19 18:04:00,40.79792152852258,-73.88755196332872,40.8637257995205,-73.85919450650307,1,card,high,7.696249499113715,49.17221362171333,44.31512174031077
2024-01-19 18:13:00,40.80984644643039,-73.88817393207935,40.77706640288403,-73.8871125875546,4,card,low,3.646069412848493,5.425063186698792,13.408171651545802
2024-01-19 18:22:00,40.692701270044104,-74.15722501423124,40.66586651665868,-74.15943223801098,1,mobile_wallet,medium,2.989687934750155,7.751235912142763,8.038268373814255
2024-01-19 18:30:00,40.799785192939815,-74.0309625004558,40.772024193524494,-74.03489092436394,5,cash,low,3.10455023490919,4.721220465796677,9.502202482314841
2024-01-19 18:39:00,40.64347532021563,-73.84630090757514,40.61954743438264,-73.88141578656413,1,mobile_wallet,medium,3.982456456784067,10.557605950746572,11.10944886267252
2024-01-19 18:48:00,40.898819847062235,-74.06541961302428,40.898314639078336,-74.10110587974421,2,card,medium,2.9999171703184193,9.826836088832522,16.923468119330455
2024-01-19 18:56:00,40.6826097355866,-73.75802989018213,40.62500747773177,-73.75,1,card,low,6.440799489490795,8.397794114183165,23.06615098485996
2024-01-19 19:05:00,40.666763414179805,-74.07395876168599,40.71555961221452,-74.10603786157374,1,card,low,6.062623514592435,8.546168859632722,23.70134126725805
2024-01-19 19:14:00,40.821795351386015,-74.0061899180556,40.815278402875585,-73.96956289399951,6,card,medium,3.166222944899534,8.548481045786524,16.785566116480414
2024-01-19 19:23:00,40.8031925641425,-74.01799194665071,40.914753620005136,-74.02030236864731,1,card,medium,12.406545061542474,34.95505939423051,46.629242702955345
2024-01-19 19:31:00,40.733441632236726,-74.0388314607407,40.68063093730198,-74.00194967411112,1,card,high,6.644435292637859,22.58330869971536,31.362456545502702
2024-01-19 19:40:00,40.79503171979487,-73.82872800215699,40.86657569752699,-73.80006485599702,3,cash,medium,8.3128160138867,17.476183830174755,30.211335608534824
2024-01-19 19:49:00,40.63422764439869,-74.18080962885051,40.69683818730808,-74.14287778223577,1,cash,high,7.661907886791435,39.99758924356054,36.34388260276664
2024-01-19 19:57:00,40.80893162451667,-73.97049099972887,40.79040584411861,-73.99192745877146,1,card,high,2.738494723420562,13.346160367270908,17.375113243030953
2024-01-19 20:06:00,40.67200763636637,-73.94451319554874,40.65422990875833,-73.92611272027717,5,card,low,2.5132672254639186,3.1488900561010613,11.787547912594091
2024-01-19 20:15:00,40.672764232069994,-73.82587713288463,40.63130583034415,-73.79267217335496,1,card,high,5.394309554853125,18.621488078660587,29.00808145841948
2024-01-19 20:23:00,40.63514117788088,-73.94930791843768,40.5941992137451,-74.01911761991066,1,cash,high,7.4463151173656055,43.56250610357016,39.696069139008074
2024-01-19 20:32:00,40.693008225912294,-73.77038962262823,40.69298095817243,-73.75,1,card,medium,1.7190427189426405,3.7731343646888975,8.963912348503225
2024-01-19 20:41:00,40.69262536050585,-73.81519446674693,40.693556679796934,-73.75,2,cash,medium,5.497483986844916,12.681906418499054,20.252529725258828
2024-01-19 20:50:00,40.73442086397877,-74.08214262634012,40.66231487696642,-74.0395146530877,1,card,medium,8.786341217519176,21.53174484290131,34.39387586759409
2024-01-19 20:58:00,40.64474263158656,-73.82144771290167,40.74795037113623,-73.78518307860583,1,cash,low,11.876435616786981,19.574113580909223,36.31516001687878
2024-01-19 21:07:00,40.64562256229398,-73.77117631481234,40.63394430372164,-73.75,1,cash,low,2.2088203552481604,3.9716646179680075,9.797039671152069
2024-01-19 21:16:00,40.764191114365495,-74.12882943772847,40.76714366684027,-74.14338393810438,1,card,low,1.2689504714051485,1.656719453397418,9.284600216012828
2024-01-19 21:24:00,40.62381831758796,-73.94879350860116,40.59563763308436,-73.95375116810824,1,cash,medium,3.1613719295621303,8.479936912984389,15.42831715324594
2024-01-19 21:33:00,40.814224982716205,-74.11628000470552,40.802209553457075,-74.07288178441429,3,mobile_wallet,medium,3.8892368257593377,8.970188422781925,14.181957228960423
2024-01-19 21:42:00,40.90094202279329,-73.92872068766808,40.884837507787296,-73.97251546143707,1,card,low,4.093667945418852,7.375823926926771,15.576635297121465
2024-01-19 21:50:00,40.72511051136589,-74.21224216968102,40.72497864220375,-74.25997443077183,1,card,low,4.022376060226299,4.225032929133825,14.499138044256622
2024-01-19 21:59:00,40.88637580647123,-73.88556410884678,40.885719260501965,-73.90344392234019,4,card,low,1.5048347897699728,1.1353404969335537,8.328610364559646
2024-01-19 22:08:00,40.61342764098279,-74.04589188741637,40.64964662666714,-74.01636049454608,1,card,high,4.736044706007804,23.588313163100917,27.350427094688445
2024-01-19 22:17:00,40.59460559330772,-73.96047333887502,40.60483049047716,-73.99944046599735,4,mobile_wallet,high,3.4808169340232684,26.203628408075033,18.13414400846705
2024-01-19 22:25:00,40.825265418354704,-74.24681017471302,40.85695815427268,-74.2569538977243,3,card,low,3.625908903485275,5.088078693545847,11.42760035478671
2024-01-19 22:34:00,40.83874733481371,-73.90532485784273,40.838305847832466,-73.91012526002507,1,cash,high,0.40680735669473334,1.0,5.000169622188105
2024-01-19 22:43:00,40.86663980192836,-74.00704440939103,40.87704616690812,-74.05257852512958,1,cash,high,3.9996784584341665,15.971267229246461,20.330053290985088
2024-01-19 22:51:00,40.59931801065599,-73.9411219860792,40.588459254935245,-74.05091154233455,1,card,high,9.34836701158836,84.68986847728355,59.95056419737857
2024-01-19 23:00:00,40.84414839868532,-74.09900933408815,40.889288426730516,-74.145202398362,1,card,high,6.346804333709365,29.23615102935904,35.07415289792256
2024-01-19 23:09:00,40.708023169150835,-74.18563171155509,40.72254117847905,-74.17389181827583,1,cash,medium,1.8934300464264557,4.223328544716415,9.259066941170833
2024-01-19 23:17:00,40.68313479511195,-74.03793123958197,40.67602142665886,-74.01605478350947,1,card,low,2.007185741497534,5.694236646880344,13.798590390922278
2024-01-19 23:26:00,40.63882813325672,-73.77857064814395,40.63037217720191,-73.7563243138702,1,card,high,2.0995351565855223,9.465372776324553,13.049066478013446
2024-01-19 23:35:00,40.918645356734864,-74.14382504640656,40.91372958637875,-74.11639428863862,2,mobile_wallet,high,2.368838031250966,12.38190771121035,12.8076291311002
2024-01-19 23:44:00,40.60164562036841,-73.91532210386202,40.60301559693387,-73.94350987438621,1,card,low,2.3845999610095303,3.2296897222875978,10.913610330259676
2024-01-19 23:52:00,40.861182724966724,-74.23457979254239,40.858646475411874,-74.26,1,cash,medium,2.1563099813281164,6.49631640175871,11.5500367242156
2024-01-20 00:01:00,40.79742810806678,-73.89376910951387,40.77228023358227,-73.87689149929558,1,card,medium,3.1366492025481603,7.328390717744287,15.566816604136152
2024-01-20 00:10:00,40.82992735104904,-74.13839703473124,40.864347876036106,-74.14792578789191,1,cash,medium,3.9104097995324194,6.561195975745824,13.892146540447522
2024-01-20 00:18:00,40.82198382077341,-74.02972629928304,40.85924724043808,-73.98890776126846,2,cash,medium,5.3813848700297795,13.212050669269972,19.762057968435684
2024-01-20 00:27:00,40.87186772492488,-74.07244591869667,40.92,-74.05528410830148,2,card,low,5.543047035363425,9.24342885289773,19.672589365067033
2024-01-20 00:36:00,40.64248930375108,-74.20245142490815,40.61532596677206,-74.14467949958066,1,card,medium,5.735203796851247,17.460018337378283,29.884532763156436
2024-01-20 00:44:00,40.580280369723795,-74.083753204219,40.61027011235564,-74.10470233791365,1,card,low,3.774774882709619,6.177794007757366,15.127380373720497
2024-01-20 00:53:00,40.78349968627471,-74.08143627127048,40.697588507041985,-74.03339723001562,1,cash,low,10.374870910367818,13.590047417272817,31.31906107599781
2024-01-20 01:02:00,40.70031193736993,-73.99372612409483,40.737618875295915,-73.90216570872362,3,card,medium,8.76080413166861,22.40882260257995,37.36673790918679
2024-01-20 01:11:00,40.622087692579825,-73.76410071820061,40.58,-73.76168230292826,1,card,medium,4.684389687072645,10.077118762747942,16.97600520013045
2024-01-20 01:19:00,40.64328717639544,-74.02029106351958,40.598992276734684,-73.99782226305724,2,card,medium,5.277830289814844,11.570832777753663,22.691924723507444
2024-01-20 01:28:00,40.69279476623613,-73.79364266062736,40.707744906041846,-73.83551643361879,1,mobile_wallet,low,3.901822699538317,4.949902238358768,11.202547850332024
2024-01-20 01:37:00,40.60387934610148,-74.0246055941331,40.58,-73.9843730504684,1,card,medium,4.311715390037603,8.31857887239259,15.32272063186166
2024-01-20 01:45:00,40.59935048872367,-74.20515291655379,40.58,-74.1543452989252,1,cash,low,4.799536679824522,6.927098958121625,19.329595791549153
2024-01-20 01:54:00,40.89144892664303,-74.14262202340927,40.8696322056306,-74.16487241669228,1,mobile_wallet,low,3.0633790350923165,5.210157630638005,8.373580000408573
2024-01-20 02:03:00,40.68611493478026,-74.05216598521062,40.71894810441659,-74.02578880451226,1,card,high,4.274695789540903,17.607991190045492,20.88906243742333
2024-01-20 02:11:00,40.91395843714102,-74.09406192578521,40.87197836930222,-74.08144065253721,1,mobile_wallet,medium,4.7870079064402065,10.017816268820983,15.556432284780994
2024-01-20 02:20:00,40.90788478283234,-73.81842706335843,40.905447813942324,-73.80084172529601,1,card,medium,1.5024851724538708,3.248031800696871,8.65735022939322
2024-01-20 02:29:00,40.62847423599122,-73.91389074287976,40.61143470318695,-73.87734985454532,6,cash,medium,3.6196305193002645,9.627120053980038,12.772623699657217
2024-01-20 02:38:00,40.823074262984704,-73.96506268952147,40.85996934769451,-73.9417122116165,1,cash,medium,4.5485442657388155,9.341865072984584,16.89589956700536
2024-01-20 02:46:00,40.78427366230321,-74.00947292886929,40.822430141236936,-74.01572738104706,3,card,low,4.275341475774636,4.426071051367332,17.813843730995963
2024-01-20 02:55:00,40.814820004855754,-74.05739198467258,40.73223232397113,-74.01989364867822,1,card,medium,9.711039043440529,25.34321285802649,35.2346705898367
2024-01-20 03:04:00,40.61270494000492,-73.94778185568568,40.65973486384931,-73.89774833165707,1,cash,high,6.721008976163147,30.508587614757523,31.408502474261056
2024-01-20 03:12:00,40.64411042673575,-74.19645034562338,40.6166264109451,-74.22138909515428,1,card,medium,3.7106298827669857,10.861187006533823,15.74302532644328
2024-01-20 03:21:00,40.6060571448933,-74.17710807400938,40.616690293830146,-74.17718903472648,1,card,high,1.1823719668158486,4.912762054276471,9.505273956849612
2024-01-20 03:30:00,40.785405629773805,-74.10541065976768,40.74315473645656,-74.18500183600263,2,cash,high,8.185579261622166,51.91237394968271,45.10963340875439
2024-01-20 03:38:00,40.91544096578869,-74.17269584560485,40.92,-74.14643393346594,1,card,low,2.2641275000861674,5.0117848456646445,12.517999219571157
2024-01-20 03:47:00,40.8084747428037,-73.91467965329734,40.92,-73.85963936236544,1,card,high,13.236639497597066,86.20060918209997,72.17979855222899
2024-01-20 03:56:00,40.821658921907456,-74.24736815608281,40.827381372165284,-74.25894644131984,1,card,medium,1.163620379814922,5.550359193629047,7.099395377693608
2024-01-20 04:05:00,40.91475891412472,-74.17830947924996,40.89406576683063,-74.1723048521474,2,card,medium,2.3556603910533673,7.0026438315206345,13.926163645849138
2024-01-20 04:13:00,40.81052392841841,-73.79966986415562,40.80007667285801,-73.8095786722281,3,card,medium,1.4300547081506247,5.772823092878934,9.059292245930937
2024-01-20 04:22:00,40.593661734693676,-73.75125299440674,40.58,-73.76852832448115,1,card,medium,2.106131742448039,9.348413390325032,11.58549436314551
2024-01-20 04:31:00,40.87478190429125,-74.01132885630767,40.92,-74.00088114839957,2,card,low,5.104128977698832,5.912951465432691,19.03766683020516
2024-01-20 04:39:00,40.70399061872879,-74.0073612627589,40.718070358570635,-74.04265217701516,1,card,low,3.3614091677535796,6.8766694500652825,15.024717966884454
2024-01-20 04:48:00,40.581483631315,-73.86556663125891,40.58,-73.87615409339887,1,mobile_wallet,medium,0.9092182455909517,3.48808141079794,3.7529870539190644
2024-01-20 04:57:00,40.75245962037068,-74.24154331541351,40.70672529731488,-74.26,1,cash,low,5.317918084317541,8.343180522107627,16.969265944404174
2024-01-20 05:05:00,40.89858510029793,-74.0422190442305,,,1,card,low,2.229305256115265,2.5669064691147163,10.028458097991996
2024-01-20 05:14:00,40.667492433646295,-74.20908778027437,40.70943222634653,-74.19832206486232,1,card,low,4.75101090502251,6.50564107504446,18.912121087039715
2024-01-20 05:23:00,40.747114478837965,-74.05552754484519,40.6953199329448,-74.07493325112752,2,card,high,5.986980903104929,39.692988369734024,34.26447569919509
2024-01-20 05:32:00,40.63908414184601,-73.75825086102428,40.68918756223003,-73.75658231747127,4,card,low,5.573023422674201,10.94940608356843,19.904702474908852
2024-01-20 05:40:00,40.59961550836659,-73.87564702679029,40.59549199852853,-73.88557966330022,1,cash,high,0.9557765864591177,5.993644613996741,7.033453617736906
2024-01-20 05:49:00,40.60738528188246,-73.75762660340054,40.58,-73.75,1,card,medium,3.112448580579476,5.817458806989683,14.156851386068888
2024-01-20 05:58:00,40.82718370802686,-73.87951520090799,40.806137638831075,-73.89936075509844,1,card,low,2.8750153904133517,2.667896773786368,13.047990244583286
2024-01-20 06:06:00,40.873785320052335,-73.94986386337864,40.92,-73.9212868399342,1,cash,low,5.672469678255731,6.556334721456208,16.858875758727045
2024-01-20 06:15:00,40.628721605345845,-73.87534737520711,40.58,-73.90708170304599,1,cash,low,6.043816381897159,10.545132872473765,18.799899812686835
2024-01-20 06:24:00,40.678028313055556,-73.9238632467848,40.64509313003798,-73.88722251876771,1,card,medium,4.792058821122425,12.101840930275321,20.30167954956591
2024-01-20 06:32:00,40.64631001899924,-74.02332632475003,40.68917628030781,-73.97664757274987,1,cash,low,6.182171535682165,11.722250843031906,19.911216425636805
2024-01-20 06:41:00,40.58913096415498,-74.11080136965735,40.5988715311104,-74.0619985864906,2,card,high,4.260615996262059,27.174442940583837,28.17464280476351
2024-01-20 06:50:00,40.768166665761576,-73.99470918973948,40.73256082893997,-73.92851342963824,1,cash,medium,6.838739756179077,21.230236784180455,29.247058664321983
2024-01-20 06:59:00,40.817973537846804,-74.12816832831028,40.86138923348322,-74.11500830330672,1,card,medium,4.952915687613792,11.662669734570727,21.08066179863611
2024-01-20 07:07:00,40.80027834350093,-74.01179506331451,40.84583165149354,-73.95608746173966,2,card,medium,6.9014427664541484,19.596790910337635,28.192177403384143
2024-01-20 07:16:00,40.71193820608276,-74.18547094298025,40.726850786166075,-74.11238284512582,1,card,medium,6.378879002151647,18.389119649474413,26.17002232568388
2024-01-20 07:25:00,40.76870348361957,-73.97164849952529,40.74114563717831,-74.02214085590009,1,card,high,5.241959880192059,24.741668463654996,31.73926051228134
2024-01-20 07:33:00,40.61199376425631,-74.13490531768583,40.591370056363765,-74.16205103406517,1,card,medium,3.24210495100699,6.976437229297786,15.456544016014739
2024-01-20 07:42:00,40.63246326436571,-74.11025986698981,40.64527368730414,-74.17756639891807,1,cash,medium,5.855107078793587,12.261484622301918,22.39028798521967
2024-01-20 07:51:00,40.89681017064802,-74.00549564769098,40.837773362893415,-73.95774416207837,3,card,high,7.695256357931075,32.33590989892348,38.21129024016174
2024-01-20 07:59:00,40.83891263425877,-74.177111610959,40.898662953909756,-74.24499556299148,1,mobile_wallet,high,8.759262248419967,49.073960430991974,39.59864008556547
2024-01-20 08:08:00,40.89373129258056,-73.76918625934569,40.92,-73.84927916466732,1,card,high,7.337343409456748,35.39582801699482,38.100354143801376
2024-01-20 08:17:00,40.89167129672979,-74.03205839914963,40.88105332848698,-74.08144106978992,1,mobile_wallet,high,4.315954369144989,38.077271398095526,24.88903928308147
2024-01-20 08:26:00,40.800793489816634,-74.08033759289036,40.81681819197602,-74.15856163336396,1,card,medium,6.820430429980799,16.15125172895406,26.1905644857569
2024-01-20 08:34:00,40.89560114035814,-74.24510973140279,40.92,-74.23286262006064,3,card,medium,2.9016903267173566,6.664397487761838,20.433387089652193
2024-01-20 08:43:00,40.721679395048035,-73.82994027481276,40.80967963278358,-73.87874469385513,2,card,medium,10.613358233418476,23.672140828401847,37.07394983500261
2024-01-20 08:52:00,40.58122952322688,-73.94082470319374,40.65129368332396,-74.01688743423391,1,card,medium,10.095301900790318,28.516649055029532,39.39515591014932
2024-01-20 09:00:00,40.601274179387694,-74.04763337103094,40.58,-74.04951767043568,1,card,high,2.370925564490101,13.73971675679181,17.16371803240389
2024-01-20 09:09:00,40.61722569073827,-74.13477827233739,40.60302577476354,-74.13400823105727,3,cash,medium,1.5802960594592437,4.492928011969735,8.999043340786285
2024-01-20 09:18:00,40.612420174082175,-73.87997991647555,40.63495114539892,-73.96412015586242,2,card,medium,7.530186994199666,14.995509681733893,26.880193817049342
2024-01-20 09:26:00,40.69957881288909,-73.77780796637175,40.6773390345285,-73.80992451917793,1,card,high,3.6671919105067476,20.461253337058753,22.019644731313885
2024-01-20 09:35:00,40.81843207441718,-74.06578705011748,40.898656577943996,-74.06914579395627,1,card,low,8.9250288587997,14.612251093061182,28.0686050682918
2024-01-20 09:44:00,40.84882059424417,-74.1912132051266,40.92,-74.20727025243275,1,cash,medium,8.029073343409774,18.468569653069434,29.674494747398224
2024-01-20 09:53:00,40.780672513277175,-74.2043106788909,40.743955656920534,-74.21913742410828,1,card,high,4.269427103531457,28.12960783007895,26.339241147120774
2024-01-20 10:01:00,40.62978829934937,-74.25675539410972,40.62248029845362,-74.20368748006659,1,card,low,4.5517432000257765,5.321139137675671,15.989568193191355
2024-01-20 10:10:00,40.83428654473038,-73.88058272520642,40.80055660860185,-73.78398820955186,1,card,low,8.952168745591889,14.86015087474511,29.68931348746625
2024-01-20 10:19:00,40.70063265250678,-73.75948835319015,40.69185187252201,-73.77358678505934,1,cash,low,1.5381885260496178,1.0,9.528533271620972
2024-01-20 10:27:00,40.58441773854841,-73.75366294609569,40.58,-73.81314761506178,1,cash,low,5.047416271238355,5.727619701962655,16.923121991772685
2024-01-20 10:36:00,40.67540013098113,-73.86005940028511,40.71834173714474,-73.87061563972273,1,card,medium,4.857113936489211,10.72794633127034,20.285481842984343
2024-01-20 10:45:00,40.692404188407934,-74.17728627306902,40.652423278539914,-74.16854308341513,1,card,medium,4.506409115551971,13.481277198911064,20.714034892317365
2024-01-20 10:53:00,40.673243481974154,-73.76136817748431,40.58,-73.76376571199896,1,card,medium,10.370176253363411,23.746522148672284,38.60413204723635
2024-01-20 11:02:00,40.85603585208378,-74.09281514406901,40.78383141338321,-74.0653340437489,1,card,medium,8.355163424530696,23.121719814732266,34.00419196468211
2024-01-20 11:11:00,40.83837497518199,-74.0898539991588,40.792101402610186,-73.99031808289998,2,cash,low,9.830528233805426,18.783911960878505,30.83634120279735
2024-01-20 11:20:00,40.816487690340296,-73.90945815402486,40.78698156883543,-73.98654859259348,1,cash,high,7.271146387897025,49.64047932985528,43.873674483165615
2024-01-20 11:28:00,40.62726172669417,-74.23498491459203,40.63568457472186,-74.25780349960856,3,card,medium,2.141287869293034,1.0,11.443741037322525
2024-01-20 11:37:00,40.85466352930014,-73.83885743774715,40.806072803551345,-73.76950599476588,2,cash,medium,7.952302720397476,30.133577144991143,37.12294092641449
2024-01-20 11:46:00,40.81023982696553,-73.75137838899126,40.75574030040383,-73.77487043920321,2,card,low,6.374688375852176,10.984536571170201,25.60986031266593
2024-01-20 11:54:00,40.64624481340367,-73.86471441317414,40.60441967960932,-73.8291872054233,1,cash,high,5.533475009094861,31.87425822870007,28.85940998976324
2024-01-20 12:03:00,40.80035193629572,-73.86134498948427,40.75014750624353,-73.83295445810361,1,cash,medium,6.072824510132611,13.253701852780761,22.838370530224356
2024-01-20 12:12:00,40.74439395794125,-74.06094002801106,40.719441739447944,-74.00528043445443,3,cash,high,5.4491541161184704,32.28238308263891,29.976955653400427
2024-01-20 12:20:00,40.729379021031114,-74.22638009160202,40.70250108821584,-74.14027980311485,1,card,medium,7.8479401790789085,20.373376820076086,32.293229529213114
2024-01-20 12:29:00,40.61812187558061,-73.85573960854045,40.64912943234443,-73.84075133672093,3,card,high,3.6725420484594697,14.95855587721466,19.977813456100595
2024-01-20 12:38:00,40.75622345378736,-73.95544937567855,40.711694631459224,-74.03401171602245,1,card,medium,8.266419372044785,23.95923420886065,34.98943426535924
2024-01-20 12:47:00,40.613976815050606,-73.79623726854774,40.597884966775766,-73.82775559147963,1,card,low,3.2064589512002857,3.3008657439933233,10.06738150607037
2024-01-20 12:55:00,40.63584615166645,-74.20085892091492,40.611320131070194,-74.10248654191821,1,card,medium,8.73880520556163,24.04586999415908,33.6712596152718
2024-01-20 13:04:00,40.625065746853416,-74.10438723782201,40.66146557077511,-74.16802613924433,1,cash,low,6.724001050965405,8.549682026362783,20.690336968907054
2024-01-20 13:13:00,40.9043968148838,-74.07606536160108,40.89745424746301,-74.0537090659875,1,card,high,2.0313596042785385,14.526219882189695,15.51455793177217
2024-01-20 13:21:00,40.67685399475092,-73.91152734864221,40.724135347303886,-74.02468026372527,4,card,medium,10.891711794280113,28.83258564500705,39.22269812276508
2024-01-20 13:30:00,40.70076947002264,-73.8582499668174,40.648912812102424,-73.91905519000242,2,cash,high,7.7164726928913,29.130495746675614,36.11793913003232
2024-01-20 13:39:00,40.68950740614065,-73.76987959162194,40.68728590876108,-73.75,1,card,medium,1.6942593654662552,1.9590601857043932,8.540592436860702
2024-01-20 13:47:00,40.88540515136057,-74.10934234925469,40.85949005559423,-74.10772410783984,1,card,medium,2.8848377545835326,7.114858859306001,14.74879086141661
2024-01-20 13:56:00,40.77140840985386,-74.00824543163223,40.71623633544901,-74.0251853137747,1,card,medium,6.298656049612177,18.26202573344894,30.13410341262132
2024-01-20 14:05:00,40.892514365637325,-74.24522992565855,40.889476368793,-74.26,1,cash,medium,1.2866868500343709,4.876476399978177,10.025426317315398
2024-01-20 14:14:00,40.68197446798148,-74.13097618216447,40.759956217102065,-74.22082059644805,5,card,medium,11.511637202889967,29.303798904000917,42.58903110109449
2024-01-20 14:22:00,40.619043789306865,-74.06925821085899,40.58066289317519,-74.03805494597879,2,card,medium,5.015364916460986,11.90663153431076,19.4047674192671
2024-01-20 14:31:00,40.76911427392622,-73.95715883467203,40.76337879974352,-73.96990046630663,1,card,medium,1.2482743102078597,2.746865760618525,7.80481228144874
2024-01-20 14:40:00,40.6974825772086,-74.01986879826443,40.63843215432694,-74.08835273111754,3,card,high,8.745064475927297,44.10661576621113,46.13994055396298
2024-01-20 14:48:00,40.85264832338686,-74.07411771951374,40.78698307365118,-74.07275920823578,1,mobile_wallet,medium,7.302537468309681,21.037614673417824,26.978408010163488
2024-01-20 14:57:00,40.879003959029966,-73.94172023707004,40.843577604209536,-73.91556407637658,4,cash,low,4.511754943850475,5.4819347517491135,15.266820505213198
2024-01-20 15:06:00,40.7406749937084,-73.83740600467033,40.72042575818509,-73.84643632072597,1,card,medium,2.37670902714945,7.003116732184221,14.378626460246377
2024-01-20 15:14:00,40.91026206818908,-74.13674262217776,40.89201083134718,-74.1315229514287,1,card,medium,2.076317924107513,4.0396256869740075,10.191138394442195
2024-01-20 15:23:00,40.7680244221571,-74.08513330157719,40.75785329647853,-74.08341759488025,2,card,high,1.1401710806342515,5.508457305401092,10.712198953082996
2024-01-20 15:32:00,40.67211293375134,-73.90048893865962,40.597937964919694,-73.9322947050479,1,cash,high,8.673559733337036,46.46181942252418,44.7981289920008
2024-01-20 15:41:00,40.74625167521705,-73.86325029463315,40.71808409569924,-73.86080861203466,1,card,high,3.1388417050878963,11.841701173701964,17.400390348462967
2024-01-20 15:49:00,40.592685499416994,-73.83904759541534,40.61526463072016,-73.80596283350576,1,card,medium,3.755643972381123,8.749942867257138,16.846884542578657
2024-01-20 15:58:00,40.85336039448944,-74.15324107836251,40.79223936620919,-74.10668211306286,1,card,high,7.8446659077856,32.10510042133289,36.345761230319845
2024-01-20 16:07:00,40.614487917290504,-73.98497384976535,40.59850636102247,-73.94939102952883,1,card,medium,3.4901522652549923,10.751015429345793,18.22876926326611
2024-01-20 16:15:00,40.68497448609102,-73.80099433975211,40.69815245528824,-73.83137375115773,1,mobile_wallet,low,2.9508612705216826,4.693148658073051,7.7972062149407115
2024-01-20 16:24:00,40.77220762598168,-74.06010526790334,40.73700561449061,-74.0314757030827,1,card,high,4.597501470331257,28.47691839848067,27.161509604518287
2024-01-20 16:33:00,40.594611542719946,-74.04075962398701,40.60998014054719,-74.01981363475687,2,mobile_wallet,high,2.4591524961129245,11.504612084680128,13.08158694798563
2024-01-20 16:41:00,40.60696774572169,-73.75774029861066,40.58,-73.7896771942707,1,card,low,4.032831165928837,6.785001148461236,17.247664464145185
2024-01-20 16:50:00,40.81667956158842,-74.20234315052343,40.85665979237037,-74.2232372237127,1,card,high,4.780490530334298,29.020127717686183,29.376074416552143
2024-01-20 16:59:00,40.60440421164066,-73.90014298537457,40.62086524462988,-73.86955679575543,1,cash,high,3.16481835876155,23.94745623623733,21.57533639418615
2024-01-20 17:08:00,40.74220817452411,-73.82640609520915,40.74471311768203,-73.76444522833286,1,card,medium,5.22736053622675,11.554095994492489,20.84618145597362
2024-01-20 17:16:00,40.69515651536305,-74.18309530651666,40.74577332654682,-74.26,6,cash,low,8.583887209693417,13.00685850602101,30.048838779622503
2024-01-20 17:25:00,40.65754699870518,-73.89562884963631,40.64272629103953,-73.82182609390969,1,card,high,6.440683261350408,54.21645558615089,43.01566862562187
2024-01-20 17:34:00,40.64418482527365,-74.02043350677468,40.616381300212865,-73.96804632135881,1,card,low,5.3946609882697985,8.36566081815194,18.84173754977548
2024-01-20 17:42:00,40.839559839869075,-73.82502564881594,40.90132433265345,-73.81606531630847,1,card,low,6.90910103130487,13.183783312490936,24.10152365786634
2024-01-20 17:51:00,40.903524345671094,-73.79719931841369,40.92,-73.8080315664648,1,mobile_wallet,medium,2.0456844938685848,4.008333305695382,8.493239125350378
2024-01-20 18:00:00,40.62766111234913,-73.81503269939117,40.59645641557383,-73.7974631941763,1,cash,high,3.7734667147823497,15.206837869651107,18.01671548711199
2024-01-20 18:08:00,40.906291614519205,-74.22716357983471,40.901173168849354,-74.25598902106437,1,cash,high,2.488515529374818,12.460154339479084,14.093510539319617
2024-01-20 18:17:00,40.78221925118154,-73.87400380882437,40.829246165628305,-73.88200008472197,1,cash,medium,5.272287092759956,13.186857642282279,20.569873837596422
2024-01-20 18:26:00,40.79816453782351,-73.79002093675723,40.79464801274202,-73.85639714957199,1,card,high,5.601119733275605,22.981985754999776,24.96561102104355
2024-01-20 18:35:00,40.82137496856848,-73.94311229525783,40.84813145146169,-74.0214808283259,1,cash,medium,7.233339410754404,24.07661691979576,29.728846233892785
2024-01-20 18:43:00,40.819400422720555,-73.95355320915597,40.85451858460753,-73.8485994105942,1,card,medium,9.654433772285332,30.228833981870608,39.89895852011718
2024-01-20 18:52:00,40.858735776783135,-74.23704725242696,40.83343207088309,-74.23420886759858,1,cash,low,2.8237552372550327,6.794846761628825,12.694663712555057
2024-01-20 19:01:00,40.74437934145822,-73.82342315867497,40.76324670131123,-73.81425715272987,1,cash,medium,2.2355123235836545,5.817470070654826,13.277354646729979
2024-01-20 19:09:00,40.761341919755,-74.23633418397714,40.76106324850205,-74.23771715966713,1,card,medium,0.1205298858635144,1.6205158553172332,6.144526067693456
2024-01-20 19:18:00,40.69010118083756,-74.10011010074382,40.63534209413484,-74.13735993162047,1,cash,low,6.851781157953561,9.665112635076763,20.21538824837465
2024-01-20 19:27:00,40.61578758188626,-73.78780983670352,40.58,-73.80162763164286,1,cash,medium,4.146882929534323,14.07032726161935,17.978167257447925
2024-01-20 19:35:00,40.80597766491491,-73.77562997720796,40.77661890331708,-73.77152648597938,1,card,low,3.2827722694547794,3.908880481131897,12.19135638376624
2024-01-20 19:44:00,40.591427389523325,-73.75413072435728,40.63321078280944,-73.76297944684713,1,cash,low,4.705759104160143,7.107796693817047,15.358641596374845
2024-01-20 19:53:00,40.67371591736834,-74.01703483433744,40.71697703467244,-74.05088395708368,1,card,medium,5.593186346311273,14.964195153306685,24.993051018826186
2024-01-20 20:02:00,40.61203815391167,-74.16951093134568,40.64578423523614,-74.1479339356506,1,cash,low,4.170864830873239,6.507105033274556,15.246058312666875
2024-01-20 20:10:00,40.64484723348972,-74.01114831171716,40.66465221513668,-74.0026719005831,1,cash,low,2.315392902698221,2.038086856196303,8.92340195853078
2024-01-20 20:19:00,40.79716851038511,-74.20782040820765,40.81574569420715,-74.19013955847919,1,card,high,2.545894742709695,27.13849211440817,23.041198617020566
2024-01-20 20:28:00,40.793682054269674,-73.81500658442532,40.806172274499644,-73.78327956788442,1,card,high,3.0101444101943593,44.236169537116,27.078843336964134
2024-01-20 20:36:00,40.72315867041854,-73.97412601103409,40.741500537912515,-73.98179958708751,1,card,medium,2.1395583719811304,4.130382123287848,14.342176914946135
2024-01-20 20:45:00,40.61065847200643,-74.05370199142496,40.63204978827132,-74.06130194873762,1,cash,low,2.463576216604958,3.65511546901765,13.07851597494096
2024-01-20 20:54:00,40.7273471315962,-74.2194393417348,40.664148134138465,-74.15272897643345,2,cash,medium,9.000823638420165,19.101750364852418,35.523358444420914
2024-01-20 21:02:00,40.69993325643182,-74.05332725482351,40.66437213486433,-74.09580793922443,1,cash,medium,5.33547935385044,11.243205154601547,22.424510791578744
2024-01-20 21:11:00,40.82495611197103,-73.81824227972105,40.778654638869334,-73.90255570839115,1,cash,low,8.767644230071035,14.94402669648965,28.28433817882945
2024-01-20 21:20:00,40.77686904678768,-73.90126297443662,40.82669057213211,-73.87626373284404,1,card,low,5.926068204985807,9.822438477796092,21.325352071765966
2024-01-20 21:29:00,40.74713236089458,-74.21794768606941,40.821566865555845,-74.24626844033875,1,card,medium,8.613357840818407,23.993176165557216,35.616556326108764
2024-01-20 21:37:00,40.7455739079837,-74.17844732813965,40.64796675156515,-74.22692812121785,2,mobile_wallet,medium,11.597483474534252,30.883426644897234,39.79295655436105
2024-01-20 21:46:00,40.90854094166854,-74.05992266973918,40.92,-74.02008695897003,1,card,low,3.5816651928145427,3.9858263278875414,11.63666813211291
2024-01-20 21:55:00,40.83714003537917,-74.20829870783018,40.84104249718809,-74.21481328509934,1,card,low,0.6990286567171963,1.0,8.923708418146056
2024-01-20 22:03:00,40.748973050556444,-73.78363899208344,40.79454544241859,-73.84049937467687,1,card,medium,6.971772209446865,15.57380495047397,25.426558451881096
2024-01-20 22:12:00,40.74293568838225,-73.92733105723825,40.765726710338576,-73.84025848188281,2,card,medium,7.759779505192898,20.53896408904637,32.51184813265999
2024-01-20 22:21:00,40.58900289444369,-74.21164026933499,40.653820671855684,-74.26,6,cash,medium,8.282867477841437,22.964696909143537,32.55702408111831
2024-01-20 22:29:00,40.90045314952874,-73.85809069418596,40.90989155902982,-73.86199122184108,1,card,high,1.0995050775015727,4.079763352590073,12.017351527622242
2024-01-20 22:38:00,40.68851915040089,-74.07211297642831,40.62716369975431,-74.15713043129644,1,card,low,9.898315955465904,11.2488230300583,31.91074641519385
2024-01-20 22:47:00,40.66701928783945,-74.13511597127786,40.662263918069655,-74.1229363507545,1,card,high,1.1553944786902723,4.958361706154717,9.100749371359258
2024-01-20 22:56:00,40.91979903463181,-73.96930767961076,40.92,-73.99815757112023,5,card,medium,2.4241222359166104,3.1906889270058043,14.36916049408065
2024-01-20 23:04:00,40.82435448831154,-74.25318021210853,40.814636238742494,-74.21631284541871,1,card,high,3.285177667133841,13.663051144753783,17.7182611087966
2024-01-20 23:13:00,40.59610368292176,-74.02264719334683,40.62570161041863,-74.02342958073064,1,cash,medium,3.29180196839456,9.289961794691196,12.711276785663019
2024-01-20 23:22:00,40.60104106218869,-73.82965945352146,40.59808467969987,-73.76888210346615,1,card,medium,5.141809283192766,18.264764170656264,20.83734209166558
2024-01-20 23:30:00,40.588670531746466,-73.78669062604736,40.58,-73.80602775233054,1,cash,medium,1.8963346617374093,5.640425607197971,10.35033442920602
2024-01-20 23:39:00,40.78387042583437,-74.08529710074762,40.735001398585354,-74.1575015967742,1,card,medium,8.155507653521106,21.583175191557707,29.82347014895405
2024-01-20 23:48:00,40.60433193002106,-73.93235734003584,40.58670023780706,-73.92166911764963,2,card,medium,2.1582785103844797,3.639037311373457,14.169760598705905
2024-01-20 23:56:00,40.89735204132728,-74.1443200464319,40.9065577655638,-74.15568513305256,1,cash,low,1.4000626467870676,1.0,4.7109016426335355
2024-01-21 00:05:00,40.89854822360771,-73.9742913337978,40.81037559241619,-74.05615802845978,1,card,medium,11.980560822965343,31.081206426914292,44.65714785947225
2024-01-21 00:14:00,40.76565838269435,-74.13044585966188,40.73055494421217,-74.17793797208573,5,card,high,5.589431114302355,22.95804340968005,27.63270796056674
2024-01-21 00:23:00,40.78965723667462,-73.9686081806,40.69980609465977,-74.00177914064645,4,card,medium,10.374434175067487,24.17728799908753,41.699762277362616
2024-01-21 00:31:00,40.67924409651859,-74.17242172018045,40.65147572808957,-74.10242946761242,1,cash,low,6.662189446142753,11.96145904669177,20.79532346764357
2024-01-21 00:40:00,40.60175066441881,-73.77997139605202,40.65562982746173,-73.75,1,cash,high,6.50312026894354,36.41238396573445,35.5294761377608
2024-01-21 00:49:00,40.83073655136522,-73.80767208703229,40.777361314187424,-73.82332016935796,3,card,high,6.079439776587258,34.7721640906379,33.87697605165143
2024-01-21 00:57:00,40.61460723617466,-74.08817169278109,40.64624942473842,-74.06698255493684,1,cash,medium,3.946755738302508,11.449808646208355,16.467971750280178
2024-01-21 01:06:00,40.60908959794625,-73.86390192664828,40.73728672867531,-73.95567762124199,4,card,medium,16.220567248967757,38.66820673794257,57.661514894078024
2024-01-21 01:15:00,40.685815857129434,-74.21129289332659,40.75122507303602,-74.23671366832825,1,cash,low,7.582142906145913,11.427609889836303,24.70812270979647
2024-01-21 01:23:00,40.58423832434488,-73.88241593656024,40.590246426462485,-73.86437114450486,2,mobile_wallet,medium,1.6637800810076624,6.54917220320225,9.055873203470846
2024-01-21 01:32:00,40.72757210935715,-74.11594584389752,40.76620165986799,-74.10850391010972,1,card,high,4.340918563089088,34.32175532044196,32.26571894607593
2024-01-21 01:41:00,40.82061150942722,-74.19082269797532,40.75897578331757,-74.21509372454098,1,card,low,7.151688485951136,14.791933522556604,24.308491632565822
2024-01-21 01:50:00,40.85245863668346,-73.91412247886916,40.781654977279985,-73.91584634481505,2,cash,medium,7.874344099907509,18.09903934024259,28.56566336317141
2024-01-21 01:58:00,40.78546448329163,-74.02039852291212,40.786755898200205,-74.00518364020007,1,card,high,1.2889893609967322,5.899542207923359,8.067519097170166
2024-01-21 02:07:00,40.86793722905873,-73.98962880311747,40.88587470441481,-73.99004985282505,1,cash,medium,1.99487038289275,8.360342902236283,12.741525604255402
2024-01-21 02:16:00,40.718210749280814,-73.99452981008966,40.76745894207203,-73.9557846320281,1,card,high,6.375174041837201,44.16178974859548,38.62389496588569
2024-01-21 02:24:00,40.86858250892056,-74.22968152912594,40.8429882125575,-74.215339934181,1,mobile_wallet,medium,3.091006583450476,8.059775416645639,10.526791938037185
2024-01-21 02:33:00,40.75220092556945,-74.23379607296273,40.76090372236572,-74.2107902517934,1,card,low,2.165956413649652,2.887071699764865,13.020581656151776
2024-01-21 02:42:00,40.655832283519416,-73.95340457298647,40.6629923035643,-73.87629460751612,1,cash,high,6.552927389581433,47.317933078405275,37.3241938673792
2024-01-21 02:50:00,40.90100951986456,-73.94182903239874,40.895096785113616,-73.90459124741531,1,card,low,3.19812878272541,3.3217044035359007,11.21330116748726
2024-01-21 02:59:00,40.67349009710462,-74.23594097617729,40.67022872767859,-74.15759784609014,1,cash,medium,6.617113928233812,16.074469712810302,26.712717449482298
2024-01-21 03:08:00,40.588908504623845,-74.06699594073721,40.58,-74.09723208721712,1,mobile_wallet,low,2.7387618513158545,6.370380772492287,10.667011288896319
2024-01-21 03:17:00,40.66250917460471,-73.94744584742418,40.67509600798203,-74.01910447170222,2,cash,medium,6.203641175971467,16.781031714183804,22.48687121888355
2024-01-21 03:25:00,40.704673770827526,-73.92509286556593,40.71345101993631,-73.93140550114792,1,cash,low,1.1116044977248132,1.106976131416332,6.306716941489136
2024-01-21 03:34:00,40.69945889231835,-73.83757936276896,40.679658362850326,-73.84773119904445,2,card,high,2.3622444625283117,16.39279200866388,17.105420096839463
2024-01-21 03:43:00,40.75838695321082,-74.04542653536559,40.78834679518188,-73.97975289850807,1,card,high,6.45612559692899,28.470515921150202,34.01083528630636
2024-01-21 03:51:00,40.880263139892214,-73.98038853161505,40.92,-74.0312405310846,1,card,low,6.147368842596175,8.680034830708438,21.349093282266264
2024-01-21 04:00:00,40.679394997217294,-73.9649342084395,40.70987693053619,-73.9684837616602,1,card,medium,3.4026212808244294,8.460032299604524,17.70841113942897
2024-01-21 04:09:00,40.757062006706114,-74.10085690551684,40.71015205730338,-74.08262383404491,1,card,medium,5.437680987354342,17.588227082642003,22.609032383280393
2024-01-21 04:17:00,40.69564724425408,-74.23254904475478,40.70013130376287,-74.22804443207548,1,cash,high,0.626753311839881,1.672254704216996,5.675200359230028
2024-01-21 04:26:00,40.85940284018689,-74.2578447776354,40.81838841985803,-74.26,2,cash,medium,4.56419799127109,9.161826272099473,17.236911370785002
2024-01-21 04:35:00,40.633584514518084,-73.83357603777955,40.637929478101576,-73.81744045738526,1,card,high,1.4447300664701466,9.477895260421045,12.910985781248964
2024-01-21 04:44:00,40.61519349122542,-74.15788177051358,40.58,-74.10932237712254,1,card,high,5.6677333178198674,49.72764455376828,36.906551789623734
2024-01-21 04:52:00,40.75101838610078,-73.93857012127884,40.80849073628175,-73.86946157507383,2,card,medium,8.64291546599873,17.699503009503015,28.91000310202641
2024-01-21 05:01:00,40.80844177916027,-73.9657057858916,40.84369169526616,-73.96422946155607,1,cash,medium,3.921579704816367,8.825376472406488,16.461180596871667
2024-01-21 05:10:00,40.85047856837086,-74.05618713086234,40.90236308711127,-74.0929001897741,2,cash,medium,6.543136507520841,18.06570246224963,25.45219822825242
2024-01-21 05:18:00,40.780472449987805,-73.83491841256267,40.8277999440466,-73.76586437832847,1,card,medium,7.840682082251372,19.887993218998506,29.633927299072177
2024-01-21 05:27:00,40.84310891884846,-73.90381518619638,40.83093193182764,-73.95230869129948,1,card,medium,4.29844491858753,11.002504482604023,18.023411144551467
2024-01-21 05:36:00,40.71352141991071,-74.24840185364603,40.69436898145198,-74.16782580570585,1,cash,low,7.118257951242905,12.895510495600604,21.74843665387181
2024-01-21 05:44:00,40.5911750078906,-73.86388602258809,40.669552580182106,-73.80339993116675,1,card,medium,10.099942751580148,33.635549024363925,38.723629463980814
2024-01-21 05:53:00,40.619473764686525,-74.0014306028191,40.612043380428766,-73.9344076572048,1,cash,high,5.717235087945214,87.7632487607503,51.108396612320895
2024-01-21 06:02:00,40.593165684417855,-74.08302016256775,40.58,-74.05217757404895,5,card,medium,2.987716952997953,8.4252635521559,17.279871812952653
2024-01-21 06:11:00,40.691840841162005,-73.88928882517905,40.737176844176965,-73.98435087698525,1,mobile_wallet,medium,9.46604307294941,26.567539412257783,30.85589104338163
2024-01-21 06:19:00,40.74846705603135,-73.9101065288804,40.75493696110322,-73.95686696627881,4,cash,medium,4.004036725625012,12.484882459886595,20.53454087848494
2024-01-21 06:28:00,40.701147944443356,-74.10159999868684,40.76891543002241,-74.08779002875565,1,card,low,7.624708140464279,13.342791346424185,24.62926629034381
2024-01-21 06:37:00,40.77060382152257,-73.75865017553608,40.78153745703171,-73.78905429047087,1,card,low,2.834165881204131,5.208582574215751,15.042497339367177
2024-01-21 06:45:00,40.743407110487546,-73.929158671777,40.74250704355694,-73.94334626630221,1,card,medium,1.1994352397203247,4.2939877723789825,9.334328424819748
2024-01-21 06:54:00,40.81050055263374,-73.95105234664851,40.8791759890286,-73.92347597851135,5,card,medium,7.980898794191362,19.30898014537561,29.181676204006045
2024-01-21 07:03:00,40.80676713561156,-74.22436101462431,40.73753615008489,-74.23200985745059,1,card,high,7.725033471509888,25.890945036014195,35.76085121874301
2024-01-21 07:11:00,40.68814181001695,-74.11754742202419,40.66180050630982,-74.17240334921878,2,card,low,5.475420411545264,7.422868869347634,18.933251230529127
2024-01-21 07:20:00,40.69771291482277,-74.03204325881352,40.65778158108929,-73.99218861672227,1,cash,medium,5.568721269582697,15.999364258217378,21.29688442304218
2024-01-21 07:29:00,40.77895025935804,-73.93838089080207,40.68017166932224,-73.91521026592015,3,card,high,11.15585828596459,52.19021868700911,56.18648054836961
2024-01-21 07:38:00,40.78278703908288,-73.99849054832751,40.82207997834363,-74.00969536576159,2,card,low,4.469806421320377,7.592194083199882,20.56126996297181
2024-01-21 07:46:00,40.686997970636625,-73.87085320392958,40.66191414200739,-73.83884622564487,1,cash,high,3.8814337658516833,31.308743714932177,25.624066155294617
2024-01-21 07:55:00,40.692308081163645,-74.12609046664137,40.73304964303774,-74.12181334880198,1,card,medium,4.544575569124753,12.048452990601916,19.413356223479482
2024-01-21 08:04:00,40.81597530448329,-73.90189993240594,40.83348419658885,-73.84198867874726,1,card,high,5.403981680188792,49.50654713302162,37.35674997006605
2024-01-21 08:12:00,40.800119679777865,-73.8435355060855,40.82744109077611,-73.83673115123541,4,cash,medium,3.091498675721572,7.101940069182813,12.76954025001512
2024-01-21 08:21:00,40.62591727359112,-73.8698245124527,40.605424296953295,-73.81024776745656,1,cash,high,5.5209147880030685,29.226941141069243,29.300952451090897
2024-01-21 08:30:00,40.729954239089636,-73.8668682418601,40.69556307261031,-73.95118261702198,1,card,medium,8.06999447274559,19.014509265953063,29.712020207315877
2024-01-21 08:38:00,40.883520066761605,-73.8068614007963,,,3,mobile_wallet,low,1.7943227495409666,2.6316654258524914,2.5
2024-01-21 08:47:00,40.59234392987552,-74.21706894333495,40.63370649812438,-74.23497272418558,1,card,high,4.841236259753902,22.922356678742144,27.839965977284933
2024-01-21 08:56:00,40.870755741804636,-73.9044322985992,40.86848855155787,-73.94308959307466,1,card,low,3.2602854411888353,4.085219008591073,12.907832789043367
2024-01-21 09:05:00,40.63548057340181,-73.7659741174306,40.603893438883354,-73.75,1,card,medium,3.762211782904039,7.325709202831211,16.882815875321928
2024-01-21 09:13:00,40.752464535036985,-73.96743816856399,40.69850872092406,-73.92742923412955,1,card,medium,6.882027025630954,14.904031030377654,28.41970782205965
2024-01-21 09:22:00,40.72427438583382,-74.14916868088797,40.7334617215234,-74.23946013189713,1,card,high,7.676610500411474,30.621961828826613,36.47468329488742
2024-01-21 09:31:00,40.583443974696095,-73.75063555905515,40.58,-73.75,1,card,high,0.3866955237619476,1.2821944392230236,7.978974606843007
2024-01-21 09:39:00,40.891234958610475,-74.17091458066105,40.888006632177934,-74.14417791857278,3,cash,high,2.275978135666156,9.172401226195346,14.470171216949733
2024-01-21 09:48:00,40.73467457729367,-74.08886557433883,40.72392953209248,-74.12140379213842,1,card,low,2.9908078158281852,4.154341662738645,17.21395332436135
2024-01-21 09:57:00,40.90445121409861,-74.17224828390725,40.8844518202378,-74.2098369615206,2,cash,high,3.863645798844105,20.581540873203824,22.059743882794727
2024-01-21 10:05:00,40.67749292633293,-74.02309843693747,40.69071408656711,-74.0946743220444,1,card,high,6.211807508627845,35.92034925343596,33.49565834989877
2024-01-21 10:14:00,40.874533762961434,-74.04637323509841,40.89948644674792,-74.06156217047408,6,cash,medium,3.054305401332295,7.627120287801251,13.515168299177175
2024-01-21 10:23:00,40.89361245515852,-74.00946714277961,40.92,-74.01745408200341,1,card,low,3.009954146636394,1.0,13.628123115527222
2024-01-21 10:32:00,40.769323021566066,-73.78672846597173,40.80343156872687,-73.7508636108556,1,card,medium,4.847884279702458,11.93686428991404,20.751430373279376
2024-01-21 10:40:00,40.648910447875025,-74.01605456322454,40.720626152701364,-74.00393244682202,4,cash,low,8.039662757464628,12.672402279167905,26.33014957077826
2024-01-21 10:49:00,40.81298412691594,-73.99754057363104,40.776147110202864,-74.04523643881974,1,card,medium,5.735749340362298,14.248963576941016,25.476471007014965
2024-01-21 10:58:00,40.766652542620015,-73.80779212598158,,,4,cash,low,8.061805720279974,12.189652223624934,22.024913793567507
2024-01-21 11:06:00,40.901140086389894,-73.84294342305243,40.90049072488249,-73.8543754669256,1,cash,medium,0.963527276459287,3.198814057794057,7.675049038473749
2024-01-21 11:15:00,40.72935250101557,-74.13774176407503,40.767963727002275,-74.17980894368993,1,cash,medium,5.566943440505548,13.956038989887217,23.354518705181988
2024-01-21 11:24:00,40.67129464019754,-74.25340776283329,40.70284691751471,-74.26,1,card,medium,3.55221050206306,9.276023038665512,15.159138496987882
2024-01-21 11:32:00,40.627017580507996,-73.93895520797696,40.681529751262694,-73.91083905790082,3,cash,high,6.509002348722269,42.907282735591885,37.69433868661455
2024-01-21 11:41:00,40.81753541335347,-73.82912658984287,40.70339087219914,-73.8090387181163,1,card,low,12.804561315722108,20.88495485880257,40.75295232566223
2024-01-21 11:50:00,40.9111972704534,-73.9780464425687,40.92,-73.95299183629605,2,mobile_wallet,medium,2.3216904161610525,7.529709289165478,7.172652532261804
2024-01-21 11:59:00,40.589636881994274,-74.15229977079345,40.60473270018361,-74.18507077030058,1,card,high,3.23623801575546,12.855813077186506,18.910583183207127
2024-01-21 12:07:00,40.83175142062456,-73.8819089037556,40.76227082009394,-73.87421030996101,1,card,medium,7.75302200002137,19.7649368124836,30.519501300215435
2024-01-21 12:16:00,40.895156323270285,-73.91853496586825,40.92,-73.98042635248628,2,mobile_wallet,medium,5.889292777415462,14.912934980670025,19.515338086377167
2024-01-21 12:25:00,40.605425721637296,-73.97183340592164,40.61305243759478,-74.01622963245498,4,card,high,3.842479953802335,15.374306182748295,21.33269372788692
2024-01-21 12:33:00,40.61745781533608,-73.8196985512493,40.63461313377209,-73.81818060226063,1,cash,medium,1.9118810968122522,4.967460319893381,9.00864770890003
2024-01-21 12:42:00,40.8152654134729,-73.86003640000109,40.86022532523709,-73.8482305136366,1,card,high,5.097014287895617,36.083920454182355,32.36381699221439
2024-01-21 12:51:00,40.80030754780457,-73.91934443337438,40.81966993938396,-73.99264123869165,1,cash,high,6.53367990685182,41.509330130306225,34.53543349356001
2024-01-21 12:59:00,40.60340132120752,-73.92097307879816,40.58,-73.96856259094177,1,card,low,4.78728057560192,9.774656460329245,20.549913810611265
2024-01-21 13:08:00,40.86370373573139,-73.92227665650788,40.85726755359116,-73.93871933413162,2,card,high,1.557008888084807,8.510993084581001,14.217668027545386
2024-01-21 13:17:00,40.75796410826727,-73.99216598009255,40.685170075578974,-73.94903263711159,1,card,medium,8.873066019344204,19.722179687553044,38.25452537629509
2024-01-21 13:26:00,40.88844710693445,-74.02339996123165,40.9176548915596,-74.05998958511063,1,card,high,4.472607996683031,26.46495156304468,26.77142331856707
2024-01-21 13:34:00,40.87851689953752,-73.89810376565565,40.92,-73.89177787792987,2,cash,medium,4.643250822519221,10.980727769030244,17.497482561853236
2024-01-21 13:43:00,40.856252641477056,-73.94864781445018,40.8003873031622,-73.93760514562165,2,cash,high,6.281040455783415,24.84695795701771,28.245210977235867
2024-01-21 13:52:00,40.7554056247231,-74.01010991322673,40.725189755499144,-74.02134604538429,1,cash,medium,3.4906631549218687,4.213901624172083,14.46343287051166
2024-01-21 14:00:00,40.66558161819481,-74.19540270950537,40.62587499874431,-74.1833418077882,3,cash,medium,4.530917812025448,15.894699481835099,19.284736130726735
2024-01-21 14:09:00,40.75203167132978,-73.90201631778689,40.731605934092556,-73.96253757399225,1,cash,high,5.581762571154449,20.493735991103875,24.759531544324634
2024-01-21 14:18:00,40.6142758684526,-73.93054072900524,40.63283491057155,-73.96005115294054,1,card,high,3.2344762898652197,19.152512481949675,20.457301661962905
2024-01-21 14:26:00,40.804007690480965,-74.08545330275352,40.784069579986415,-74.02090710916742,3,card,low,5.868489424523219,6.488218357728893,18.640868719488292
2024-01-21 14:35:00,40.62555225453786,-74.07827518523031,40.654916112309316,-74.01056076464042,1,cash,low,6.580648332276368,10.932928141190178,20.590959861654046
2024-01-21 14:44:00,40.75379880725025,-74.13417158409102,40.80174089690367,-74.09624015055356,6,cash,high,6.214477933543825,30.935254704980178,30.660722826019448
2024-01-21 14:53:00,40.598489871216714,-73.76942321925384,40.64806903797653,-73.75,1,card,medium,5.751509395942642,14.16893550958903,22.423815760791175
2024-01-21 15:01:00,40.68183424669338,-73.82129730493695,40.63151609740174,-73.90346329345874,3,card,low,8.907652116805018,13.86947449794724,28.862838141966925
2024-01-21 15:10:00,40.65890735662773,-73.97386499499977,40.721274159129,-74.01655630983798,1,card,medium,7.813349692559101,22.593442553392823,32.492846336270105
2024-01-21 15:19:00,40.79081072452197,-74.05515689525517,40.8567839773414,-74.06915646589069,1,cash,high,7.429867238407433,112.59428043722411,62.031402961076935
2024-01-21 15:27:00,40.84750748208766,-73.88421911551482,40.91737807899333,-73.7755152288262,3,card,high,11.994854948210248,36.063054282459824,49.42201278840281
2024-01-21 15:36:00,40.59948300454378,-73.99085863017575,40.592381337656484,-74.00494740902855,2,cash,medium,1.42779570333857,4.144048722293975,8.255569749758875
2024-01-21 15:45:00,40.86909645295283,-73.76231597270329,40.835263541653866,-73.75,3,cash,high,3.9020547418116007,37.7045747895126,25.32013932841979
2024-01-21 15:53:00,40.87266101628457,-74.2318874668997,40.828370162667966,-74.21486072562824,1,mobile_wallet,medium,5.1289161183413166,13.308534349908134,19.005397279172335
2024-01-21 16:02:00,40.69637148525793,-74.24251427563273,40.64679139036206,-74.22648871989982,1,card,medium,5.676305135683495,16.61116154816528,23.196832844424076
2024-01-21 16:11:00,40.80406138242991,-73.97000838083358,40.80458745072983,-73.97106725889275,1,cash,high,0.10660638201861662,3.26809837738871,4.0976139767474615
2024-01-21 16:20:00,40.71688843077917,-74.15632759642867,40.75504176432124,-74.21032907378884,1,cash,low,6.2209370455042965,14.55012603883365,22.53628350088758
2024-01-21 16:28:00,40.632424899944475,-73.9518048765894,40.69122002978891,-74.07335725269625,1,card,medium,12.159854250629078,31.46453327071496,44.01006820539169
2024-01-21 16:37:00,40.75974522231146,-73.86147425544094,40.737895152075154,-73.80379134374932,2,card,low,5.432707848818633,10.82149663921728,19.100149821116442
2024-01-21 16:46:00,40.60936228933054,-74.18956402179572,40.60762131731193,-74.2173064221773,1,card,low,2.3499008561697856,2.621614571212938,10.850260661575591
2024-01-21 16:54:00,40.878680532834636,-74.03528980566334,40.87399209293157,-74.11930989943704,1,card,medium,7.083379086054879,17.956526986782706,29.301214937162637
2024-01-21 17:03:00,40.894258518199265,-73.90877978744084,40.86567090695534,-73.88907154149571,2,card,high,3.584709577734119,18.802712013620624,23.451150986582046
2024-01-21 17:12:00,40.85934846658388,-73.83472957895678,40.89245719542311,-73.81588405554868,5,card,medium,4.008018340111557,11.87933949494927,20.89636085411468
2024-01-21 17:20:00,40.771259561057036,-74.00686451408146,40.78758773215508,-73.9723093600648,1,cash,medium,3.4295632753119865,8.864142926820174,18.811875109226335
2024-01-21 17:29:00,40.76958352098266,-74.15486167067793,40.77596556386304,-74.10465446409701,2,card,low,4.287018669588296,6.9186394097155635,14.545663396936376
2024-01-21 17:38:00,40.914766508044316,-73.96124237965132,40.92,-74.00259676626891,3,card,high,3.523194075527645,27.06812945020044,22.37601417290461
2024-01-21 17:47:00,40.6642865745426,-74.02819629495025,40.69198188070069,-74.06757047175033,1,cash,medium,4.528640551917581,12.625845548680843,20.318954771474917
2024-01-21 17:55:00,40.60582244440777,-73.86631803222771,40.63306711026864,-73.8806596793056,2,cash,high,3.2623490993067508,11.657709934056845,18.095227062269657
2024-01-21 18:04:00,40.7710599140244,-73.9766562072565,40.733327865998916,-73.93968239897401,4,mobile_wallet,medium,5.225237813479061,13.14069775371758,21.183097231338163
2024-01-21 18:13:00,40.691787103255436,-74.11749434906508,40.73212188794887,-74.21211310378663,2,cash,medium,9.149642791955317,33.51392128776215,38.5065865392568
2024-01-21 18:21:00,40.689595182754736,-73.8752596109422,40.701086658050365,-73.86949032581809,1,cash,low,1.367234757069661,2.3972503980378566,6.703331113571529
2024-01-21 18:30:00,40.58240902041778,-73.9959490233894,40.58,-73.95400354128778,1,card,low,3.552445369263544,6.676836683307123,16.910109531847198
2024-01-21 18:39:00,40.7827213992463,-74.16945125833806,40.79326173536138,-74.12936271822224,2,card,medium,3.5727359935501406,9.335773698018551,15.283082525811215
2024-01-21 18:47:00,40.66977145877371,-73.97283311519759,40.68527294522634,-73.94094784387991,1,card,high,3.1939080706197167,15.514282570857521,16.357736385519623
2024-01-21 18:56:00,40.64387190638551,-73.77635676947861,40.6925521714079,-73.75,1,mobile_wallet,low,5.8516728920365955,6.663702433239388,16.41295763533175
2024-01-21 19:05:00,40.59374685667362,-73.90018670692176,40.58,-74.02380992871497,1,card,medium,10.550519727744376,27.286684295489373,39.42726204211524
2024-01-21 19:14:00,40.703882936001705,-74.10761028565643,40.763507231916144,-74.03500419462569,2,card,medium,9.021164838160704,20.937387781220128,32.33364050805227
2024-01-21 19:22:00,40.878849416611395,-73.89745468060065,40.87989190264534,-73.88258645768984,1,card,medium,1.255383553572166,1.4060016976317027,9.72597966257923
2024-01-21 19:31:00,40.694468074583106,-74.11587078138889,40.67169117829942,-74.05581147416338,4,cash,high,5.662318445638909,47.71248422801079,32.91894148733497
2024-01-21 19:40:00,40.810885231440665,-73.98322869285396,40.786731116947095,-74.03608724431506,1,card,medium,5.197184463851725,12.226583092207559,22.064238578945425
2024-01-21 19:48:00,40.83722596755665,-73.99143616046835,40.792164418431234,-74.07035836847484,2,cash,high,8.319784043524704,59.20270529819208,46.51506012120728
2024-01-21 19:57:00,40.691554275124666,-74.13383065175499,40.61321310535561,-74.05344365592974,1,mobile_wallet,high,11.039609330689599,86.59633244173637,63.789500311025435
2024-01-21 20:06:00,40.85935784990409,-74.08258058806129,40.88984084452026,-74.12427407061917,2,card,high,4.876272294607311,35.63581962806787,31.13203073571649
2024-01-21 20:14:00,40.815239084286766,-73.77948745805912,40.90437897230576,-73.7934756587676,3,cash,medium,9.981467800471718,25.23336578080278,38.08816428337613
2024-01-21 20:23:00,40.770142357758324,-74.13219474642813,40.69734966706071,-74.10845928760732,1,card,high,8.337584812885828,24.132283126268007,34.898726992186965
2024-01-21 20:32:00,40.58033743777721,-73.85147620774819,40.58,-73.8166963080352,1,card,high,2.937477232278744,19.92405920890211,19.25008424470331
2024-01-21 20:41:00,40.591930860413754,-73.9196410041938,40.625752103925294,-73.87111227092491,3,card,low,5.561058177646782,6.382429096196935,18.517079176353803
2024-01-21 20:49:00,40.91689438699606,-73.98835914241187,40.91484072610585,-73.97830676487928,2,cash,medium,0.8749939861191142,1.6519235296085288,6.725817002747369
2024-01-21 20:58:00,40.84597653399121,-74.18986741657277,40.88352539989359,-74.23731133161043,1,card,high,5.774940094352523,36.61782138881418,33.51898476475641
2024-01-21 21:07:00,40.8987721879828,-74.15566891611975,40.8941947644411,-74.12387044765705,1,cash,medium,2.720743805353965,8.200138083984417,15.660294737567341
2024-01-21 21:15:00,40.88678308967213,-74.1687214119689,40.860654852205144,-74.1362063894309,3,cash,medium,3.989362816788462,8.905635655154683,16.475055177948548
2024-01-21 21:24:00,40.58695061426853,-73.96073492792338,40.58,-74.04241149802677,2,card,medium,6.94058751351653,16.827839283599594,25.98023144344278
2024-01-21 21:33:00,40.84922807852897,-73.76357456967358,40.74203405452745,-73.75,1,card,high,11.974080976329425,41.47778661656397,53.593209588494176
2024-01-21 21:41:00,40.73338955296379,-73.81260797598475,40.68193275740961,-73.92452637854996,1,card,low,11.033275470468306,18.956312376747338,36.25196016682953
2024-01-21 21:50:00,40.848449789360224,-74.24712153970592,40.89112236120007,-74.2005728360592,1,card,medium,6.1509921953357445,16.720479877589323,27.19333194580938
2024-01-21 21:59:00,40.58228336661555,-74.12039942152421,40.6359188596036,-74.14893437008682,2,mobile_wallet,medium,6.432070186261824,15.280548410572523,19.82488691321632
2024-01-21 22:08:00,40.67798776240819,-74.17979869594213,40.74126523488735,-74.14805076928437,2,card,low,7.527820115177481,12.900100494703395,24.90047791021605
2024-01-21 22:16:00,40.83545008376905,-73.76240430063207,40.85528920435921,-73.75,1,cash,low,2.4403224494519287,1.250444592140831,10.570259388942485
2024-01-21 22:25:00,40.84962706812454,-74.13983878035512,40.748103968781656,-74.14150929505588,1,mobile_wallet,medium,11.289729322636264,25.291674550837836,38.894402364146735
2024-01-21 22:34:00,40.79070296441297,-74.15733027563022,40.762127670599554,-74.1370313768581,1,card,high,3.607987070202999,19.48077902097094,20.91215851625463
2024-01-21 22:42:00,40.68242710441173,-73.94335360027306,40.74203660985642,-73.94724378976669,1,card,high,6.6363794954054445,24.67187831626235,32.54989234115772
2024-01-21 22:51:00,40.685523281037874,-73.97634484237686,40.758560721778636,-73.9442170551812,4,cash,high,8.560815717850174,42.73899994703657,42.12030658770801
2024-01-21 23:00:00,40.908699747638295,-74.14481574327158,40.92,-74.04647851397638,2,cash,high,8.358152934798927,30.64646836095462,37.19653467972156
2024-01-21 23:08:00,40.72933214093963,-73.91811391908601,40.71870078002499,-73.97846967366458,1,card,low,5.221770310318869,8.73803192710569,20.68102400858553
2024-01-21 23:17:00,40.7320226870829,-74.21052632223972,40.673226773087045,-74.26,1,cash,medium,7.754740321632329,18.852800180243502,28.871779231916836
2024-01-21 23:26:00,40.76779313508184,-74.25012177632425,40.765964713533705,-74.26,1,mobile_wallet,low,0.8563880310546707,1.0,2.5
2024-01-21 23:35:00,40.71923079453389,-74.21796845673977,40.71989711035425,-74.2397496222359,2,cash,medium,1.8371225788007535,4.510713775757589,9.236810021272447
2024-01-21 23:43:00,40.76790833196312,-74.07391720475236,40.838358748867236,-74.09090777264527,1,cash,high,7.963195643681936,61.07185836415817,46.339416994866205
2024-01-21 23:52:00,40.72699404374097,-73.76274167278385,40.737244652246474,-73.80443142571059,1,cash,low,3.693074824921554,4.108609457931292,11.463226193897231
2024-01-22 00:01:00,40.86108307266475,-73.98090403060722,40.86183372571438,-73.94164449299315,4,cash,medium,3.3026259933409494,6.680379876514076,12.860689679064967
2024-01-22 00:09:00,40.88907734673142,-73.87508968746211,40.89238462839788,-73.93724951297678,1,card,medium,5.238008845474051,12.13852469350722,21.58302842133197
2024-01-22 00:18:00,40.89691748833722,-74.09603716636191,40.91491113567655,-74.07575228660444,2,mobile_wallet,low,2.6285588972668625,4.634226985095309,9.146243579793834
2024-01-22 00:27:00,40.77186070998199,-73.89313707660351,40.800050513854764,-73.86440612379994,1,card,high,3.9593707648751417,30.352537124933203,24.627282722277382
2024-01-22 00:35:00,40.73033050953793,-73.7672475889576,40.69772632500712,-73.75300662314078,1,cash,medium,3.818942056249815,10.072792333432082,15.098608975097278
2024-01-22 00:44:00,40.81978161998923,-74.07754194595616,40.77218870223108,-74.05562049854399,3,card,medium,5.60459284150253,16.48976116852116,23.430721545326495
2024-01-22 00:53:00,40.86503002104061,-73.75047968828514,40.92,-73.75,2,cash,high,6.112515767219744,31.33483088237118,29.9719948816059
2024-01-22 01:02:00,40.77141396230257,-73.93441092497385,40.697567104052965,-73.93200048727229,9,cash,low,8.213907239181708,15.022762814602508,25.838779573509125
2024-01-22 01:10:00,40.81799354741957,-73.87821837964299,40.891692183083784,-73.89381072726064,1,cash,medium,8.299177836452914,16.229812232502233,30.438378787131747
2024-01-22 01:19:00,40.83490797924522,-74.13139470818744,40.74892743786881,-74.10950803844932,1,card,high,9.736525276705601,79.27801891465762,61.64939778209948
2024-01-22 01:28:00,40.80997388408388,-73.93202370771961,40.78366953310648,-73.90500722702707,1,cash,medium,3.705004792228955,10.764202235608856,15.202905256704522
2024-01-22 01:36:00,40.833685408947964,-73.99938681175418,40.87741883762422,-73.95935116579933,1,card,medium,5.914876427995093,12.32922840790583,22.284459585621544
2024-01-22 01:45:00,40.65093941306904,-73.77223465080651,40.650954798077564,-73.84929232500158,1,card,medium,6.500796499502773,18.669452187398374,26.86755028100201
2024-01-22 01:54:00,40.74944734598741,-73.79861572562734,40.69020588981813,-73.80687464405815,1,card,low,6.624018629073082,12.385706360798482,23.68825255483707
2024-01-22 02:02:00,40.78001130856573,-74.05769697454821,40.7992005755014,-74.10563854748229,1,mobile_wallet,low,4.565382277220926,7.601265076589263,13.629725545171967
2024-01-22 02:11:00,40.580842496491385,-73.7770964267155,40.58385769187241,-73.75185300951796,1,mobile_wallet,high,2.1579953964870855,7.21376003044578,9.292621136235697
2024-01-22 02:20:00,40.871027252996655,-73.8087455980975,40.86130508001676,-73.77604368538731,1,card,low,2.9547694244148293,4.574809893446286,13.411175175708355
2024-01-22 02:29:00,40.78740833287127,-73.95890423631174,40.75933182978604,-73.9712528069638,1,cash,high,3.2905838983195523,18.347139883354817,21.8141705871303
2024-01-22 02:37:00,40.62390635277739,-74.21811986651734,40.622349082798515,-74.25093692570547,3,card,low,2.7750985928345675,5.31107632062787,12.09565183634342
2024-01-22 02:46:00,40.857561404675785,-74.17799697726365,40.831374932137926,-74.15113361819198,4,card,high,3.685750206042762,13.597933219440067,20.617380249136357
2024-01-22 02:55:00,40.82379936858979,-74.22079413521637,40.92,-74.22679003948105,1,cash,high,10.708895937802932,49.21531592126046,52.59903614581096
2024-01-22 03:03:00,40.837821844777636,-74.20492351152899,40.82702107294588,-74.14073251173345,1,cash,low,5.5325017525537215,9.110841827235955,18.058201207976534
2024-01-22 03:12:00,40.71329443703303,-73.76175428905952,40.696475374111166,-73.75,2,cash,medium,2.116448823226686,5.5429757455509625,11.807407070833378
2024-01-22 03:21:00,40.8704288522763,-74.15179467739976,40.846055225729344,-74.10676268021119,1,card,high,4.6570552574073965,20.26244250367092,22.133337521117046
2024-01-22 03:29:00,40.720769377925,-73.90766416300626,40.80073216585272,-73.89719457973409,2,card,medium,8.935073862687013,26.497842750797666,35.914807170445684
2024-01-22 03:38:00,40.7739731120015,-73.93537058858179,40.7002151024962,-73.85321971870357,1,card,high,10.731833397397823,43.46143368158443,51.68882723260131
2024-01-22 03:47:00,40.58021838325796,-73.93811611892497,40.59639284224343,-73.92728370584888,0,cash,low,2.0177609968134633,2.7772205283797087,9.492222577181426
2024-01-22 03:56:00,40.799256858990475,-74.15458096020603,40.788488810256034,-74.17614468527474,1,card,high,2.1745960123046193,11.036070461722018,15.799045660747632
2024-01-22 04:04:00,40.8241797693235,-73.96453323686386,40.76012676461461,-73.99492355650348,2,card,medium,7.567921463333319,19.103808022669934,32.26111968312382
2024-01-22 04:13:00,40.77281718426619,-73.94097544171167,40.73595874951235,-73.97263301202197,1,card,medium,4.88958943776518,13.928371809409908,22.392310040730088
2024-01-22 04:22:00,40.74882999779483,-73.96909328851099,40.76309292752059,-73.96937992714106,1,card,medium,1.5861491851982157,5.310088493810543,14.65989613334163
2024-01-22 04:30:00,40.855378401061984,-74.1650571416894,40.81648070617746,-74.1442182349621,1,card,medium,4.667022403215412,9.475655131424757,17.989246428385822
2024-01-22 04:39:00,40.81166672383618,-73.8912390954919,40.823347100606085,-73.95492115776877,1,cash,medium,5.514103183705509,13.788998947744494,17.854004785679088
2024-01-22 04:48:00,40.674545173504804,-74.22264598742258,40.75235706879569,-74.24284765416313,6,card,low,8.818229583202713,9.220056598452285,28.031223575611595
2024-01-22 04:56:00,40.906084934947195,-73.958487993972,40.913761965421976,-73.94890969834437,1,card,high,1.1732808911498147,4.5006587490826835,9.836126388901148
2024-01-22 05:05:00,40.82047084602642,-74.03750774047533,40.755062784492814,-74.0085445583631,1,mobile_wallet,medium,7.6709160324772965,22.37313454943228,27.805562949186793
2024-01-22 05:14:00,40.915899235830224,-74.13235383750214,40.87779340404711,-74.13352036134573,1,card,medium,4.238309421001666,14.100223059208151,19.832548779804664
2024-01-22 05:23:00,40.910228847531414,-73.84823161559667,40.89738558928788,-73.8372287495744,1,card,high,1.7013419602727837,5.460249064633846,12.140584362992731
2024-01-22 05:31:00,40.892429305755435,-74.17029479099719,40.87657872540068,-74.22602829931176,3,cash,high,5.005875257026709,29.42252886651236,27.232710946736066
2024-01-22 05:40:00,40.836826324016606,-73.78417930245205,40.84366694704682,-73.82520970564754,2,card,high,3.53441791775199,16.070303942269305,18.232474348079293
2024-01-22 05:49:00,40.78720598528897,-73.80887183555619,40.801265917682485,-73.81161061823397,1,mobile_wallet,low,1.5803016948041988,3.511891207814931,2.7289918615583333
2024-01-22 05:57:00,40.638538025652196,-74.07610035094734,40.716411783632545,-74.0531255507638,1,card,high,8.873266939565834,44.18128457876425,43.734215037488056
2024-01-22 06:06:00,40.764739481924074,-74.10437200526212,40.76457209699512,-74.09396335711394,1,cash,low,0.876801569767941,2.210753366556184,4.272803085973547
2024-01-22 06:15:00,40.84022801761407,-74.18988179145636,40.78837926750466,-74.22807888885166,1,card,medium,6.600906205534961,13.272690314031998,25.281615386096675
2024-01-22 06:23:00,40.75709143395989,-73.79267281387368,40.809012709821076,-73.80331810358335,1,card,high,5.842539900999058,27.25162887762098,28.049139000901285
2024-01-22 06:32:00,40.875201303657924,-73.93995875200014,40.92,-73.87192602657068,1,card,low,7.583637388058936,11.737140512741513,24.88411158111242
2024-01-22 06:41:00,40.61728300572518,-74.24379037310688,40.62774294495544,-74.21929875264003,1,card,low,2.3718182809415307,6.72056496312327,15.93171001193102
2024-01-22 06:50:00,40.70951971833654,-73.99939029857359,40.698431970552136,-74.00670428552462,1,card,medium,1.3784643373025447,1.6264873841517722,11.612168671976876
2024-01-22 06:58:00,40.75202790232184,-74.21624253660701,40.78004249043655,-74.26,1,card,medium,4.825336282988343,10.772347479806498,20.04572689520868
2024-01-22 07:07:00,40.7269906005955,-73.96738715067406,40.71749200897992,-73.99948885094535,2,card,medium,2.9041611009336012,6.830464877216671,18.426639019880994
2024-01-22 07:16:00,40.61691942625933,-74.0004295236564,40.58,-74.00013295735586,1,card,high,4.10532925248781,16.280038174669205,21.797556395402925
2024-01-22 07:24:00,40.632199619975175,-74.21774851679362,40.65755596270893,-74.20533089735662,2,card,high,3.0078553996776347,16.762193682575656,17.777330595976956
2024-01-22 07:33:00,40.864789879570864,-73.84391109751044,40.90494119603472,-73.81846074248087,1,card,high,4.950796781417557,48.11032743157218,34.84095183688224
2024-01-22 07:42:00,40.74469064812849,-74.1262182396452,40.80953957349556,-74.1087588883477,1,card,low,7.359208498863009,11.974388862726729,24.358444935653196
2024-01-22 07:50:00,40.59656562509593,-73.98384297427499,40.58,-74.00050361057708,1,cash,medium,2.3178130681264784,4.935447615035468,9.531127913535833
2024-01-22 07:59:00,40.5856070280524,-73.93409017291843,40.59578446726616,-73.9570898933911,1,mobile_wallet,high,2.2477401749712427,17.054454172582446,15.259298126411018
2024-01-22 08:08:00,40.74098163667807,-73.76922468787666,40.75213261678146,-73.75,1,card,low,2.0396767878284807,3.095055028549945,9.763302230988307
2024-01-22 08:17:00,40.63588876681431,-74.00815603663128,40.639730982000984,-74.03319706611803,1,mobile_wallet,medium,2.155706169580483,8.554223285210398,11.61152000508966
2024-01-22 08:25:00,40.819742821639736,-73.79216895613315,40.824911343362615,-73.85029562242156,1,cash,low,4.924757503642824,5.861848686197734,14.807910748849407
2024-01-22 08:34:00,40.85040997725944,-74.07902275591267,40.852081097951405,-74.15276504242503,1,mobile_wallet,low,6.205172061473181,8.940338189150436,14.999024561207552
2024-01-22 08:43:00,40.65762088087541,-73.8227070271585,40.66714960394664,-73.83860052707934,1,card,low,1.7087471262212683,3.6568027118914275,12.945503079534491
2024-01-22 08:51:00,40.781340161259806,-74.13972862425479,40.8146708077896,-74.09742935232478,1,card,medium,5.139438237449752,12.794389932271942,19.409309348620166
2024-01-22 09:00:00,40.63251117878503,-73.89918532115794,40.68742411739132,-73.9251029671783,1,cash,medium,6.485610494920073,19.40337763826163,22.529305863437116
2024-01-22 09:09:00,40.68321810154209,-74.21480788318496,40.64918314261087,-74.14831972879752,1,card,low,6.765384087952933,8.614234911814458,20.55042895523601
2024-01-22 09:17:00,40.88219046802169,-73.75711431809134,40.87443690705622,-73.75744198762257,5,cash,medium,0.8625966653747618,3.107012473917306,6.146115859094869
2024-01-22 09:26:00,40.76499335110399,-73.7734924360702,40.745975985709045,-73.75,3,cash,low,2.8960735297246396,4.135353810387463,10.473107875429019
2024-01-22 09:35:00,40.881202156349026,-74.03447104435614,40.85574690027502,-74.06856849531988,5,card,low,4.028931465236904,7.476287825513566,15.095592485953874
2024-01-22 09:44:00,40.65658425342103,-73.99279303882497,40.58386283973226,-74.02619279158137,4,card,high,8.563538149912885,56.69106526346846,45.615235837341466
2024-01-22 09:52:00,40.69220827670455,-73.95513482021781,40.69329828721793,-73.95103776356795,1,card,medium,0.36606949447111103,1.0,7.040218922406403
2024-01-22 10:01:00,40.740123727075314,-74.11973084455828,40.76169314370485,-74.09801588457276,1,cash,high,3.016337490839086,20.82377407876928,19.04811169669411
2024-01-22 10:10:00,40.743227225566145,-73.91601956804537,40.7362477367307,-73.92407264396084,1,cash,medium,1.0308413725387482,1.9389325595920075,4.6948138261509
2024-01-22 10:18:00,40.91920030884246,-73.9037334072317,40.918797203504596,-73.89057246195107,1,cash,low,1.1067291803672803,1.0,2.817784284975889
2024-01-22 10:27:00,40.61891140845018,-73.99221098891411,40.63774107020609,-73.96572912100885,2,card,high,3.062409672957945,23.745561924227616,19.85009727528638
2024-01-22 10:36:00,40.86966811210454,-74.18465224683254,40.92,-74.24857500242234,3,mobile_wallet,low,7.758284233471013,9.488704035054962,21.575350019635447
2024-01-22 10:44:00,40.873651893403434,-73.79121516861528,40.854762489574895,-73.8065573538288,1,card,medium,2.46500020246749,6.2158581924391445,15.546307259244154
2024-01-22 10:53:00,40.768087534722845,-74.20132700800374,40.71536498957782,-74.22466772181143,3,card,medium,6.183479208985227,13.953576567551442,24.19811183938532
2024-01-22 11:02:00,40.69697263720811,-73.93912219395764,40.6929028305934,-73.96027769105058,2,card,medium,1.8400748001452363,6.299712178040896,11.372710412630294
2024-01-22 11:11:00,40.75653687545802,-74.20742481572903,40.84129713230966,-74.1891153179457,1,card,high,9.550092276027492,75.02942503901512,56.90680765877188
2024-01-22 11:19:00,40.67943901963423,-74.1854886383422,40.62719849450495,-74.2082041629434,1,card,high,6.116797743359662,31.207917695737915,32.93465564299984
2024-01-22 11:28:00,40.85169653246958,-74.2495254598453,40.880952638770694,-74.26,4,card,low,3.3702628397886616,5.067494028315799,14.759353571952074
2024-01-22 11:37:00,40.74941491396151,-74.07468431723305,40.80152100927934,-74.0853276565656,1,card,low,5.86283901315345,9.444142952811683,20.589577776721573
2024-01-22 11:45:00,40.894786340818335,-73.93381289214476,40.78833730094559,-73.98171116355138,1,card,medium,12.503595132016144,27.712559607298168,44.81007049402782
2024-01-22 11:54:00,40.791715057081056,-73.99401244793624,40.81017507064344,-73.97167750878303,1,card,low,2.783485605975263,3.290794103434928,14.3169266160127
2024-01-22 12:03:00,40.754868573258996,-73.91598503286328,40.782022051927285,-73.87972866822986,2,mobile_wallet,medium,4.294059970881785,13.237295105699697,17.089142944508094
2024-01-22 12:11:00,40.8217635803524,-73.91574038095581,40.80973349629031,-74.01360767965686,2,card,medium,8.34385426255165,20.50529529321174,31.885539133307795
2024-01-22 12:20:00,40.75133720790628,-74.18851139056294,40.722247472657244,-74.22335183371474,1,card,high,4.368032411629887,22.747373350875165,24.6385646324348
2024-01-22 12:29:00,40.887532159142616,-74.23075792425493,40.86095235327904,-74.21485613820107,6,card,high,3.2438917131153255,22.31616083142599,20.084821685844215
2024-01-22 12:38:00,40.64271162670153,-73.94106734837833,40.627926044387124,-74.0044667294624,1,cash,low,5.596725917651301,9.807225297374037,18.917423875497803
2024-01-22 12:46:00,40.91093855247361,-73.92685560446263,40.89734423104766,-73.89163586498952,4,card,low,3.3235797934926143,5.914835096199358,12.417267559239573
2024-01-22 12:55:00,40.856144787629404,-73.97608109507773,40.83405982070535,-73.92886185100893,1,card,high,4.669783408849482,34.86557730028425,31.61918816760538
2024-01-22 13:04:00,40.872649343034055,-74.13466114217472,40.85714795666335,-74.14195184569992,2,cash,low,1.8294625938223692,1.33710257962976,9.514016728241291
2024-01-22 13:12:00,40.74418866300616,-73.84650973933906,40.797774295079265,-73.88133576131739,3,card,low,6.641085565951063,10.15028069969543,25.258930305074607
2024-01-22 13:21:00,40.864648526774786,-74.22140013209692,40.80999923172361,-74.26,2,card,low,6.889948519183062,11.020872044191579,22.92017801059383
2024-01-22 13:30:00,40.68430318841625,-73.9375209874461,40.60559555936903,-73.90088984918185,1,mobile_wallet,medium,9.28155413678003,21.179846576901966,33.29378949742974
2024-01-22 13:38:00,40.83906238071182,-74.19859011670152,40.89336771053737,-74.1084759526611,3,card,low,9.689412071116177,16.328506250991104,32.34301173272506
2024-01-22 13:47:00,40.62775305385227,-73.92623166461905,40.61911225468194,-73.84542736069398,1,card,medium,6.887033286205337,21.914759391926058,28.907049772329163
2024-01-22 13:56:00,40.684397651427254,-74.04695984821002,40.66692719826554,-74.0557336564971,1,card,low,2.0787638343679817,3.3319947755706427,12.95594791659859
2024-01-22 14:05:00,40.73154910554231,-73.8937674417268,40.726544334974335,-73.9429378535241,1,cash,high,4.180498013261705,21.756579132059915,20.705005985342257
2024-01-22 14:13:00,40.68958870416876,-74.23338197673677,40.69900615570382,-74.195688886552,1,card,low,3.345914852581665,5.604063271515906,13.703927144767698
2024-01-22 14:22:00,40.71158581931222,-73.97690767587501,40.688003514091896,-73.98261677080185,1,card,high,2.6660339105063833,16.70078326558297,22.04070531054447
2024-01-22 14:31:00,40.85883561322646,-74.18611227157116,40.88160251397059,-74.16459634400721,1,card,medium,3.111573899325478,8.959194684913667,15.592584590066055
2024-01-22 14:39:00,40.66726980332834,-73.91198536787866,40.62396798750694,-73.8983615412303,1,card,medium,4.9502393451106315,13.880524723554327,20.761135251673924
2024-01-22 14:48:00,40.833395598532555,-74.19882262803105,40.81981342052934,-74.19463747214296,1,card,high,1.5507791524086647,10.040228673979984,12.38048075199963
2024-01-22 14:57:00,40.60506210349796,-74.22247250529452,40.58,-74.1761893841378,2,card,medium,4.799843494237937,9.260463484014732,18.851755927496264
2024-01-22 15:05:00,40.84035129655512,-73.89630737292636,40.89310196762399,-73.84835230981999,1,card,low,7.118038607603025,7.323532765895582,641.8612465094807
2024-01-22 15:14:00,40.849287902562125,-74.22759871337018,40.841363956216945,-74.25111965918221,1,card,medium,2.165826197932257,2.8082851537278186,12.00200362174263
2024-01-22 15:23:00,40.71657758367084,-74.14548928285492,40.74673226779901,-74.18702934406731,1,mobile_wallet,low,4.8470885898522145,7.065987869727808,14.924604436271276
2024-01-22 15:32:00,40.82564245987694,-73.8393850494659,40.84708831616892,-73.95184526224566,1,cash,low,9.75694094448699,16.27480005363934,27.618054205671722
2024-01-22 15:40:00,40.891147057273336,-73.8470589630178,40.91588867739004,-73.86263622422229,1,card,high,3.0467472340184765,18.00709900012756,20.134852649017848
2024-01-22 15:49:00,40.85224241100854,-73.8243958635318,40.8518925122227,-73.87359549566482,1,card,high,4.138262944570356,15.178663319418703,20.548942249420467
2024-01-22 15:58:00,40.712751813534965,-74.09368905630976,40.730222046208226,-74.07482519495488,3,cash,medium,2.5101634011635676,4.8709337176514955,11.96178859793933
2024-01-22 16:06:00,40.74463259485522,-73.9906955053374,40.70137479628768,-74.00580951740544,4,cash,medium,4.975823925843502,13.463282425272473,21.029578508693298
2024-01-22 16:15:00,40.84498156522717,-73.86559285017087,40.79227853019683,-73.87582713943425,1,card,medium,5.923253599649461,13.415524899125977,23.745882203212428
2024-01-22 16:24:00,40.6794821605487,-74.19013738734435,40.67493239354096,-74.15359891303551,1,card,low,3.1225286634949536,4.468131369313402,12.197734416619033
2024-01-22 16:32:00,40.85332013170502,-73.89056065159998,40.82273019458721,-73.87268419099847,1,card,low,3.7190672935513303,6.279630592368278,14.436803122518038
2024-01-22 16:41:00,40.69154418847072,-74.21028196180873,40.755690076266944,-74.21553301450588,1,card,medium,7.146410706388067,15.763368712701014,28.41397348093772
2024-01-22 16:50:00,40.85403679801109,-73.7942421896003,40.87091829732991,-73.75,1,card,medium,4.16725618538263,8.13677772338024,18.280538254873655
2024-01-22 16:59:00,40.60951215073924,-73.93497180691907,40.58,-73.90175510568407,1,card,low,4.316798158298955,7.70428351197844,18.613100605716202
2024-01-22 17:07:00,40.5950950809496,-74.00841429052822,40.58287576121685,-74.0271280289467,1,cash,medium,2.0840327152333296,5.3354505896584605,10.186278005538952
2024-01-22 17:16:00,40.91920965210574,-74.01278808011975,40.92,-74.0294944770876,1,card,medium,1.4064558408875703,4.706865594113054,11.089290423801126
2024-01-22 17:25:00,40.875615421899795,-74.1675053555991,40.872555288873095,-74.13202826939143,3,card,medium,3.0022583127498637,8.02175296064791,15.290229754098316
2024-01-22 17:33:00,40.88016815117851,-74.08358214004814,40.89239672266055,-74.07445408362106,1,card,high,1.5613305388332699,8.8510947278656,12.880581743956599
2024-01-22 17:42:00,40.90343518218625,-73.88916693068826,40.90652463668705,-73.9396191176533,1,card,high,4.253933068214327,16.737838797860917,24.447913446312356
2024-01-22 17:51:00,40.72902754520093,-73.98411875336427,40.666447991519775,-73.94385667557425,3,card,medium,7.742219334704629,16.68957972835619,31.285579266992332
2024-01-22 17:59:00,40.67752408859125,-73.99005383590887,40.58073338305357,-73.9334783869,1,cash,low,11.774098270226876,18.335899588802167,36.20929857670595
2024-01-22 18:08:00,40.62420849830609,-74.16042459378176,40.60739609128595,-74.10726209472149,1,card,medium,4.861139605621394,12.083314165623921,20.95476745155481
2024-01-22 18:17:00,40.750411105403074,-73.90791522090362,40.7756332771325,-73.83849151583547,1,card,medium,6.484766220850965,14.436917742893915,23.782359369915174
2024-01-22 18:26:00,40.65481642896204,-74.06006271045871,40.63850982240668,-73.96694879462865,2,card,medium,8.062387902706309,17.732005898006754,32.37496475858739
2024-01-22 18:34:00,40.89808729129137,-74.16679579739635,40.92,-74.08894764080682,1,mobile_wallet,medium,6.981037614039962,27.646790685725858,26.689161922083485
2024-01-22 18:43:00,40.58136107523055,-73.77866977668587,40.58,-73.76333999650669,1,cash,low,1.3034393837287097,1.0,7.242149575488583
2024-01-22 18:52:00,40.62868689083266,-74.00153263909854,40.689760713724,-74.01091189348664,1,card,medium,6.837028985015904,17.364382610871935,29.586845279949
2024-01-22 19:00:00,40.66380179004837,-73.9907013097687,40.715637444815265,-74.07303338613379,1,cash,high,9.022726534074248,45.66215126232697,44.72310880147631
2024-01-22 19:09:00,40.647645281941685,-73.75950032579046,40.694953190874536,-73.75901127274565,1,card,low,5.260561157080973,7.1266446157407435,18.650117123608393
2024-01-22 19:18:00,40.6567646684371,-74.07313287004305,40.60260664489778,-74.04977174739201,1,card,medium,6.336577718554251,14.266929296482306,25.117940916446134
2024-01-22 19:26:00,40.8030561857208,-73.77905945087315,40.803827515779595,-73.77709957012891,1,card,high,0.1859267685784271,3.0610086866402693,4.338437436699346
2024-01-22 19:35:00,40.69135410662647,-73.90558806582091,40.74637891356318,-73.99055801076116,1,cash,low,9.418897850748884,17.059034671332597,29.60132210845558
2024-01-22 19:44:00,40.78910828984715,-73.93712122730015,40.80136380246126,-73.95001918799377,2,mobile_wallet,high,1.742396337201702,7.391894557547465,8.191339968361397
2024-01-22 19:53:00,40.88268769743974,-74.14044666600934,40.90763389316469,-74.11140672381079,1,cash,high,3.6949240268955372,16.55315677319078,19.0539872003056
2024-01-22 20:01:00,40.784869300278736,-74.23360460708223,40.72241437154853,-74.26,1,cash,medium,7.291897780238017,18.002108625697876,29.179336427336434
2024-01-22 20:10:00,40.81614114903737,-74.03673024247458,40.90248669591473,-74.0292741364389,1,card,medium,9.62164110058079,23.182487358137525,37.75740995394326
2024-01-22 20:19:00,40.70427112139526,-74.25481280938219,40.668659273279815,-74.23538959434262,1,mobile_wallet,high,4.285160779506267,28.541747899318374,20.98676723144864
2024-01-22 20:27:00,40.63431107899172,-74.22378871950711,40.58,-74.17348017566096,1,card,low,7.382920319340345,10.450746682299396,24.605613383401053
2024-01-22 20:36:00,40.688998581232966,-73.95638335459587,40.673197923030834,-73.87931611192015,1,mobile_wallet,medium,6.731977996153082,18.202845891241545,24.863986437737456
2024-01-22 20:45:00,40.9078561005594,-73.89051936513276,40.797719327240955,-73.90752153795025,2,card,medium,12.329856095801585,28.93831950683418,42.909374910907616
2024-01-22 20:53:00,40.79141587071407,-74.17434635071862,40.74258523919847,-74.16607726853805,1,card,high,5.4741938802551,31.60136272498807,30.48030403189197
2024-01-22 21:02:00,40.67435378060757,-73.88642478953638,40.78948681309727,-73.87674667677129,1,card,medium,12.82815519243225,31.653054240560724,45.705185354825566
2024-01-22 21:11:00,40.73331119083512,-73.77563982843668,40.716209355847475,-73.75,3,card,high,2.8783050178881164,15.274033328671926,23.20059639406356
2024-01-22 21:20:00,40.86407443272654,-73.88098019882965,40.79982401016745,-73.85679705997579,1,card,low,7.428389199209277,11.169231953602527,26.07573821792439
2024-01-22 21:28:00,40.80727081403997,-73.85979523801673,40.808409218935445,-73.79566998780324,1,cash,low,5.398526017729121,8.418228978008639,17.16824141638469
2024-01-22 21:37:00,40.770621965847916,-73.90263658406313,40.73022079732148,-74.00754493692307,3,cash,high,9.91346995812211,45.354607635724726,46.82524752355324
2024-01-22 21:46:00,40.88095537805551,-74.14538390536808,40.91985874204084,-74.12657295684804,1,card,medium,4.605711926785481,11.383044917317449,18.48604753455154
2024-01-22 21:54:00,40.80862945455371,-74.07594612950052,40.76859993948134,-74.05401263409443,1,card,medium,4.818904350570505,13.175574681482738,23.59118307714989
2024-01-22 22:03:00,40.79852810846897,-73.77587384898739,40.81071112542505,-73.78645916445123,1,card,medium,1.621409774272804,5.275879259777473,7.80833857682012
2024-01-22 22:12:00,40.64452116665166,-73.92278260472524,40.5929035099924,-74.02466304313754,1,card,low,10.33862295307279,15.109725451265286,33.52566532025456
2024-01-22 22:20:00,40.616172152224216,-73.85759738569362,40.73312841873979,-73.86034221067844,1,card,medium,13.007003387734931,28.53718121276962,46.79608664035425
2024-01-22 22:29:00,40.908148319799515,-73.76596574438922,40.92,-73.79794097871027,2,cash,medium,2.992640670007184,4.192426763648258,12.073608942282588
2024-01-22 22:38:00,40.78361184583412,-74.14196717053855,40.77706408494741,-74.06645917709199,2,cash,high,6.399246311602206,44.448327852962144,36.10294525203051
2024-01-22 22:47:00,40.72133235910979,-74.09593979966346,40.70814923783138,-74.0790516880212,1,card,low,2.043237103541949,2.0654078484760725,8.379264185804889
2024-01-22 22:55:00,40.78026707910947,-73.9311511570544,40.75535507986325,-73.96694797429164,2,cash,medium,4.0940608782299375,14.400059647920248,20.095745537178953
2024-01-22 23:04:00,40.60101606676438,-74.24757768837016,40.58,-74.26,2,card,high,2.561495631508053,11.094238452883374,17.204273068022104
2024-01-22 23:13:00,40.859523273127394,-73.9686782705598,40.82404542044924,-73.94210047485998,1,cash,high,4.534453487337426,24.810158900402232,25.501186076861934
2024-01-22 23:21:00,40.653659482091875,-73.84756892644761,40.72918428036266,-73.81624221272914,1,cash,medium,8.803517916462573,24.362605394578626,32.62138188852767
2024-01-22 23:30:00,40.853545642148106,-73.9486738793497,40.82867801405065,-73.95838383765161,1,card,medium,2.883274436353398,7.356775289335949,17.654938741172362
2024-01-22 23:39:00,40.761688670709624,-74.10934942521298,40.665864819910894,-74.08218402851598,1,card,high,10.898344864570486,56.256913724961926,55.071339167342636
2024-01-22 23:47:00,40.67403448464334,-73.8907069174986,40.62156593720375,-73.90637909127945,2,cash,high,5.982186183706888,31.705388856317114,32.297767066252355
2024-01-22 23:56:00,40.5902713824023,-74.18552387141324,40.632018990302264,-74.13749918403067,2,cash,high,6.16307397125919,48.746872920923536,38.07464573192708
2024-01-23 00:05:00,40.85738334081105,-73.80366553066796,40.84602875826444,-73.75899471305829,3,cash,medium,3.9636566410979555,12.643814832708276,16.906303757199574
2024-01-23 00:14:00,40.639996448099566,-74.20853333416937,40.633962776093426,-74.26,1,card,medium,4.394296544478662,7.745758082242933,19.228142460926364
2024-01-23 00:22:00,40.59761373931755,-73.81961952178116,40.65025538963141,-73.8824031547585,1,card,high,7.895565092178818,34.90164685156856,44.77487536466904
2024-01-23 00:31:00,40.8369984284808,-74.00611719185453,40.802025931968046,-73.91470951431756,1,card,high,8.619026913106929,42.38639883485515,42.031297971874835
2024-01-23 00:40:00,40.69901469560681,-74.04139002822123,40.72747349310271,-73.99944119247002,1,card,medium,4.744939519230609,12.026690880021569,20.04480978449857
2024-01-23 00:48:00,40.71237356190116,-74.00466250210653,40.68231882016072,-74.06146964733281,1,card,low,5.839840791247728,11.688178029749785,22.461355697801125
2024-01-23 00:57:00,40.664002979675445,-74.15789478542261,40.6899174283293,-74.22856188715164,1,card,high,6.619452876542403,36.294406210053225,36.31456816276645
2024-01-23 01:06:00,40.87212068275694,-74.02658035442501,40.85451959647231,-74.01723061147256,1,cash,medium,2.1091793460236343,2.7811725428394727,10.517778864689152
2024-01-23 01:14:00,40.68109203887622,-73.82664289389169,40.67022232600772,-73.87804708652598,1,card,low,4.500334245981914,6.919661988444327,19.492361403935146
2024-01-23 01:23:00,40.65146547371535,-73.85151282646841,40.68837148830335,-73.86576465892503,1,cash,low,4.276168735978696,7.3792893819882375,14.558668844747626
2024-01-23 01:32:00,40.68514490695429,-74.17684524740943,40.718806023300004,-74.17897281094146,1,card,low,3.747239827145851,6.288921454827092,16.152368913318973
2024-01-23 01:41:00,40.649070855556914,-73.91655530115418,40.641626596213705,-73.92062502865309,2,card,medium,0.8961532246381745,1.0147785760763877,4.302364332828313
2024-01-23 01:49:00,40.68800277507377,-73.82301299486764,40.66677970992401,-73.77231877218743,1,card,low,4.8831146329049915,7.716261946497029,18.144344681246704
2024-01-23 01:58:00,40.60819831577518,-73.8419185298044,40.68015995707685,-73.75935449904375,1,cash,medium,10.609143354640558,24.01012644714976,36.526944770770065
2024-01-23 02:07:00,40.63390020990062,-74.04292745391844,40.66042009641802,-74.06447875729589,1,card,high,3.4643665121756033,28.433312930560657,24.740896468225557
2024-01-23 02:15:00,40.72179798035469,-74.23547265142349,40.70419659896508,-74.26,1,card,low,2.8467826154458686,4.289479815363206,15.368839652500863
2024-01-23 02:24:00,40.87901873090056,-73.78510359428338,40.849629934552524,-73.76760551730912,9,mobile_wallet,low,3.5838879088720086,8.078005396579648,9.730322843981753
2024-01-23 02:33:00,40.59947885388558,-74.0580985909175,40.64559924169797,-73.98468198576758,2,card,low,8.04323687724693,13.79097141389988,28.083086283963254
2024-01-23 02:41:00,40.65230940029841,-74.07590191499926,40.6575024041708,-74.09404659703455,1,card,high,1.6359412628834935,10.069903208048313,12.95507164633829
2024-01-23 02:50:00,40.888837529684146,-73.8726473783158,40.88147764490347,-73.83438122817516,1,cash,low,3.319346601123765,5.435794977573817,12.103258571651839
2024-01-23 02:59:00,40.88260498921437,-74.12537417009908,40.88777887211469,-74.16304527176311,1,card,low,3.2186873341735835,1.4436290342111882,12.484117520320815
2024-01-23 03:08:00,40.81101328332062,-73.83427855918468,40.826214142679284,-73.83332134762017,1,cash,low,1.6921766629045376,2.2024350709923484,6.7725844044059915
2024-01-23 03:16:00,40.66176100839238,-74.22121370398216,40.659209996757994,-74.26,3,mobile_wallet,low,3.2839243184498628,4.769245120127355,7.323553940449148
2024-01-23 03:25:00,40.722735590758965,-73.88223728763474,40.7769014997669,-73.88174984491317,1,cash,medium,6.023114241735309,15.198529915577206,24.272132032002663
2024-01-23 03:34:00,40.65181513810891,-73.76744735987482,40.70848536953845,-73.77268783391702,1,card,medium,6.316918241008768,12.571416617053984,23.433485769547246
2024-01-23 03:42:00,40.62372009310257,-73.75215791359417,40.647655058466654,-73.75,1,card,medium,2.667668472793738,7.686381742654342,16.991660070189834
2024-01-23 03:51:00,40.709199454134726,-73.78885977636727,40.77106180870703,-73.75,1,cash,medium,7.61815194181594,20.58301277866927,26.49286578196322
2024-01-23 04:00:00,40.77577934572392,-73.81591117324278,40.77616170029014,-73.83341146718371,1,card,medium,1.4742162460750687,2.3090045406845716,10.820385077384294
2024-01-23 04:08:00,40.70237710965803,-74.11777108552656,40.73344200488324,-74.2077588971571,1,card,high,8.3335989402623,45.338590924246425,43.83914377950616
2024-01-23 04:17:00,40.78768034715843,-73.76700933505882,40.83288088150766,-73.77610401007189,2,mobile_wallet,medium,5.084018416957329,12.484010059307137,16.600971725993816
2024-01-23 04:26:00,40.68072661002896,-73.78677273715468,40.72658333262971,-73.77330344409769,2,cash,high,5.223917019340274,28.270207108681,27.619651759842537
2024-01-23 04:35:00,40.697589179438665,-73.98747002141715,40.73880914108689,-73.9783845174456,1,card,high,4.646969285560383,24.006596928735817,23.738098708570725
2024-01-23 04:43:00,40.84882902115917,-74.05494039625923,40.87723253489285,-74.06202442272206,2,cash,medium,3.2140184392385556,7.361189085181873,14.77878488474821
2024-01-23 04:52:00,40.87862700850391,-74.20427370068533,40.92,-74.1373265283495,1,card,low,7.268070800043504,12.990566454631697,24.660852937566226
2024-01-23 05:01:00,40.68949158772056,-73.9587766203092,,,1,mobile_wallet,medium,2.7495407335951634,7.228956656596867,9.633203969098828
2024-01-23 05:09:00,40.774315372457394,-73.90272156625367,40.767330437017186,-73.90743739818404,1,card,low,0.8723271155638134,1.0,9.910114937905924
2024-01-23 05:18:00,40.67457517652337,-74.05396174257743,40.66492220507411,-74.08895851828483,1,card,medium,3.1407003822921213,7.060113671005299,13.928581740453566
2024-01-23 05:27:00,40.598133778180525,-74.05292492407843,40.58157075666615,-74.13152690500878,1,card,medium,6.887935071907664,20.527695039620873,27.4020743161708
2024-01-23 05:35:00,40.83087144166254,-73.96761119073571,40.741376699708866,-73.95279575360141,3,card,medium,10.029229065530933,25.229149413907983,39.34223111890114
2024-01-23 05:44:00,40.63814118430029,-74.24583011108736,40.70001010055716,-74.23478630559333,1,card,medium,6.942277628199733,17.758826462719448,28.148420232294256
2024-01-23 05:53:00,40.72474225807395,-73.77148839284276,40.67857043741687,-73.81915826691453,1,cash,medium,6.5197441793443955,13.462479529340879,25.12071187689473
2024-01-23 06:02:00,40.74559546774891,-74.11214808938068,40.75323713864249,-74.11414484556052,1,card,low,0.8662031435617166,1.0,6.978770083593018
2024-01-23 06:10:00,40.6427203386209,-74.18814566049788,40.58,-74.1946189750066,1,cash,low,6.9955572262528385,9.808818951934189,23.360056725508773
2024-01-23 06:19:00,40.61214881922555,-74.25720091797136,40.64008102710794,-74.26,1,card,medium,3.1148901429582385,7.003734914685235,17.205420712670602
2024-01-23 06:28:00,40.698324424988165,-73.82298531389328,40.66298160337086,-73.858684295985,1,card,low,4.950403008005029,4.116679169245061,15.765764326438417
2024-01-23 06:36:00,40.90377720856711,-73.81976423834217,40.8526589219822,-73.80153556314245,1,card,high,5.887079066568345,27.47071867722396,29.89767513444013
2024-01-23 06:45:00,40.789146100596064,-74.21139363169597,40.79789155649774,-74.22155515826573,1,cash,medium,1.2951459060672688,1.0,4.737848968077156
2024-01-23 06:54:00,40.709679477656984,-74.18235693552671,40.67814642153527,-74.20895164714096,1,card,high,4.161913081350995,25.384539035033075,25.382069152038845
2024-01-23 07:02:00,40.593229679063235,-74.03156986205855,40.58,-74.07034510321671,1,card,high,3.5896156325052813,16.394976692609692,20.23356636630356
2024-01-23 07:11:00,40.78409291567297,-74.16529087173619,40.79182344835696,-74.1711401996955,4,card,medium,0.9906629081239862,3.318428198124053,10.089523722455528
2024-01-23 07:20:00,40.611367597918026,-73.88473122021325,40.64736712333158,-73.84312945961412,1,cash,medium,5.324401634849869,9.870317088410234,19.385290935404335
2024-01-23 07:29:00,40.764464984156156,-74.23039972969009,40.72763696220193,-74.22110092635049,2,mobile_wallet,high,4.169340234839474,16.879909719929223,17.2769250310166
2024-01-23 07:37:00,40.835663172812396,-73.97964824048321,40.79105951148278,-73.99031873147207,1,cash,low,5.04034039922713,7.881557063372496,17.12535506053476
2024-01-23 07:46:00,40.72401901842023,-74.06477630179191,40.725075783420934,-74.05089423268633,1,cash,medium,1.1757234785496873,5.462474752336817,7.834591920743666
2024-01-23 07:55:00,40.681799908237615,-74.02287729331695,40.706066274349226,-73.96147996765691,1,cash,low,5.83737714859714,5.97605101014422,18.532836909112003
2024-01-23 08:03:00,40.59611063949798,-74.04337386997524,40.66193462313171,-74.02130523839213,1,cash,high,7.552517141493835,49.54211405744807,41.870259581885946
2024-01-23 08:12:00,40.588424477554945,-74.18188881690733,40.58,-74.17017977273656,3,cash,high,1.3620689602947853,5.301374693944009,10.047505790818846
2024-01-23 08:21:00,40.726209033679474,-74.14765644249263,40.711900514122306,-74.11892261480094,1,card,medium,2.8974958979797663,9.486755521173222,16.24435729162919
2024-01-23 08:29:00,40.88033739203901,-74.22694807355569,40.92,-74.23405869169919,1,card,medium,4.4505878601930915,12.814704268688658,20.5152422512184
2024-01-23 08:38:00,40.662981344789685,-74.20120435659747,40.751770598915925,-74.19292130466285,1,cash,medium,9.89757097514096,22.950437170091593,36.43746401508483
2024-01-23 08:47:00,40.77517887196582,-73.76127364056636,40.730489776996926,-73.78327663464093,3,cash,medium,5.303586498910731,12.430736591876082,19.81194119497823
2024-01-23 08:56:00,40.81266397869112,-74.1173087260446,40.779417442299824,-74.1870836255047,1,cash,medium,6.9401475737785505,16.40446596683304,25.68579694100167
2024-01-23 09:04:00,40.60068215495046,-74.10341697493682,40.61783165920791,-74.08798936157939,5,card,high,2.3092145006785367,13.601669475052008,16.88520779255142
2024-01-23 09:13:00,40.632054127773145,-74.19517577147963,40.606055686374454,-74.17957516768003,1,cash,low,3.176644899150215,5.48636933788104,10.00869090240956
2024-01-23 09:22:00,40.69263410976265,-73.87486625570666,40.658468680809705,-73.88781333882882,1,card,low,3.9528096456820827,5.0859415284381795,14.191419782839796
2024-01-23 09:30:00,40.807831679210516,-73.7886871668045,40.81883285649712,-73.75,2,card,low,3.478021561642321,5.327501583693179,14.928960198433385
2024-01-23 09:39:00,40.72927193815755,-73.85722722609601,40.79899583607584,-73.88969937553479,2,card,medium,8.221143181249595,20.365911959150935,33.11219933663731
2024-01-23 09:48:00,40.829626323194205,-73.94756592698857,40.77069961991473,-74.02727822552248,1,card,high,9.378335903880021,30.065906357399367,41.9597554086102
2024-01-23 09:56:00,40.874983274294884,-73.84525121303861,40.92,-73.87662142610209,2,card,medium,5.657596492710288,11.679915189423166,20.983163648551773
2024-01-23 10:05:00,40.8378465740435,-74.05384258120425,40.81198195920727,-74.12318484981908,1,cash,medium,6.504944786461235,14.492090654370346,25.39998836928907
2024-01-23 10:14:00,40.917364050486505,-73.82165634890885,40.92,-73.80644471291177,4,cash,high,1.3113093456816933,5.677844175161029,11.833547635095801
2024-01-23 10:23:00,40.836482763368764,-73.85275538668454,40.908071045818346,-73.88659889082129,2,card,low,8.453596873729582,11.427264566327487,28.273550791568915
2024-01-23 10:31:00,40.86974092630253,-74.25912043142928,40.88438048795613,-74.21480941776697,1,card,high,4.065617469316942,25.365238816509788,24.562599073697758
2024-01-23 10:40:00,40.8630045618781,-74.01122499119207,40.849617464709134,-73.96785404507689,1,cash,high,3.939657765094916,29.50866953968823,22.945050283183292
2024-01-23 10:49:00,40.82829035917521,-74.1250455461996,40.86060826219648,-74.16666938039532,1,mobile_wallet,high,5.01726532821405,22.47416530591386,21.77106338822153
2024-01-23 10:57:00,40.852612617663006,-74.21602121265248,40.84482013855805,-74.25238602149896,1,cash,medium,3.179086024446886,10.171663705273303,13.410377367084827
2024-01-23 11:06:00,40.89779229747492,-73.82844001819863,40.92,-73.80439023382787,1,card,medium,3.1909978686313876,7.831663853545672,14.535586524031743
2024-01-23 11:15:00,40.74157050869894,-74.25594566100644,40.73235986377194,-74.21185287084127,1,card,low,3.853580570238602,5.586371062290626,16.623342704002706
2024-01-23 11:23:00,40.79701758813027,-73.88761661395176,40.835769468494775,-73.9781845414748,3,cash,low,8.755346722494348,11.673569828948395,27.959431729785774
2024-01-23 11:32:00,40.75507950533474,-73.75602201829143,40.69233907916998,-73.75,1,card,low,6.994850304310113,12.435822984073654,23.960582078145727
2024-01-23 11:41:00,40.86935257564531,-74.01416991897982,40.82374410256109,-74.11306149565776,1,cash,low,9.742322484503502,17.16978394650697,31.039753211825822
2024-01-23 11:50:00,40.72666226497631,-74.07066732972987,40.66326048585726,-74.09535055467532,4,card,high,7.350667872329924,48.74781898204731,42.18811687933722
2024-01-23 11:58:00,40.85870710218921,-73.9510251932179,40.85616777787537,-73.90181063686258,3,cash,medium,4.148619812180757,9.70113543934704,15.784756630819977
2024-01-23 12:07:00,40.851780555519426,-73.8496041078997,40.78295133567298,-73.75,1,card,medium,11.350391331133602,29.280773344948514,41.08387603274554
2024-01-23 12:16:00,40.90704127446532,-74.13747148317461,40.87590885358731,-74.14821855571131,1,card,medium,3.5776977712520184,10.185452545183374,17.775721300798793
2024-01-23 12:24:00,40.66463303774752,-74.1321422711317,40.61479515054192,-74.18826248565836,1,card,medium,7.289257063230926,17.70044727878786,30.29164207039144
2024-01-23 12:33:00,40.82127063336121,-73.9503392128157,40.88785606369046,-73.97344636066438,1,card,low,7.654772362366281,11.85675982161612,24.905451807958038
2024-01-23 12:42:00,40.83735262920015,-73.78066129136431,40.792772013352234,-73.7776881554025,1,card,low,4.963448623151366,7.882283348710052,17.260367085070392
2024-01-23 12:50:00,40.898334687553586,-74.10779561236303,40.84044013092203,-74.13795646814228,1,card,medium,6.919123695741319,21.19535816610717,30.194651718693702
2024-01-23 12:59:00,40.888346822138885,-74.06785512175321,40.89952205615835,-74.1094721871723,1,card,high,3.712266582689227,16.54243972303611,19.530308058490288
2024-01-23 13:08:00,40.774998792980874,-73.75340001625526,40.85090574493615,-73.77260826654651,1,card,low,8.59387192538325,10.909717635059378,25.642961877584316
2024-01-23 13:17:00,40.77691208319375,-74.17012669574468,40.771689064627694,-74.15232571876454,3,card,high,1.6075376489216133,9.10700600817907,12.393144082952986
2024-01-23 13:25:00,40.636879017657435,-74.2207462341286,40.635136648865966,-74.22836963638613,3,card,medium,0.6718176749608181,2.808598547053672,9.024506936721693
2024-01-23 13:34:00,40.911487318824086,-73.95922482817089,40.92,-73.99889695417508,1,mobile_wallet,medium,3.4653175712773723,8.599128035941897,-10.544202923641524
2024-01-23 13:43:00,40.666705937319165,-74.24762383590497,40.70622625753891,-74.26,1,card,low,4.516661151124227,7.092178205260355,15.962950582077804
2024-01-23 13:51:00,40.82641031427344,-74.16797905204984,40.845553988580974,-74.18660268678501,1,cash,medium,2.6431161435427644,8.99072714933832,13.418926957380005
2024-01-23 14:00:00,40.85057030163381,-73.94267331784786,40.824364968855804,-73.98764750573915,1,card,medium,4.775545674446188,12.837264154686512,18.964021823792024
2024-01-23 14:09:00,40.73001327156787,-73.92364867564743,40.75053137735077,-73.95547020048488,2,card,low,3.5203407465966774,4.9991134305268705,12.001898243167851
2024-01-23 14:17:00,40.65180586480988,-73.99968312267971,40.59057058051901,-73.97071950265254,1,cash,high,7.234568025999461,37.123560588703874,35.9253547692461
2024-01-23 14:26:00,40.64424653063469,-74.06428849642302,40.616181130912025,-74.07465293967816,1,cash,medium,3.2409811766195347,8.449801594022855,11.693242468432928
2024-01-23 14:35:00,40.87120864030654,-73.96613923194487,40.92,-74.04504614510364,1,cash,low,8.568681647934271,15.829334126938297,27.190438527048205
2024-01-23 14:44:00,40.7536572054945,-73.93187326595304,40.812246876307846,-73.88575057449512,1,card,medium,7.584446139694618,18.043837818953225,29.872863142335817
2024-01-23 14:52:00,40.61064657389301,-73.85022415639126,40.6303333853631,-73.83147176450093,1,card,low,2.701307352018681,5.383890869375164,14.24566227212157
2024-01-23 15:01:00,40.823786620739384,-73.85569707761297,40.736965703277434,-73.9179380609816,1,card,high,10.984748205209577,76.37075559330017,62.11399185553089
2024-01-23 15:10:00,40.66505815795371,-73.92095160958738,40.61068818919447,-73.9373936648625,1,card,low,6.202810054224084,9.286863162625265,19.83921310377037
2024-01-23 15:18:00,40.8779742152553,-73.80394138255349,40.847397955967665,-73.8395858298611,1,mobile_wallet,medium,4.532604059067982,11.162076118891743,14.298349509861307
2024-01-23 15:27:00,40.68525440725019,-73.83260712066634,40.67752795083995,-73.80214636375776,3,card,medium,2.7084552654578573,9.126229990879015,16.317495595089145
2024-01-23 15:36:00,40.64809208223065,-74.19204453580886,40.59182358045788,-74.208768885981,1,card,low,6.414024938706845,9.056863158696993,22.79110996207834
2024-01-23 15:44:00,40.60885187080868,-73.77209348492502,40.597767753247474,-73.77536828494989,1,card,medium,1.2631251384213107,3.202874387742362,8.768201924934527
2024-01-23 15:53:00,40.7539205864568,-73.80521142581786,40.83344887217379,-73.81372517471075,1,card,medium,8.872137496624687,19.072602929641896,32.13646385859009
2024-01-23 16:02:00,40.73325077985822,-74.09632713845095,40.75128839431686,-74.16293319228859,3,card,high,5.959051042872815,29.49547916939869,31.572016274448572
2024-01-23 16:11:00,40.83544612916507,-74.24970594651042,40.84529332746832,-74.18646311895235,1,card,medium,5.431673033359938,13.917120756743264,22.11790741024824
2024-01-23 16:19:00,40.73796487964563,-73.95197226715328,40.6921748857898,-73.92216741458002,1,mobile_wallet,low,5.6775604082671896,9.817378899989917,14.568661213427161
2024-01-23 16:28:00,40.69689742943429,-74.03640703579815,40.623143114032224,-74.0700392978454,1,card,medium,8.677918427779568,21.605555889737246,33.94683627513783
2024-01-23 16:37:00,40.6689626713152,-73.87772100208107,40.613693832165765,-73.86908721563628,1,card,medium,6.1886390470956325,21.213456538563438,27.10778474511945
2024-01-23 16:45:00,40.67456989345979,-73.9924541201006,40.59899738179794,-73.94861881393247,3,card,medium,9.181318394990381,24.26967725828568,34.17254004210446
2024-01-23 16:54:00,40.89546828662146,-74.22098987802202,40.89884487342233,-74.21848153244794,2,card,high,0.4306021547882976,3.9900287548272204,6.073706392707213
2024-01-23 17:03:00,40.636126724709854,-74.13520941567006,40.653401585908185,-74.06515547727,1,card,low,6.214793173890025,10.95447960569014,21.86252204735209
2024-01-23 17:11:00,40.915979984349434,-73.80991288437546,40.872541936472565,-73.75,3,cash,medium,6.977854594037636,17.816358008602617,24.25606321814461
2024-01-23 17:20:00,40.69115261476536,-74.24077825518533,40.69780898506127,-74.24645373330135,1,card,medium,0.8813501284457899,1.1116153992632394,6.182882730922748
2024-01-23 17:29:00,40.610052680041946,-73.88429846860687,40.6761574017724,-73.91051230704372,1,card,low,7.676050109069473,13.200289441390264,27.159538387464696
2024-01-23 17:38:00,40.66455472946787,-74.11110881094477,40.7526511098735,-74.15563222728571,1,cash,medium,10.49014318847178,26.856836855850222,37.75411252360932
2024-01-23 17:46:00,40.59986088904857,-74.02915370044833,40.63452935483229,-74.12876455848762,1,card,low,9.249324353779894,15.952668603573105,29.739039639419754
2024-01-23 17:55:00,40.84861012151573,-73.98918722972508,40.84074229883761,-73.93302070240985,3,card,high,4.804895712428,26.17428040849431,28.490872865452307
2024-01-23 18:04:00,40.754267990263976,-74.13245850777334,40.78748268123841,-74.14836572922619,1,cash,low,3.9287311932547384,7.188822292031673,14.54149683475883
2024-01-23 18:12:00,40.69457545041471,-73.9275001740712,40.75540689968022,-73.88810916543504,1,card,medium,7.5347464896296605,15.615192771216751,29.501751808397266
2024-01-23 18:21:00,40.80509686557473,-73.90634446877009,40.71477159937416,-73.8579041210801,4,card,medium,10.840734945878882,26.29569237211515,39.53115292267763
2024-01-23 18:30:00,40.79441981882311,-74.21661966536792,40.86111292552395,-74.26,1,mobile_wallet,medium,8.265492170201702,24.396216463061286,28.552200030115486
2024-01-23 18:39:00,40.89955651033738,-74.06929719131578,40.87505010341069,-74.11118383007931,1,cash,medium,4.452401663934697,11.55883445798734,17.795054588546975
2024-01-23 18:47:00,40.90682857569445,-73.8803675763848,40.88275524272226,-73.80185666635953,1,card,medium,7.121373793176097,15.998847202051612,27.93421016154561
2024-01-23 18:56:00,40.811432483726236,-73.89196484448102,40.79546072495987,-73.89511777622174,1,cash,high,1.7956967814112896,15.908955102271722,17.77761313386501
2024-01-23 19:05:00,40.85805741526302,-73.98225229460833,40.87246120150793,-74.01196523377867,2,card,medium,2.967860741279037,8.477024910846394,16.5522146123836
2024-01-23 19:13:00,40.849424534113965,-73.86338586226731,40.79941809269752,-73.910418660538,1,cash,medium,6.8249840137907,19.136975065381666,27.982495071380956
2024-01-23 19:22:00,40.74704320111797,-74.20510110454968,40.734226569556874,-74.21146661466773,1,card,medium,1.522709073639495,4.235020484493214,13.543324259068502
2024-01-23 19:31:00,40.81951581793136,-74.1997122533993,40.84315329222377,-74.13185700445527,1,card,medium,6.284937204690159,19.29665594020399,29.057279193616896
2024-01-23 19:39:00,40.60660806261241,-73.92468045684886,40.61644376882974,-73.89383574766953,1,cash,medium,2.824055778721895,6.239621192091479,13.912975217243245
2024-01-23 19:48:00,40.83772716827111,-73.90639972737348,40.854863821417375,-73.8982204217895,1,card,low,2.025910747687388,4.149609454822785,12.93416167614139
2024-01-23 19:57:00,40.9070232224454,-73.84459130378626,40.89244463038825,-73.77310786132466,1,mobile_wallet,medium,6.222852419332601,13.669921590876301,20.206858254529223
2024-01-23 20:06:00,40.60889141606275,-74.16767119233565,40.64010836392357,-74.10486130991197,1,card,high,6.33629810310284,30.765914529341128,32.93038142015056
2024-01-23 20:14:00,40.86427936676123,-73.99644645369014,40.91181809225136,-73.98141095420763,1,mobile_wallet,medium,5.43506877361686,14.062165252610455,19.349951733413363
2024-01-23 20:23:00,40.89721320906075,-73.92297603846086,40.92,-73.79805065387174,1,card,medium,10.799683867891293,31.656624661009733,43.640066638386585
2024-01-23 20:32:00,40.6569042225327,-74.1459132173472,40.67614668301064,-74.15704725934891,3,card,high,2.336670968924176,10.644505755244602,16.905983997164036
2024-01-23 20:40:00,40.75843580378713,-73.99636678854706,40.800685971179696,-73.9469555061749,3,card,medium,6.275379439137827,14.68295870978422,27.53120086465684
2024-01-23 20:49:00,40.89547179665742,-73.9343930375608,40.92,-73.95207788478768,1,card,medium,3.1060461953739846,10.660156326440621,14.913251487294573
2024-01-23 20:58:00,40.90647684153781,-74.15063074914639,40.92,-74.11000256950751,3,card,low,3.730482774460347,3.6070327699059477,12.153062281227628
2024-01-23 21:06:00,40.623480010679785,-74.06846266077243,40.67829302883197,-74.07964008403285,1,cash,low,6.1674417125465615,11.40779210361469,20.90507324073224
2024-01-23 21:15:00,40.69866143668885,-74.1496672068308,40.694667950540264,-74.12890563261453,5,cash,low,1.805753230283471,1.940468019475266,8.74699048454217
2024-01-23 21:24:00,40.81736917799129,-73.79949911874141,40.77634361006068,-73.75,4,card,medium,6.178351714255215,17.574855687645826,26.945018671550695
2024-01-23 21:33:00,40.65532988979122,-74.13923257021571,40.64357857832706,-74.09639923915356,1,card,medium,3.8426115354493837,12.493557220958033,16.051698058248057
2024-01-23 21:41:00,40.69042201373572,-74.19837434074725,40.675491695233724,-74.1769164906762,1,card,high,2.4556096409479387,24.863465164995763,21.7495791527902
2024-01-23 21:50:00,40.587918960401595,-74.24207079112117,40.61093297594926,-74.26,1,cash,low,2.9732232167054145,5.529439655482312,12.774153420524872
2024-01-23 21:59:00,40.632197371516604,-74.23707372907022,40.60068584048309,-74.22860343736757,1,mobile_wallet,low,3.576118057637422,7.509960254993805,10.27305206495743
2024-01-23 22:07:00,40.771192028102035,-74.16229102016693,40.82484000082045,-74.20765113273778,1,card,medium,7.082716098353731,17.151016839334016,29.665467565475605
2024-01-23 22:16:00,40.802050622543426,-73.94981365923346,40.73952028727814,-73.90989972356279,1,card,low,7.722862902851879,14.38564230357276,28.591841205833397
2024-01-23 22:25:00,40.800630022572584,-74.25099856399933,40.727166391438345,-74.21221407021329,1,card,medium,8.797642872226168,22.87358142333824,35.685703930271195
2024-01-23 22:33:00,40.84464256006459,-74.11376059837386,40.83856233970795,-74.12184419343997,2,card,low,0.9589055744856289,1.0,7.262084742248569
2024-01-23 22:42:00,40.72119568067119,-74.23033488542512,40.68328052345739,-74.15547594601536,4,card,low,7.589214761787489,12.14106020129332,25.43939692295645
2024-01-23 22:51:00,40.67298684352199,-74.05413402714743,40.616366320092695,-73.98560370402578,1,card,medium,8.548068162546706,19.52827138334054,34.147108547002155
2024-01-23 23:00:00,,,40.58,-74.2284917667767,1,cash,medium,0.8187696795565597,1.8222771500812986,8.144012306458508
2024-01-23 23:08:00,40.65025414085781,-73.95015369392338,40.61598727854926,-73.92470569344893,2,card,low,4.373771648161605,8.04922106975834,19.11523685311746
2024-01-23 23:17:00,40.686211856148695,-73.9089036245853,40.686667901054236,-73.93538419939266,1,card,low,2.2333609108868204,4.710441203574939,12.810250594568505
2024-01-23 23:26:00,40.640590331203356,-73.88701784968168,40.612669145729214,-73.89926597341002,4,card,low,3.27224424509156,4.983173285906764,13.326212918004842
2024-01-23 23:34:00,40.58684912030884,-74.14558486669041,40.58,-74.19409521381877,1,card,low,4.166794965751673,9.524883348963254,17.885700563659732
2024-01-23 23:43:00,40.63353218694616,-73.8170649173995,40.633313229626204,-73.83859008193696,1,cash,high,1.8165618266881494,6.049497168459103,12.25959255269269
2024-01-23 23:52:00,40.806473848212974,-73.90795303466123,40.85211471889607,-73.91265053355275,1,mobile_wallet,medium,5.090399942679903,11.086146627751821,15.698717351165019
2024-01-24 00:00:00,40.79405904160068,-74.2311083881571,40.86024258754768,-74.26,1,card,low,7.750376087644249,9.909718354015554,25.025020502198828
2024-01-24 00:09:00,40.89813243739533,-74.03520897856228,40.90478197770712,-74.00925234968746,1,card,medium,2.3034280440411745,6.100673576314943,17.749536206661517
2024-01-24 00:18:00,40.85137721907508,-73.86844418838004,40.86152665941976,-73.82244841620636,2,cash,low,4.029618344016076,6.725624576609936,557.6381194294229
2024-01-24 00:27:00,40.773037079726,-74.10144409737269,40.76479366394769,-74.10180039544362,1,cash,low,0.9171169783422995,1.0,6.702334506305489
2024-01-24 00:35:00,40.62676915814769,-74.0654050253073,40.648425346050345,-74.18678091793703,1,cash,high,10.520938208784786,55.284804967377745,51.37722732498899
2024-01-24 00:44:00,40.77178441843456,-73.93890204807876,40.789344289660846,-73.95028672247744,1,card,low,2.1751755421285437,3.3007083855832406,11.289164015923253
2024-01-24 00:53:00,40.60094232071082,-74.2317047511409,40.6606054664498,-74.26,1,card,high,7.050861643889692,22.37150081059843,30.810591759423044
2024-01-24 01:01:00,40.72650086511969,-73.76686312934096,40.64150915680769,-73.79429598580512,1,card,high,9.72961709714681,59.73856850696675,51.59390489135274
2024-01-24 01:10:00,40.71268793384205,-74.17101468458904,40.702135535375,-74.10567755106075,1,card,medium,5.630962289972887,15.186394207204806,24.42596920124061
2024-01-24 01:19:00,40.7254566951834,-74.24639728018042,40.74072023929414,-74.26,1,mobile_wallet,medium,2.0479849616509993,4.87421603007999,8.436657759072801
2024-01-24 01:27:00,40.67514081225423,-74.25728527915939,40.67395803416483,-74.26,2,card,low,0.26402816102153376,1.0,7.692235668365256
2024-01-24 01:36:00,40.8131823521921,-74.0562272687503,40.770919565747775,-74.01889663621684,3,card,high,5.653374932354115,25.0285020244004,29.04986347949169
2024-01-24 01:45:00,40.86592111888159,-73.80903078360755,40.807449618315765,-73.84061745898724,1,card,high,7.023804308211263,27.264866521038677,33.95386142246055
2024-01-24 01:54:00,40.84129577748365,-73.84192133959885,40.87758028665495,-73.87695069757159,2,card,medium,4.995685039008588,14.944769829246043,21.80972135009108
2024-01-24 02:02:00,40.7934357125689,-73.79485664289265,40.75937404930106,-73.75,4,mobile_wallet,low,5.348977397462254,8.331011829224659,13.356705647285152
2024-01-24 02:11:00,40.763037231773225,-73.98777101714226,40.684066709655475,-73.9707435844388,1,card,low,8.897588337211229,13.537620314351557,32.77767668005152
2024-01-24 02:20:00,40.59056862120273,-74.03113942072368,40.62911439990317,-73.98909581222723,1,card,low,5.564773646252406,9.824527598258179,20.000710542585104
2024-01-24 02:28:00,40.825797559555255,-74.06321090218553,40.84645179007533,-74.04095076488119,1,cash,low,2.9633772550191395,4.440038156575469,10.637982651671713
2024-01-24 02:37:00,40.76529419945669,-74.23632678134643,40.76007986507107,-74.2290503987245,1,card,medium,0.8436427252645097,1.0,8.591463366622415
2024-01-24 02:46:00,,,40.63089713555147,-73.75,1,card,high,6.007969292749975,41.19169876537828,34.88572385731609
2024-01-24 02:54:00,40.69146629321017,-74.0069501929348,40.6863614282585,-73.92120959573377,1,card,medium,7.2514452345254545,14.68166977260612,27.94757169207683
2024-01-24 03:03:00,40.898106307399715,-74.02791561016373,40.92,-74.1036738717712,1,card,medium,6.815976063917006,15.966713550179243,27.345330262943474
2024-01-24 03:12:00,40.79228316333986,-73.9972645816228,40.71962169546856,-73.99885386265122,1,card,medium,8.08069546905054,17.436407860243605,30.841174112635294
2024-01-24 03:21:00,40.74181022778356,-73.85498119576175,40.671431235030276,-73.85692513943968,1,card,medium,7.82750222633748,16.89630247434225,28.311218052955752
2024-01-24 03:29:00,40.79111339150086,-74.14551974614889,40.7628639519698,-74.16483722173794,1,card,medium,3.5373586770105043,6.923733302434238,17.327476231892923
2024-01-24 03:38:00,40.720672390495125,-73.89795065371258,40.71947342458943,-73.85380292538628,1,cash,high,3.722950131878376,20.815287166097598,19.468693823582857
2024-01-24 03:47:00,40.739861972889024,-73.89750743216445,40.71752883748425,-73.88594748645109,1,mobile_wallet,medium,2.6675435922821906,5.135706313282819,6.368302549138589
2024-01-24 03:55:00,40.67870514728061,-73.82672808104833,40.707631893163125,-73.75,1,card,high,7.224437625923886,37.483004737571626,39.077258143125924
2024-01-24 04:04:00,40.72955012220116,-74.25557136478344,40.77854764970134,-74.2060593763651,1,card,low,6.861256149463033,10.100118544482164,24.458040056350725
2024-01-24 04:13:00,40.81310135902889,-74.17309827295009,40.82564595388623,-74.11168666324959,2,card,medium,5.352699896220903,15.709052489063906,21.36773084739442
2024-01-24 04:21:00,40.5935802545294,-74.01976610545718,40.61879970999843,-74.07372849535656,1,card,medium,5.3494149352145195,10.974020443803376,21.367060389713224
2024-01-24 04:30:00,40.8503093184807,-73.82622440239464,40.86255379832176,-73.86249826897541,1,card,medium,3.340753961399787,7.456562402330781,16.573950936659262
2024-01-24 04:39:00,40.676213043892844,-73.76779040056972,40.67664090798403,-73.80035651603886,2,card,medium,2.74672941707184,7.0642317486821105,17.21125731223157
2024-01-24 04:48:00,40.81207032976705,-73.95661700651351,40.75386018827539,-73.89707666041224,1,card,low,8.18694121327559,13.124876151011708,28.281147421912262
2024-01-24 04:56:00,40.798526606991224,-74.15181167253427,40.75226698014911,-74.1953346054102,1,card,high,6.315870760865137,68.61597125983289,47.331371240795924
2024-01-24 05:05:00,40.80189353670804,-74.16586180512944,40.7411022052443,-74.20806885084393,1,card,medium,7.63715566967102,18.395507861545333,30.764042447619474
2024-01-24 05:14:00,40.786763831526976,-73.93388358346701,40.780081115753724,-73.98434457725003,1,cash,medium,4.313058800366047,9.219922893333116,16.446976402964196
2024-01-24 05:22:00,40.90609462494364,-74.15286473499971,40.91654713635009,-74.02897851015017,2,card,high,10.475170069531533,68.98614708425657,56.73669604683781
2024-01-24 05:31:00,40.75283701531643,-73.97792541380035,40.68762020800127,-73.98432584973533,2,cash,medium,7.271810986794555,16.61161125279756,29.096063950644258
2024-01-24 05:40:00,40.82898849927522,-73.83424591613661,40.83225527639481,-73.81040095539146,1,card,high,2.038820047845932,12.166001984533242,17.22276796520751
2024-01-24 05:48:00,40.819852772619754,-74.06119197928433,40.780468037848046,-74.11251975859412,1,card,low,6.15185479383273,11.586444986447443,23.76524853192624
2024-01-24 05:57:00,40.66033097627463,-74.06697918323162,40.612217005815474,-74.02381255523522,2,cash,low,6.472271248813758,10.25025154870297,21.25861563317112
2024-01-24 06:06:00,40.67632398532352,-74.24156842818556,40.64818326157829,-74.26,1,card,low,3.4940399030063283,7.2916688166190795,14.121573967771823
2024-01-24 06:15:00,40.72416581337337,-74.13041686500348,40.673744370947844,-74.1744719885375,1,cash,high,6.725130093646136,34.737988606331534,36.42162640402147
2024-01-24 06:23:00,40.67441729635749,-73.90392235559418,40.701716956665656,-73.93683418107041,2,card,high,4.112823692172844,29.78841368944998,26.4239272935007
2024-01-24 06:32:00,40.70469265363619,-74.07620046498258,40.697132454823986,-74.0663512457497,1,card,high,1.1815560259175741,3.000557048828526,10.225663253686724
2024-01-24 06:41:00,40.71292660873562,-74.17926755218214,40.749611241300066,-74.21495625631606,3,card,medium,5.067789735982325,11.532584647068576,19.168762236777404
2024-01-24 06:49:00,40.785313950719036,-74.20605845578224,40.76535661487426,-74.13747854123294,2,card,low,6.186505748462164,10.05997116031353,21.671494452110498
2024-01-24 06:58:00,40.65476261452992,-74.21152277714314,40.63650674174516,-74.18887773294395,1,cash,medium,2.7876407097382554,6.955213102731637,15.347587116641607
2024-01-24 07:07:00,40.85345923439807,-73.92384194910987,40.92,-73.95487410328366,1,card,medium,7.845404344938406,20.96003951173145,29.26766167355805
2024-01-24 07:15:00,40.72876236130231,-73.94756304581529,40.65572464007669,-73.9026702773472,1,card,low,8.960091125665391,14.21191668033109,29.52821956558405
2024-01-24 07:24:00,40.820122997972305,-73.99555428714294,40.87792465392619,-74.01325209285022,2,card,medium,6.597383345971071,11.308193560409272,25.221748366346443
2024-01-24 07:33:00,40.60769044362188,-74.00483351143885,40.68214402531594,-74.03140316011465,1,card,high,8.576987105259162,74.8781653003484,56.86609161563667
2024-01-24 07:42:00,40.73978823400228,-74.1819002051292,40.77425002133405,-74.1415885009919,1,card,medium,5.119837727396674,11.04547453950585,22.185519508278595
2024-01-24 07:50:00,40.58959464094029,-74.00469184537236,40.58,-74.11506895128733,1,card,medium,9.381797833206948,20.03260784815914,37.117773941363545
2024-01-24 07:59:00,40.80980939721729,-74.22943173393381,40.87401999044558,-74.19636496593101,1,cash,medium,7.662596134365471,13.757863085065615,27.866178188311338
2024-01-24 08:08:00,40.696861426179005,-73.78781218611263,40.682382164983956,-73.81990145185225,1,cash,low,3.148375381496959,6.522477225846822,13.269602084430863
2024-01-24 08:16:00,40.90274595679598,-74.23040594745868,40.870985605439,-74.26,2,card,low,4.319862548971642,6.579513163079808,14.90104903588334
2024-01-24 08:25:00,40.69020223296448,-74.04399960060411,40.672730157475854,-73.95588343853258,1,cash,medium,7.680113442770985,20.42143785624298,27.700410922580836
2024-01-24 08:34:00,40.771694005326026,-74.25970876123439,40.746035287065695,-74.26,1,cash,medium,2.8532247417698637,6.6585276620559,16.285128228755255
2024-01-24 08:42:00,40.667511775736166,-73.85906327622055,40.62491373511479,-73.81604711774625,1,card,medium,5.967195192439297,10.774244273518313,22.23312150360143
2024-01-24 08:51:00,40.79083829384209,-74.17525320384684,40.84078864637699,-74.16268719103441,1,cash,low,5.65399744190813,8.727752740318634,17.80032347255376
2024-01-24 09:00:00,40.7387943990453,-73.78829283091095,40.70398922317732,-73.77105823477022,1,card,low,4.133722183491625,5.511271566374573,12.205892365817434
2024-01-24 09:09:00,40.70601360891192,-74.23757134859112,40.704679494410456,-74.24884575019334,1,card,medium,0.9618719606819489,3.3209476423393904,9.715025279301344
2024-01-24 09:17:00,40.64925437868726,-73.84139845937214,40.58428464366431,-73.85502065697757,4,mobile_wallet,medium,7.315231239721386,20.144000000575893,23.491300944442855
2024-01-24 09:26:00,40.61791725695029,-73.92511471546405,40.619303737629004,-73.85635523790677,1,card,medium,5.805595243826107,12.282953505004139,21.838781319256984
2024-01-24 09:35:00,40.620758905545266,-74.1326347833682,40.58,-74.09076408022773,1,mobile_wallet,low,5.747776053039629,9.720997111563053,17.654273722498534
2024-01-24 09:43:00,40.91967360595189,-74.1567659992924,40.866551743920255,-74.17925164242945,3,cash,high,6.201897681725747,35.79311842542665,29.765763181452414
2024-01-24 09:52:00,40.72018564713146,-74.07758425397772,40.71526769117713,-74.12464868030874,1,cash,medium,4.004026674342566,12.837058270480881,19.02538412491801
2024-01-24 10:01:00,40.58065610067693,-73.83751452958057,40.62821985261007,-73.8638158475827,4,card,low,5.736032969877193,10.444261849014222,19.687427994792177
2024-01-24 10:09:00,40.90399578881285,-73.82040216034892,40.92,-73.77623487319663,1,card,medium,4.116047600442872,10.069593804814698,17.73228825291206
2024-01-24 10:18:00,40.58679317423813,-74.1706044564426,40.60970359161411,-74.11756332658261,1,card,medium,5.152124332232351,12.661188334145688,20.38010512151468
2024-01-24 10:27:00,40.72231928268854,-74.079741499761,40.716473009589485,-74.05476903767028,1,card,high,2.2026954135988843,13.690732109995505,14.914635222778475
2024-01-24 10:36:00,40.823942379230026,-74.13887939420985,40.80883856729825,-74.21163408611423,1,cash,high,6.3487104390224784,36.54467146120261,32.48074784529748
2024-01-24 10:44:00,40.8909637430864,-74.19745214770468,40.92,-74.16353208908089,3,card,medium,4.307038568063653,9.823943100679235,17.17698315428122
2024-01-24 10:53:00,40.82238133908692,-73.93031081236025,40.79703836678248,-73.87164979319812,4,card,medium,5.684650714201157,15.187615291630893,21.974467406656924
2024-01-24 11:02:00,40.737632756666,-74.08360577814987,40.77518229361615,-74.07579573359436,1,mobile_wallet,medium,4.22682225685866,11.770546427950189,16.473038821683293
2024-01-24 11:10:00,40.911310293254594,-74.14505413716407,40.92,-74.05596299966199,1,card,medium,7.548177254724946,17.911180337589304,28.00845564013547
2024-01-24 11:19:00,40.59336859023131,-73.81834113551399,40.58,-73.87778481502988,1,cash,low,5.235141411484943,9.27111996678288,15.143848789363961
2024-01-24 11:28:00,40.915543348862926,-73.87835785523919,40.88429330155943,-73.84754151681908,1,card,medium,4.333912173741383,9.852761877637398,15.523046962350673
2024-01-24 11:36:00,40.86879312758087,-73.86538181416486,40.844236829792216,-73.9112917752957,1,card,high,4.729077657657292,30.15978286206639,28.761932199548617
2024-01-24 11:45:00,40.89583620582297,-74.24001009549653,40.829822887664065,-74.19237570961566,1,card,low,8.362233225460198,14.49102899819777,25.877311504015108
2024-01-24 11:54:00,40.66662262419316,-73.79328347089216,40.64549950126963,-73.76570473238381,1,card,medium,3.3059201112815892,5.324357768115128,13.978048802865038
2024-01-24 12:03:00,40.62843574457665,-73.96688342723314,40.68700098275153,-73.88582241547881,1,cash,low,9.442677840796877,13.917445630581916,31.846657053456983
2024-01-24 12:11:00,40.805527194986716,-74.0030605696109,40.75847629558162,-73.98057368302902,2,card,medium,5.563868382202428,18.387896372238718,24.76703007821858
2024-01-24 12:20:00,40.75539220891528,-74.25460147352584,40.815026033804706,-74.26,1,card,medium,6.64653783200833,20.79528190871263,28.547812000635968
2024-01-24 12:29:00,40.75787710665309,-73.80219227267861,40.738372106045205,-73.82429043223756,1,cash,medium,2.85819623546217,8.217911591205155,13.752394387167207
2024-01-24 12:37:00,40.8943705206843,-73.98261586005214,40.92,-73.99387383589772,1,card,medium,3.0028066383849077,5.4802864445309964,13.496460576371248
2024-01-24 12:46:00,40.79082750826211,-73.83917173420633,40.76014592032292,-73.86215431606149,1,card,high,3.922302887529805,17.529304078654423,21.1097683889051
2024-01-24 12:55:00,40.68576170393556,-73.92568941002347,,,1,card,low,5.162162245833498,9.09546224416068,19.488594951533383
2024-01-24 13:03:00,40.71602262918208,-73.85368625710946,40.67506439124842,-73.79628253465518,1,mobile_wallet,high,6.645511096478983,40.24395949177945,35.011233501948624
2024-01-24 13:12:00,40.625388583931226,-73.90660480823553,40.59444204911986,-73.97395034325794,3,mobile_wallet,high,6.6452809972478155,36.416113634073135,30.75296933739856
2024-01-24 13:21:00,40.64538677369373,-73.79030840980873,40.705604836202355,-73.78858220337001,1,card,medium,6.697525289087221,14.133196597345398,24.788291418139366
2024-01-24 13:30:00,40.62873902387124,-74.14500306496683,40.6500931747025,-74.14219094671083,1,card,medium,2.386299323691985,5.611481695895767,13.470568682479902
2024-01-24 13:38:00,40.85549905601186,-74.15692894658622,40.90179585607484,-74.19208723426725,1,mobile_wallet,high,5.936241182095326,25.15593672659,26.71547392435621
2024-01-24 13:47:00,40.81965697911052,-73.89660380340798,40.760455460565964,-73.87688255376466,5,cash,medium,6.789047398693696,13.748471761287604,24.014475804190624
2024-01-24 13:56:00,40.76031730598769,-74.00428865170244,40.789784586379795,-73.93855036400018,1,card,low,6.4325987044522535,9.651753441476544,25.296251945943297
2024-01-24 14:04:00,40.707285063433375,-73.95442780312922,40.663570114180956,-73.91429639885132,1,cash,low,5.9227160923707665,8.148220063388704,-19.69002326575456
2024-01-24 14:13:00,40.80728805871028,-73.89864334071248,40.7471087256238,-73.83802526321008,1,card,high,8.4161180033694,47.471666705272035,47.825072592612244
2024-01-24 14:22:00,40.85638781821656,-73.98081161953,40.86713229446497,-74.0131426726691,9,card,low,2.9698154078022068,5.677426585800417,15.891093965359646
2024-01-24 14:30:00,40.87961929332838,-73.85827634169024,40.8899035183319,-73.85663349191574,2,cash,medium,1.1518632302302663,3.691452367834251,6.244642905527822
2024-01-24 14:39:00,40.76598551759015,-74.09737764847272,40.76838607797362,-74.1318317940397,2,cash,medium,2.9138290196176957,6.879184041873705,11.135131761549957
2024-01-24 14:48:00,40.8587609414187,-73.82191487376416,40.89105106998694,-73.81114052058803,2,card,medium,3.7030159786031223,9.851106879662796,17.02704868658538
2024-01-24 14:57:00,40.753844024160315,-74.20508506000795,40.79315450845383,-74.19025976909812,1,cash,medium,4.54590520821063,10.216141063797874,16.589583355696643
2024-01-24 15:05:00,40.741340230323885,-73.9366579717498,40.807478050587605,-73.89346526150675,1,card,medium,8.20442800586365,26.270972888824268,33.27194230416462
2024-01-24 15:14:00,40.87424683091152,-73.80603242116133,40.820681395987755,-73.75,1,cash,medium,7.595371820895753,17.419928158472395,26.418875334185046
2024-01-24 15:23:00,40.71136713832998,-74.13112599477013,40.77895786937524,-74.10012202239257,3,card,low,7.956656103942722,12.413246904679305,25.937576809080156
2024-01-24 15:31:00,40.71461031087384,-74.0933143157888,40.79931432791014,-74.13202195961664,1,mobile_wallet,low,9.966974370618074,18.30858177654788,28.096729693171152
2024-01-24 15:40:00,40.68366985739687,-74.1042246929687,40.66718950665653,-74.16507246511328,1,card,low,5.448802114865035,10.38546468719059,20.005181104674666
2024-01-24 15:49:00,40.75635858762017,-73.97222550699473,40.68127646188188,-73.948824605613,6,card,medium,8.578522234195544,20.953145664082967,34.84539698143606
2024-01-24 15:57:00,40.765249011454415,-74.04943537406177,40.70299156036631,-73.98191192416301,4,cash,low,8.96062054644705,19.586032295152833,28.960570701868775
2024-01-24 16:06:00,40.80455678940556,-74.2049407646526,40.783773477263544,-74.20605639912067,1,card,medium,2.3129063810728896,8.79546329347289,15.198608501539194
2024-01-24 16:15:00,40.726370785437254,-73.8054435169042,40.817007157001086,-73.8741762272002,1,card,low,11.62208468242752,20.131021654737683,37.77308063378877
2024-01-24 16:24:00,40.65406467924042,-74.15561491912908,40.654833279249566,-74.06180090107722,1,cash,medium,7.914453272556638,21.395732189387758,30.018333548034498
2024-01-24 16:32:00,40.87472630122072,-73.98761919439585,40.84695301596689,-73.96559598963859,1,card,low,3.601039177514765,6.8518650076881595,14.611399426794353
2024-01-24 16:41:00,40.697640294860925,-73.956649503072,40.66679719323485,-73.94894813484979,1,cash,medium,3.4905382205733826,10.451685015636187,13.736088807776909
2024-01-24 16:50:00,40.89380076274566,-74.23921655973976,40.8342782581204,-74.26,1,card,high,6.845469699257021,36.94652978947867,38.6235405810655
2024-01-24 16:58:00,40.650500133228995,-74.21118671289629,40.689856054564615,-74.21045698286599,1,card,medium,4.376611527688827,11.857949642481877,22.06835147339711
2024-01-24 17:07:00,40.77041954192032,-73.76443824768093,40.76627644840796,-73.75,3,card,medium,1.300253828360491,2.9913932486213426,10.928707875175245
2024-01-24 17:16:00,40.76244913180001,-73.92109870652382,40.85694145973932,-73.89846277409892,4,card,medium,10.678379544815211,25.326134325758016,37.41054067050518
2024-01-24 17:24:00,40.86174026829518,-74.24288175970632,40.89000969113437,-74.26,5,card,low,3.457245046490919,7.423602265740723,13.623643415039599
2024-01-24 17:33:00,40.627209471495284,-73.85495839746697,40.66455660571786,-73.85752633520006,2,card,medium,4.158459512623779,12.816892419969598,19.998010015783695
2024-01-24 17:42:00,40.88937863879194,-74.00064316726848,40.87848392140852,-74.02836346886014,1,card,medium,2.6264487068702533,7.6612300478322135,14.009648226896745
2024-01-24 17:51:00,40.76068557853851,-74.22164821823998,40.7115892133207,-74.14676094700964,1,card,medium,8.343555678129178,21.17912472920492,31.54040629524683
2024-01-24 17:59:00,40.779277190530884,-73.91281642999563,40.73996604641607,-73.87254710095701,1,cash,low,5.532717284385075,8.896950427297392,16.419322012091143
2024-01-24 18:08:00,40.75345653972124,-74.00533057900708,40.691840427246234,-74.02892564809406,1,card,high,7.1341025875299415,32.85592550573179,38.25288087626183
2024-01-24 18:17:00,40.59224846832433,-74.15549090143344,40.633216230716144,-74.20807203608192,1,card,medium,6.36013959250926,16.3134947481082,24.650698531339415
2024-01-24 18:25:00,40.749010825014246,-73.81237184123471,40.73168964158818,-73.7998701625343,1,card,medium,2.195209000077938,5.910409382863301,9.723970272309844
2024-01-24 18:34:00,40.66960688531017,-74.11139627226687,40.71246940959182,-74.13357305480415,3,cash,high,5.119736488792249,32.15360294839608,30.08502752823488
2024-01-24 18:43:00,40.696513981328465,-74.11487611591882,40.70263012943231,-74.13369991578544,1,card,low,1.7264617171274048,2.5946823048765064,10.498248856889381
2024-01-24 18:51:00,40.80069454372363,-74.12088547328594,40.78751771771396,-74.17197010929615,1,mobile_wallet,high,4.543134488965083,31.787143297828198,21.81713732888345
2024-01-24 19:00:00,40.7492170240212,-73.86859755368458,40.69658489644761,-73.91411094628806,2,card,low,6.997276139685957,11.34941091944645,25.281127012565744
2024-01-24 19:09:00,40.611694192306935,-73.89987947810593,40.62526766529025,-73.89255932124071,1,mobile_wallet,medium,1.630867165191097,5.857667337623983,6.930297244788946
2024-01-24 19:18:00,40.604834033418996,-73.79939570041012,40.59499554767889,-73.81140523056301,1,card,low,1.491599860171926,4.454492070861333,11.50766245861045
2024-01-24 19:26:00,40.643123616509904,-74.14303699801202,40.6837218932679,-74.03069385064109,1,card,high,10.4961866443667,40.055886778582845,49.22406940378872
2024-01-24 19:35:00,40.64490094983456,-73.85895405627316,40.61270746942016,-73.8322126518031,1,card,medium,4.231717925548031,11.045878796217474,17.486852774111874
2024-01-24 19:44:00,40.78682225737026,-73.96774675597068,40.814547107177624,-74.01957303913422,1,mobile_wallet,medium,5.341760836945585,9.928688941207277,20.17614904398147
2024-01-24 19:52:00,40.64045691777548,-74.10257339907714,40.714295096505495,-74.17167703001292,1,card,high,10.068290391631802,53.19452957583088,52.560130066340484
2024-01-24 20:01:00,40.87978460391342,-74.24191839247206,40.89204962007311,-74.22400067998244,3,cash,low,2.0319364324455997,1.4830517972199355,10.389440528648406
2024-01-24 20:10:00,40.65131862460856,-73.84233674957594,40.68665673998194,-73.86019576883865,1,card,high,4.208213221595745,23.451514771361936,25.703052813170288
2024-01-24 20:18:00,40.61098469144497,-74.13705360052819,40.63671975252296,-74.07713722780048,1,card,medium,5.810304076707438,13.859802671394082,26.460614847082468
2024-01-24 20:27:00,40.87775364556228,-73.93781105153039,40.92,-73.9251271787997,1,cash,high,4.817026596994549,27.700990082608833,27.377937912323503
2024-01-24 20:36:00,40.680411375866086,-73.9800773526095,40.69713159484231,-74.06929076654575,1,card,medium,7.748381645988814,20.897295581281476,29.819130101798553
2024-01-24 20:45:00,40.72464369414347,-74.25773073529014,40.756141842471564,-74.26,5,cash,high,3.50764842865784,13.486068386367295,17.552833124681936
2024-01-24 20:53:00,40.906068970564235,-73.75288474873072,40.904436549281016,-73.78327244125104,1,cash,high,2.5602364539660374,15.590676290901621,15.768918481125624
2024-01-24 21:02:00,40.90108553451365,-73.84469202854194,40.86623805040792,-73.82480036631537,2,card,medium,4.22030597949875,9.702682339190202,19.766458100215118
2024-01-24 21:11:00,40.82307174235007,-74.0118996519753,40.768703836494424,-74.0592735113185,2,card,medium,7.2422778258546,17.561149429593222,27.270572027717364
2024-01-24 21:19:00,40.603439243589065,-73.91302590117638,40.660450826542714,-73.90614910944825,1,card,high,6.365904236208523,23.30958246266645,33.58393784819319
2024-01-24 21:28:00,40.78173564263987,-74.0169369393387,40.73635947092946,-74.07706368129327,2,cash,high,7.148741293251509,33.82978622658751,37.233665796834615
2024-01-24 21:37:00,40.91628649791437,-73.88026100164785,40.92,-73.87998265779382,5,card,high,0.41358438716277995,3.2485876311298045,6.574745271579648
2024-01-24 21:45:00,40.90195151766415,-74.19149244163236,40.92,-74.17484127233219,4,cash,medium,2.4465375755330183,6.735721612094987,12.01139596066895
2024-01-24 21:54:00,40.61604084745678,-74.03236099243065,40.65734118797709,-73.96659302814955,1,card,medium,7.203300589364916,17.909804571992613,27.489103977324568
2024-01-24 22:03:00,40.71462888305072,-74.08887603969285,40.69146684203448,-74.07782514563061,1,mobile_wallet,high,2.738795927270157,16.93500040345156,14.61290099659022
2024-01-24 22:12:00,40.687282493606965,-74.02557582581805,40.65169964745522,-74.06232889740934,1,cash,medium,5.026255950796928,12.33974247616827,19.859681752645045
2024-01-24 22:20:00,40.62410755634767,-74.03025894704122,40.64113428906216,-73.9630737181281,1,card,low,5.977257368474102,7.56448932818477,20.419968915396964
2024-01-24 22:29:00,40.81623142582458,-74.18702208561261,40.803076050530244,-74.19526509724196,1,cash,low,1.6189811868577586,7.005268703502015,9.049113063956122
2024-01-24 22:38:00,40.67310844388248,-73.7619908289384,40.617712168735196,-73.75,1,cash,low,6.242308080336354,8.142498867723745,20.13626962532439
2024-01-24 22:46:00,40.6972543730626,-74.25209900717806,40.78448802246791,-74.26,1,card,medium,9.722752257450537,27.351924432270636,37.411766197783066
2024-01-24 22:55:00,40.610722018078484,-74.25486279814314,40.58,-74.25077777644798,2,card,high,3.433500378105002,19.776302161983732,20.78603856811415
2024-01-24 23:04:00,40.749308969984746,-74.06954492754784,40.70459549794542,-74.10560198460385,1,card,high,5.826817534107975,46.20678304801433,39.396611759529605
2024-01-24 23:12:00,40.633777073641696,-73.94360806183313,40.62288096407362,-73.92910636384242,3,card,low,1.7221163783420876,4.5256530580828445,9.775805637645313
2024-01-24 23:21:00,40.726910744017026,-74.16837685432439,40.78328937962913,-74.13220459004204,1,card,low,6.970202195580982,9.879816955956345,23.064666085805623
2024-01-24 23:30:00,40.62873635551512,-73.98807105800888,40.58,-74.0103370254075,1,card,low,5.735982221827296,11.00618761609763,19.42816302768154
2024-01-24 23:39:00,40.90430896258305,-73.89138629633862,40.92,-73.91618165271102,2,card,medium,2.7176395555057886,5.045829326865201,13.961631086920391
2024-01-24 23:47:00,40.62929406128703,-74.21202908938953,40.58827775372149,-74.19597226955865,1,card,high,4.757961452784053,33.667960605214475,29.98733770879356
2024-01-24 23:56:00,40.75744163230922,-73.75794457191188,40.76934526811409,-73.79507029056097,1,card,high,3.395365094227635,17.121308873923454,19.014087371043285
2024-01-25 00:05:00,40.64697314060845,-74.08828266965297,40.61655282733088,-74.15659013558306,5,card,low,6.683455896110007,9.070318163881247,20.95868936569244
2024-01-25 00:13:00,40.605963013180684,-73.9323681389685,40.695599271610774,-73.91647430014045,0,card,high,10.056883550462105,122.36822898919894,76.24850877272955
2024-01-25 00:22:00,40.648784930406315,-74.20353287232486,40.65439283430522,-74.20837924527275,2,card,medium,0.745652683944148,1.0,7.382825473028157
2024-01-25 00:31:00,40.59862319651275,-73.89816194175212,40.58,-73.90396061436695,1,card,high,2.1279060027481727,10.159928907881055,16.129208311763005
2024-01-25 00:39:00,40.62739511026113,-73.83136726299813,40.61384600077844,-73.80791909434197,1,cash,high,2.487259725163941,11.283701710100171,13.730860614269186
2024-01-25 00:48:00,40.747784613639496,-74.20630457741139,40.75181828201007,-74.17657081155203,1,card,medium,2.544544325174756,5.322926950595651,15.898875825699664
2024-01-25 00:57:00,40.80161727715958,-74.19580979127127,40.80961272450888,-74.2030548763927,1,cash,high,1.078084900863958,14.791821243194514,10.90216879973137
2024-01-25 01:06:00,40.6096955371244,-74.11666581866251,40.62943984888286,-74.16718594190056,5,mobile_wallet,medium,4.796033645036482,14.976511980186086,15.464964749161517
2024-01-25 01:14:00,40.729946332127454,-74.25391273415859,40.72988312478175,-74.26,1,card,high,0.5129783489525606,1.0,7.643903025356155
2024-01-25 01:23:00,40.77762398777014,-73.757113839888,40.71565167902275,-73.75,2,cash,high,6.917015717779367,40.23698212839449,38.33874741330367
2024-01-25 01:32:00,40.65963672991176,-73.95482412177415,40.644324684721184,-73.94868600191913,1,card,high,1.7796232600419466,8.03730082233556,12.82272323939539
2024-01-25 01:40:00,40.70650665991545,-73.95012938051859,40.733806286783285,-73.97486855197768,1,cash,low,3.682600395102622,3.191650251041993,10.921250321208475
2024-01-25 01:49:00,40.60442385570943,-73.77092929347766,40.58,-73.80622668534025,1,card,high,4.0321738989974785,19.071720890232903,22.886830152015385
2024-01-25 01:58:00,40.65484456727925,-73.83566508029709,40.68511972486567,-73.80786305383558,1,cash,low,4.102555937327829,6.4368733423862725,12.323341474800065
2024-01-25 02:06:00,40.73869599481244,-73.84473610520614,40.74012331079554,-73.85471046345643,1,card,high,0.8552035481143722,5.322533791029605,12.535208184584533
2024-01-25 02:15:00,40.91675034083461,-74.08685379135018,40.906952033780115,-74.05298153630544,3,mobile_wallet,high,3.0477512046877897,30.76177995143728,17.58393336981263
2024-01-25 02:24:00,40.91873012139931,-74.08921966933303,40.92,-74.0496495584483,1,card,low,3.327775152033977,5.59375865053306,14.110322993077611
2024-01-25 02:33:00,40.91307137158226,-74.11121364049555,40.83485545658497,-74.12529142925838,1,cash,medium,8.777389649132012,19.410617184337582,31.275477297189433
2024-01-25 02:41:00,40.72384937134211,-74.08318516149409,40.693459930920206,-74.04045102467646,1,mobile_wallet,medium,4.938969805942453,10.576111792798251,14.409580827823035
2024-01-25 02:50:00,40.60743132866099,-74.07155053170648,40.66289062059653,-74.0653220927557,2,cash,high,6.189147652182282,26.750155789198303,28.346239674178964
2024-01-25 02:59:00,40.69001496866477,-74.18859811861991,40.77236718100668,-74.17654899792862,1,card,low,9.213259082960784,13.446704833050061,31.475664472451818
2024-01-25 03:07:00,40.66082288762613,-74.07846659002193,40.76369254943636,-74.17696029930197,1,card,high,14.13354318081342,74.72497941021743,71.30184149022382
2024-01-25 03:16:00,40.58480303546935,-74.03215901202519,40.587069034334576,-74.07585047044975,1,cash,high,3.6981135748519685,15.678920596178356,17.64514238579096
2024-01-25 03:25:00,40.61237942749805,-74.1022328572392,40.63298480958075,-74.14348410361369,3,card,medium,4.167828477583354,11.597097817893818,17.81968837378101
2024-01-25 03:33:00,40.73408525791668,-74.17567304623965,40.77086951014229,-74.19001250874781,4,card,medium,4.264841943066929,10.13185283379199,17.19708866835162
2024-01-25 03:42:00,40.69548523769346,-74.06956069692897,40.75286362494058,-74.06441490158456,6,cash,medium,6.394904884133672,13.68744788301378,24.703172057594912
2024-01-25 03:51:00,40.64132026535572,-74.01473703565962,40.65540940241609,-74.00775077103278,1,mobile_wallet,low,1.673845515881873,1.930598583016573,6.321106245453547
2024-01-25 04:00:00,40.82347399002398,-73.89242852279976,40.86515069157905,-73.87956991019415,1,card,high,4.758791919761242,26.83224207395995,27.81108871637411
2024-01-25 04:08:00,40.70141930260485,-73.89726874164792,40.722109123624854,-73.9280912482549,1,card,low,3.470137931272258,5.27573392597702,-14.18307671406672
2024-01-25 04:17:00,40.86963507095383,-74.15662553414751,40.8931351483397,-74.12551420077764,1,cash,medium,3.6972082730854257,10.02980261751201,16.24166260236381
2024-01-25 04:26:00,40.661932234489456,-74.2413057484642,40.620605618828954,-74.15988776850438,1,card,low,8.264914822624757,12.349679174942894,25.023141976683792
2024-01-25 04:34:00,40.763053786629456,-74.1050622438784,40.74823916925752,-74.1209618638136,1,mobile_wallet,medium,2.123008359652446,2.1690956903119005,7.416787013156801
2024-01-25 04:43:00,40.64260733383072,-74.17986048452194,40.619082719917216,-74.20972555205645,1,cash,medium,3.6323823006006455,7.703269273609214,15.881898738761937
2024-01-25 04:52:00,40.74840220957119,-74.0581478756,40.694901914160155,-74.08898780767599,1,card,medium,6.491906476907068,19.39522108348878,27.5362423711961
2024-01-25 05:00:00,40.63183861305265,-73.76053347923217,40.58,-73.75668742703829,1,cash,low,5.773327801321904,10.041142734306172,19.367204624185042
2024-01-25 05:09:00,40.63493673228631,-74.16765360083834,40.615873494849666,-74.19131294077091,5,cash,medium,2.912080082315614,4.576537351632145,12.500930129523411
2024-01-25 05:18:00,40.78815594819429,-74.09737428885428,40.776281243504656,-74.17523906744303,1,card,medium,6.687592978301875,12.978897030236173,24.66505479366899
2024-01-25 05:27:00,40.66968725433976,-73.89019169867701,40.67441392276102,-73.95574553293734,1,card,medium,5.553477981102615,10.907669402485105,21.135375097764392
2024-01-25 05:35:00,40.638604857031844,-74.00031678074042,40.66361305986965,-73.95440822446439,1,cash,low,4.767871816420053,8.870313153988898,16.88293572753026
2024-01-25 05:44:00,40.89612120504593,-74.23759664677758,40.90458670600819,-74.17991591497203,1,card,medium,4.9384140520998265,13.47903643231688,20.53272939294063
2024-01-25 05:53:00,40.59462110525162,-74.17753809073773,40.58306010226274,-74.10554305927961,1,mobile_wallet,medium,6.213778107265116,18.663912827567128,19.200467744709236
2024-01-25 06:01:00,40.7721503583166,-73.78302272706567,40.73096967410664,-73.7728390273206,3,card,high,4.658741408526391,23.858767404761043,26.861291327976915
2024-01-25 06:10:00,40.76640970622331,-74.2073858537031,40.80587781561086,-74.25197660156103,1,card,medium,5.775295305216847,15.180678172334352,24.655836022541234
2024-01-25 06:19:00,40.66520701729704,-73.93610267852306,40.66062501751902,-73.95581340523513,1,mobile_wallet,low,1.7388692930325436,1.9809654731415882,5.733429739410734
2024-01-25 06:27:00,40.73394239333836,-73.85591391909114,40.71442185256305,-73.92302636266523,4,card,low,6.057798368524688,9.674612613830714,20.00746492982217
2024-01-25 06:36:00,40.609830846248094,-74.1246260780103,40.6014404035395,-74.19347121753968,1,card,low,5.886314507891312,8.696554492656427,19.893139973190866
2024-01-25 06:45:00,40.82523184961412,-73.89021021839928,40.79225835398316,-73.87872339642395,1,card,low,3.791800211466943,7.40724106591437,16.040259929165835
2024-01-25 06:54:00,40.65537703044812,-74.1733534586946,40.63149670389462,-74.1490979389713,1,mobile_wallet,high,3.3524806969765857,26.63852152415716,18.498871385146526
2024-01-25 07:02:00,40.64575102234103,-74.11477735983478,40.62044039824297,-74.0266505498271,1,mobile_wallet,medium,7.9513550328285785,19.256465838776347,25.379574813924776
2024-01-25 07:11:00,40.68705868261435,-74.10097076424906,40.67412849880433,-74.10470997517743,1,card,low,1.4719393025857637,1.5037705136185082,10.61443997448341
2024-01-25 07:20:00,40.88680577288947,-73.75181815481224,40.91631474594628,-73.8129207212985,1,cash,high,6.094146153788891,27.817018515437614,28.57067075176653
2024-01-25 07:28:00,40.85079866041641,-74.15056812943885,40.86911870350074,-74.15605454670784,1,cash,low,2.088694822214733,1.0,902.8956443352513
2024-01-25 07:37:00,40.90194337898548,-74.19410419303688,40.92,-74.20681485699698,4,card,high,2.2742368146562373,12.385607052031395,16.701311888276077
2024-01-25 07:46:00,40.80166719765125,-73.78789736688448,40.85619500679629,-73.81000279234041,1,card,low,6.342064252736333,7.827979439374538,21.508404678660415
2024-01-25 07:54:00,40.80539331375091,-74.17741534615162,40.89343229354647,-74.16194661561525,1,cash,medium,9.875571946425035,28.822170933599867,37.65412199282147
2024-01-25 08:03:00,40.74321053980491,-73.811567240989,40.768372671390104,-73.86621850479878,2,card,high,5.386875040042986,29.061875457291052,30.221451206301175
2024-01-25 08:12:00,40.88776334994477,-73.92826711990018,40.91220308495158,-73.92238465542302,1,card,low,2.762181515673053,4.676584916335234,12.86735839895858
2024-01-25 08:21:00,40.753698230751915,-73.96580063598404,40.73176452075825,-73.93648028902666,2,card,low,3.4712973244958736,1.0,16.520540598961677
2024-01-25 08:29:00,40.700720424070305,-73.87681725711124,40.7378910944576,-73.8129290574508,1,card,high,6.787745658777949,45.46184676388614,37.51376366651414
2024-01-25 08:38:00,40.79772750337201,-73.8897405318545,40.76820224152007,-73.87577361864788,2,card,medium,3.487311760219472,14.981435771975146,18.036419645389227
2024-01-25 08:47:00,40.765687427756326,-74.20363164339666,40.69951692915915,-74.15669122312329,3,card,high,8.35349950429461,38.21912282694896,40.5168775610364
2024-01-25 08:55:00,40.62216673720536,-73.7502722836926,40.69085128985651,-73.77024760550637,1,card,medium,7.821049260702482,13.173636848471745,29.8074780603633
2024-01-25 09:04:00,40.71352664073022,-73.77963623951115,40.65731346897175,-73.79332930184471,1,mobile_wallet,low,6.3563602501154,13.549207509518764,17.74954456219973
2024-01-25 09:13:00,40.68653063977212,-73.80273809894042,40.70627897030393,-73.75,1,card,medium,4.958813038824604,12.594659789292106,21.053246240389768
2024-01-25 09:21:00,40.86792348350379,-73.94263254168938,40.82830857172629,-74.00435384081275,1,card,high,6.80853357196687,36.80965206018446,36.577102913559706
2024-01-25 09:30:00,40.708806469370856,-73.99337642102053,40.75950651239649,-74.01151773462158,1,card,low,5.841132607199223,6.454311008553456,22.71776069365773
2024-01-25 09:39:00,40.859328779097225,-73.98649792222035,40.916161528456904,-73.93571783841769,1,card,low,7.626146588168424,16.260294755505985,26.209392086752935
2024-01-25 09:48:00,40.73041246192632,-74.25238215844361,40.75422546326036,-74.26,1,cash,medium,2.724550911485742,4.866771186150315,13.406643098612241
2024-01-25 09:56:00,40.83619019157151,-74.00527055400782,40.89227660349794,-74.01812264544203,1,card,high,6.32947778220375,32.12707279604806,33.48178037105671
2024-01-25 10:05:00,40.6259958556938,-73.94187752049345,40.626326024106206,-73.95381746573894,2,cash,medium,1.0083291299220518,3.765745332160132,7.515340222360815
2024-01-25 10:14:00,40.89438107468388,-73.92405983352478,40.92,-73.91878800365666,1,card,medium,2.8829393531239433,6.775825804252189,17.77229338549156
2024-01-25 10:22:00,40.74339036287163,-74.09060887282384,40.77696779837881,-74.04173509993747,1,cash,low,5.557387714034059,9.110715990863682,18.633193629394476
2024-01-25 10:31:00,40.668331403512944,-74.0196460013503,40.62780658332988,-73.97805558302575,4,cash,medium,5.711158757568324,13.267308126678756,20.199679987573756
2024-01-25 10:40:00,40.66210646616403,-73.9354815906021,40.66523876805752,-73.93496601473464,3,card,medium,0.351000407981517,1.324670767184585,8.328763433062003
2024-01-25 10:48:00,40.67012627811549,-74.04156418975965,40.663263686935814,-73.99240670422257,4,cash,low,4.215719227413901,5.686614029971508,15.557211984896371
2024-01-25 10:57:00,40.704686218792105,-73.7693110485184,40.69341713616241,-73.75393036516857,1,cash,medium,1.8031629627573753,3.3178646109081513,-10.328982684285142
2024-01-25 11:06:00,40.82395664110971,-73.90022452397548,40.749385375854246,-73.86156411642354,1,mobile_wallet,medium,8.907886952488658,19.021991122987853,28.438945346130435
2024-01-25 11:15:00,40.90286503458627,-74.25935038941205,40.92,-74.26,1,mobile_wallet,medium,1.9061030550444227,5.3960155190871575,8.504650983328549
2024-01-25 11:23:00,40.80747272624203,-74.24812746444405,40.74511384218971,-74.16989259143956,4,cash,high,9.564409998372447,40.68265015264487,41.35626730519319
2024-01-25 11:32:00,40.76603653212099,-73.90794689623112,40.652393204497486,-73.89803730879458,3,card,high,12.664136781140918,122.36555807431299,85.40208287411014
2024-01-25 11:41:00,40.73252325472583,-74.0495510002518,40.71704264087528,-74.1732249208811,2,card,medium,10.56311689067433,26.03563697071812,41.09201807252092
2024-01-25 11:49:00,40.86158611879279,-73.83186981590174,40.82757090439014,-73.75719109309561,1,cash,high,7.3325809580220405,107.60125626708147,60.99371888643521
2024-01-25 11:58:00,40.86888344883167,-74.171762141162,40.830114283263065,-74.17153466925753,1,mobile_wallet,high,4.310976979484113,17.338445248037566,19.1818268766418
2024-01-25 12:07:00,40.67963280930716,-74.25294827383334,40.58,-74.26,2,card,medium,11.094634085685078,23.76349188118747,41.253014840299166
2024-01-25 12:15:00,40.90416288454217,-74.062078001442,40.865874955124276,-74.08933373937543,1,card,high,4.834835593681984,28.780877657082645,26.560338087736913
2024-01-25 12:24:00,40.71433922349017,-73.8846073068032,40.7065253395574,-73.86482972271915,1,card,low,1.8798467143173325,4.720153593891178,11.354100208599649
2024-01-25 12:33:00,40.85202654352512,-73.76441885597744,40.8234896162208,-73.80439635732962,1,card,high,4.623823358065084,24.339368445701442,26.337303790871314
2024-01-25 12:42:00,40.90871875854796,-73.80933652153097,40.92,-73.83529731235114,2,card,low,2.516407358128267,3.4573923481908237,12.320281333590765
2024-01-25 12:50:00,40.81924375429091,-74.01312194791207,40.88191348347231,-74.0380014625836,1,card,low,7.275973830962761,13.033426448298279,24.98950475780608
2024-01-25 12:59:00,40.634927246993406,-73.84546318556986,40.65816378180489,-73.85861430253645,2,cash,medium,2.8119418679097663,6.102737846290037,14.867804456321132
2024-01-25 13:08:00,40.77928656475914,-74.22413146648752,40.82547430799373,-74.24731583772545,1,card,low,5.494091619980975,8.653812236333875,19.911638753161704
2024-01-25 13:16:00,40.6203842218525,-73.9681411027317,40.670294922886676,-73.92976446680724,1,cash,low,6.425263254083292,6.851795492799395,22.305189676666025
2024-01-25 13:25:00,40.848308293555434,-73.78860780936262,40.80245955903743,-73.77641000564672,1,card,medium,5.20043113482331,17.89904647493264,22.507275143380955
2024-01-25 13:34:00,40.67564715911712,-74.05784357477972,40.695407320288,-74.04015692155423,1,cash,low,2.6555331829074422,2.3341233884943184,11.591228405480196
2024-01-25 13:42:00,40.81637303984041,-73.77034867887181,40.861155120741856,-73.75,1,card,high,5.265565439784476,42.17995412428972,32.61283809055331
2024-01-25 13:51:00,40.88943048920427,-74.14745060066817,40.86981226769209,-74.15163984282562,1,card,high,2.209695895499899,9.056961138100762,16.128566918876412
2024-01-25 14:00:00,40.64154334922786,-74.20612675713798,40.6059651499765,-74.25204067694855,1,cash,medium,5.537733049872624,16.64615524517278,20.77651727139101
2024-01-25 14:09:00,40.7135716651244,-73.99237120859833,40.737439955789135,-73.91113844702637,1,cash,low,7.341850802261847,9.75557953579879,25.954196456186224
2024-01-25 14:17:00,40.80002038794501,-73.79730409528958,40.73334708871457,-73.75556503583125,1,card,medium,8.204840187110802,18.16393648523908,32.76850037313281
2024-01-25 14:26:00,40.72268392155523,-74.10124759844018,40.673723715317244,-74.02867038281308,2,card,low,8.189886089344686,11.276334060032395,26.85622164461785
2024-01-25 14:35:00,40.639438440152404,-73.85191823710653,40.60943440451115,-73.80536400816327,1,mobile_wallet,medium,5.154408940384418,12.520449050174697,15.535881480172868
2024-01-25 14:43:00,40.58988434881739,-74.17370939440106,40.61015748840828,-74.194426107575,1,card,low,2.853229157209978,5.190256936970141,15.41406638413324
2024-01-25 14:52:00,40.718243368858666,-73.87975909803953,40.72809443232867,-73.98541810526433,1,card,medium,8.971153291248228,20.080999061040675,34.22964676937606
2024-01-25 15:01:00,40.80073106903785,-73.97591625989241,40.8471877586177,-74.03122559904116,1,mobile_wallet,low,6.95298463994305,10.86836889206611,19.17648297142173
2024-01-25 15:09:00,40.775154630771844,-74.17074134254888,40.73367047832549,-74.14209785044702,1,cash,high,5.205695028382754,23.193749102346565,24.22930995658637
2024-01-25 15:18:00,40.633122021518616,-73.89377550278682,40.58922573781158,-73.89835415915697,3,card,low,4.896322270050664,8.365545562693598,15.934970336948314
2024-01-25 15:27:00,40.73323577091491,-73.89598438213723,40.75681180950865,-73.91487762578844,1,cash,medium,3.066880661109832,8.987689051459304,16.55713672266343
2024-01-25 15:36:00,40.705620155701624,-73.99712803313685,40.669680145016805,-74.10942794071116,1,card,low,10.2775156228832,12.648619437334839,34.01284114644255
2024-01-25 15:44:00,40.673228816779755,-74.14501150480224,40.64607114058251,-74.14560223169323,1,cash,medium,3.0202068907155697,8.43581717303589,11.703539187135267
2024-01-25 15:53:00,40.827952222912536,-74.19253011495506,40.74439780514621,-74.24121014971641,1,cash,high,10.154640858297109,48.575869673346325,49.13667345155364
2024-01-25 16:02:00,40.685281690209244,-73.7717999252855,40.698369760272854,-73.80439714141997,3,card,low,3.10984841425466,6.492267498219594,11.999607964436887
2024-01-25 16:10:00,40.76364826379323,-73.92553560548784,40.833006335024955,-73.88728092112747,1,mobile_wallet,low,8.357528508401522,10.214667945122745,22.994855368293624
2024-01-25 16:19:00,40.89389600199167,-73.84728684337757,40.847578000758155,-73.89359823131136,2,cash,low,6.456744574305778,11.095159002928902,23.125304091076586
2024-01-25 16:28:00,40.76335383396622,-73.90454503018438,40.80933049649363,-73.94656104892617,3,card,medium,6.21686651797626,15.235724320219195,23.580155207134226
2024-01-25 16:36:00,40.78978778945459,-73.83696843075194,40.787114853310044,-73.82861731601848,1,cash,medium,0.7633112516068037,1.2966991632010494,4.970559714815607
2024-01-25 16:45:00,40.604903635296964,-74.17712968192805,40.58,-74.13787338780546,1,cash,high,4.319174881245965,23.99713864489054,23.919808383747135
2024-01-25 16:54:00,40.64056560887219,-74.00655538548101,40.60030290036892,-74.02467715077431,2,card,high,4.731065492864697,22.355582614285126,23.720888409453476
2024-01-25 17:03:00,40.614323407761354,-73.91976636704383,40.58,-73.85374167381781,2,card,low,6.755850851256782,11.105681527546666,22.15021288190362
2024-01-25 17:11:00,40.84003640244099,-74.20727115105345,40.82579265210966,-74.26,1,card,high,4.710453232364371,42.11198350738625,32.11828957081199
2024-01-25 17:20:00,40.86421316751173,-74.18352195584252,40.88309131049183,-74.2489544578699,1,mobile_wallet,high,5.888467438288477,63.60187831785081,743.642309077461
2024-01-25 17:29:00,40.643394799686156,-73.93666887693202,40.72659632736202,-74.00593674685486,1,card,medium,10.940977239079125,28.418822776467906,40.433347255477926
2024-01-25 17:37:00,40.65455239531385,-73.81696003983055,40.59015083454252,-73.89130830922902,1,card,medium,9.521356366592325,22.78754371557826,35.66875386358845
2024-01-25 17:46:00,40.68989047842754,-73.92318774873979,40.66807549556614,-73.9080430453076,1,card,medium,2.741370012021102,6.727811203266114,18.571111382430814
2024-01-25 17:55:00,40.7809663897643,-74.24153554513741,40.74064725138332,-74.26,1,card,medium,4.745345758011021,12.368897479768691,21.448049302261524
2024-01-25 18:03:00,40.791410705892005,-73.76507921228394,40.73435163012498,-73.82853786865715,1,card,medium,8.295735372015312,13.313202756869504,27.275868207217453
2024-01-25 18:12:00,40.8134963459041,-74.18885148053782,40.81779149180153,-74.17176062925672,1,card,low,1.5154901599768256,3.4833026667325746,9.287125611041404
2024-01-25 18:21:00,40.88776553711258,-74.14139326088824,40.887832136715986,-74.10431554476466,1,card,medium,3.116856984051356,7.5393087410012765,15.343357562322735
2024-01-25 18:30:00,40.68031364776882,-73.76276668622859,40.59869254215009,-73.75,3,cash,medium,9.139556964160846,23.340872759253816,35.817734732827546
2024-01-25 18:38:00,40.8039780563303,-73.86677317170678,40.80479483008785,-73.82738537079665,1,card,low,3.3164538053472215,6.231183274371506,15.75876947198474
2024-01-25 18:47:00,40.770305767564416,-73.78234589300696,40.716062947883415,-73.82366054897888,2,card,high,6.9637525727789225,40.64174050487945,39.02950157762706
2024-01-25 18:56:00,40.683984661740276,-73.84862395666791,40.68451690910135,-73.83619986326767,1,card,low,1.049277664351707,3.667645252045168,9.330272422873286
2024-01-25 19:04:00,40.88852116344185,-73.92761541774837,40.92,-73.9052561967657,1,cash,low,3.9727883807263833,4.308235463599816,11.326647372734294
2024-01-25 19:13:00,40.612464360066134,-74.11487797057987,40.63330241831455,-74.13624771660888,1,card,medium,2.9362812685925834,10.444595988519026,16.052761963252955
2024-01-25 19:22:00,40.8220803491229,-74.09329046473324,40.83006861837122,-74.08587662005753,1,card,medium,1.0854184323457439,1.0,5.996284828162617
2024-01-25 19:30:00,40.82747706242768,-73.77689175274737,40.803682603344534,-73.83321457309565,1,cash,low,5.428271060768139,7.636973336868252,19.10066675838621
2024-01-25 19:39:00,40.89121101941459,-73.82108093576062,40.894220063702605,-73.84932294368485,1,card,medium,2.3973827865724373,8.548666056459348,15.166954667239937
2024-01-25 19:48:00,40.75631740139946,-74.07665987129441,40.781663841400594,-74.05992944254295,3,card,medium,3.150939991333174,7.095790509289337,14.604239259978055
2024-01-25 19:57:00,40.68935159499454,-74.06963361701344,40.71023908042092,-74.00179419756782,1,card,low,6.172561768883522,12.017957182512434,24.56413008126998
2024-01-25 20:05:00,40.861431827752405,-74.1081758609593,40.856966983380794,-74.05636107835983,1,cash,low,4.385756543391692,6.504935653988321,15.617407107913333
2024-01-25 20:14:00,40.84207549582302,-74.09367362726125,40.851857430400266,-74.0639349957632,1,card,medium,2.7276978723717065,9.645146793771927,17.670515165997642
2024-01-25 20:23:00,40.75010730890262,-73.82105959219273,40.690862027000726,-73.81747309044786,2,cash,medium,6.594704881980855,13.420742458293082,24.94073909759588
2024-01-25 20:31:00,40.8410715077155,-74.25464150313918,40.8080263528505,-74.25802687622307,1,mobile_wallet,low,3.685478451594324,5.583701887301394,11.126293917122277
2024-01-25 20:40:00,40.67107770470627,-74.03761316323414,40.70291789357084,-74.10275516115908,1,cash,medium,6.5347854385622455,18.895044706114767,24.186560421394894
2024-01-25 20:49:00,40.78043215233718,-73.77915176395076,40.818323635149014,-73.8167495579758,3,card,medium,5.269545826323185,13.920029608447146,23.567890549216227
2024-01-25 20:57:00,40.87416237462788,-73.98325545885677,40.87837431121565,-74.01938392731348,1,cash,high,3.0734747529551556,21.314735857682077,19.458796800787315
2024-01-25 21:06:00,40.68811473156961,-74.0302726470266,40.75466818961605,-74.00440847782728,1,card,medium,7.714724144704704,17.53601349399148,29.08339805741185
2024-01-25 21:15:00,40.744406994026455,-74.1006913996032,40.76726786776722,-74.05816874988635,1,card,low,4.3920698937741465,9.360640747602488,18.336254163597353
2024-01-25 21:24:00,40.903355250418784,-74.22230455877043,40.89286451211495,-74.18915875489174,1,card,medium,3.0202532550666916,5.980823631112047,15.53471043023539
2024-01-25 21:32:00,40.85139202627039,-74.14551189620597,40.796503152383565,-74.09229190649283,2,card,low,7.569982761222299,11.358331327111028,25.248926419970044
2024-01-25 21:41:00,40.88159326691239,-74.2138662109322,40.92,-74.2106146211135,1,mobile_wallet,medium,4.279368808046522,10.360530265827936,12.903596769240028
2024-01-25 21:50:00,40.71098400070275,-74.19538329084514,40.74564828627471,-74.23961514906186,2,cash,medium,5.361815276470791,13.913188388141283,19.950216561057807
2024-01-25 21:58:00,40.918811788275754,-74.1766065624956,40.92,-74.17885354283132,1,cash,high,0.23043591487199117,3.2375594092821802,2.5151400790810348
2024-01-25 22:07:00,40.631872305592495,-74.10596498963702,40.72938044109017,-74.13858265870648,2,cash,medium,11.185841600995468,28.511015979541842,40.54298053270315
2024-01-25 22:16:00,40.75638199829355,-74.25438149320229,40.69846968448832,-74.22477779357327,3,cash,high,6.905854421605846,43.50200903184478,38.4063348359751
2024-01-25 22:24:00,40.742952949980726,-73.77542661834744,40.685157931495006,-73.79158555148682,5,cash,medium,6.569238745680381,14.88157780401868,26.75592667305907
2024-01-25 22:33:00,40.851466944872044,-74.19685226273475,40.72262294880644,-74.2012861855103,2,card,medium,14.331661064748204,35.30742571113977,51.48860916008107
2024-01-25 22:42:00,40.888930042655105,-74.06459407509661,40.92,-74.03338107476141,2,card,low,4.337843588516877,5.61146535869093,16.443992830170764
2024-01-25 22:51:00,40.82858738814874,-73.81144094454547,40.85812910908568,-73.84479018757709,1,card,low,4.319749395366402,3.5586919317889896,15.212674375710701
2024-01-25 22:59:00,40.793117520284305,-74.20565033520272,40.797517575289966,-74.16227138884072,1,cash,high,3.684268527945113,17.268163585283794,19.12408666518151
2024-01-25 23:08:00,40.725325924888494,-74.0133618316054,40.670149929491544,-74.07400366744358,1,cash,high,7.986089446862825,39.21775050770812,39.79449893069905
2024-01-25 23:17:00,40.75351081180575,-73.82916036525388,40.749504295795134,-73.81536557169663,1,mobile_wallet,medium,1.2444852383667226,2.943064532125559,3.0847953452464463
2024-01-25 23:25:00,40.75316210649644,-73.9759490617426,40.76147385377179,-73.98003951662211,1,cash,medium,0.9863529028628019,4.818823411369636,12.623551302709483
2024-01-25 23:34:00,40.586925281052686,-74.1527247663344,40.62214793606225,-74.11549438549532,1,card,low,5.021783047586514,7.731672761978661,19.669160050086774
2024-01-25 23:43:00,40.75103557364141,-73.88489013897959,40.763319984792346,-73.94673696726346,1,card,medium,5.385366168040958,15.616482781925653,23.486749627768557
2024-01-25 23:51:00,40.871030072059206,-73.91251605793757,40.90090113033381,-73.98140165846317,1,card,high,6.6758144926429885,45.62683688487112,39.808961933562536
2024-01-26 00:00:00,40.82115316378837,-74.07528518766107,40.815567274642234,-74.04153319029732,1,cash,low,2.907377061272753,5.995042390029341,14.070474419151495
2024-01-26 00:09:00,40.8505409315225,-74.2363894675935,40.90370761674914,-74.25398096396322,3,card,low,6.094068424467304,10.643092883067329,21.113911315034954
2024-01-26 00:18:00,40.7127648965213,-74.255989008153,40.741192750006256,-74.26,1,card,medium,3.179051589548887,9.408305252521979,14.76595754410878
2024-01-26 00:26:00,40.759850900550404,-73.83904962960514,40.70643891236887,-73.86873834184605,1,card,medium,6.444460876764958,15.721186774160095,24.9447080568371
2024-01-26 00:35:00,40.59138441345901,-74.09600574560488,40.65389933000354,-74.05492927851266,1,cash,low,7.767869582184237,15.435607403669822,26.00500942339068
2024-01-26 00:44:00,40.71021930033758,-74.18973735171099,40.765370018859755,-74.17627262224254,1,card,medium,6.236527071614395,15.345589875287573,23.53852554623355
2024-01-26 00:52:00,40.741301455263496,-73.99553887465689,40.76224781843088,-73.98470899069432,1,cash,medium,2.501410739565806,5.855196025949878,14.34920789516623
2024-01-26 01:01:00,40.66677102586369,-73.7903750191802,40.67940332258812,-73.84300794024807,1,card,high,4.6557314058685835,24.202752518209564,26.564671310762918
2024-01-26 01:10:00,40.59062193285682,-74.25567475909358,40.66525945345634,-74.23310700919939,3,card,high,8.515036861451176,57.13131846006171,47.98258525778449
2024-01-26 01:18:00,40.814738756984845,-74.23136679425504,40.7412396780026,-74.26,2,cash,medium,8.520927553795753,23.172487347437734,29.717505231678857
2024-01-26 01:27:00,40.727929835288606,-74.04730708438161,40.78378493887129,-74.07694197062727,1,card,high,6.693640868492286,68.46836768593354,46.67724033790367
2024-01-26 01:36:00,40.72133058565816,-73.91525738755492,40.699901284222314,-73.97669803247025,1,cash,medium,5.700563902307197,14.585541018766467,22.791053407223394
2024-01-26 01:45:00,40.66499549636969,-74.01718876602881,40.71427848145816,-74.0242331323851,1,cash,medium,5.512110104028733,13.909031549413612,21.476208999502106
2024-01-26 01:53:00,40.76286233565933,-73.80225029638264,40.76827924878194,-73.7543489996796,1,card,low,4.078853868271347,6.022257469217127,13.123481128088894
2024-01-26 02:02:00,40.72892910563205,-74.2375168766759,40.672997434578676,-74.22731560216356,5,cash,low,6.278491195420419,10.22675442218431,21.96511174191425
2024-01-26 02:11:00,40.74115472082989,-74.08652815648169,40.71881132937828,-74.10641009727404,1,cash,medium,2.996540084539766,6.540984537661123,14.00323422520202
2024-01-26 02:19:00,40.77749625846837,-74.08081257641176,40.82347406676084,-74.0759009920972,1,card,high,5.1291876750361025,25.284923259988446,28.070811448439645
2024-01-26 02:28:00,40.582150380061506,-74.08653511474697,40.58,-74.08187248600093,5,card,medium,0.46067788232337475,1.44235161206533,7.436992416603157
2024-01-26 02:37:00,40.88861660720306,-74.01128018481707,40.86064976354075,-74.00830709404038,1,card,high,3.1198019430138926,17.50219445750846,18.92189345869479
2024-01-26 02:45:00,40.60416971496132,-73.85680570695075,40.58,-73.84882565758906,5,card,low,2.770730287993921,3.0031862190038208,10.413543353039165
2024-01-26 02:54:00,40.73331441408744,-74.09787986563457,40.76221554808796,-74.1446796115621,1,card,low,5.0862841188379315,8.77077900752629,21.225959818554546
2024-01-26 03:03:00,40.65050677758139,-73.88031356461758,40.72928535393769,-73.87551933841623,2,cash,high,8.769099324218441,44.42395532051294,40.16880512774073
2024-01-26 03:12:00,40.75808600558576,-74.18530260964768,40.661746253907125,-74.26,1,mobile_wallet,medium,12.425714158399893,31.539967463403496,41.51046866061985
2024-01-26 03:20:00,40.675278236991026,-73.97403032362669,40.80130903712148,-73.94812726124852,2,card,medium,14.182898603622121,37.8705136044547,54.95135520402521
2024-01-26 03:29:00,40.87240220934129,-74.06870510691057,40.88157078964522,-74.11832882054654,3,cash,low,4.294933399298281,6.2188591865159495,13.578760098741009
2024-01-26 03:38:00,40.71476234354722,-73.98500249082926,40.740872429635665,-73.93201058847211,1,cash,high,5.326245570657348,25.87630649047167,28.726278988266305
2024-01-26 03:46:00,40.79717688896127,-74.20504762731015,40.77754511033964,-74.26,2,cash,low,5.115589403493321,7.603788359921548,16.623769068667848
2024-01-26 03:55:00,40.664619107570275,-73.77373394815194,40.66446092695172,-73.75,1,cash,high,2.0019302148283336,13.459266559934747,14.21482427082197
2024-01-26 04:04:00,40.586598091167964,-73.7978308004311,40.59526117671386,-73.87159573088611,1,card,low,6.302654388800615,9.655886888437388,20.671286083612134
2024-01-26 04:12:00,40.71741254210851,-73.83853788481179,40.670203222453345,-73.89253494312295,1,card,low,6.948456098384566,12.279655991294995,23.389119679612374
2024-01-26 04:21:00,40.762405406449815,-73.80468076007209,40.72614974172823,-73.79122319336474,1,card,high,4.187827020831154,24.451547972257632,26.102666870132232
2024-01-26 04:30:00,40.736246031429,-74.18518918620745,40.789551570769106,-74.15734701190834,1,card,medium,6.374283566475908,20.44454575350745,26.538853162994993
2024-01-26 04:39:00,40.90708488369842,-74.00310189575997,40.83722927565725,-74.01585423995319,1,card,low,7.841247218463395,13.77654762135249,27.56013093970459
2024-01-26 04:47:00,40.82032531910765,-74.09786632903418,40.840172078756765,-74.05769905668257,1,card,medium,4.036240882765238,12.324125767557087,17.247171158760942
2024-01-26 04:56:00,40.91852773221264,-73.80743316993488,40.901854471291024,-73.8432781113089,1,card,low,3.5370307444204867,5.3588706816486305,15.948999346846518
2024-01-26 05:05:00,40.68032043070675,-74.16338678192528,40.63708860898035,-74.18137291953047,1,card,low,5.04089527747324,4.860014974368536,18.60775447057255
2024-01-26 05:13:00,40.84827811506643,-74.1478278688776,40.92,-74.16142137628931,1,card,low,8.056568396978436,12.850706469280635,26.90239655746129
2024-01-26 05:22:00,40.76888987896585,-73.90977562725895,40.725937263709085,-73.93400344087698,2,card,medium,5.193919528690855,12.107666207643874,22.276174577322
2024-01-26 05:31:00,40.78799852051249,-74.2146611738653,40.73714393052444,-74.26,1,card,low,6.823298647312178,10.07433169851463,25.35023294446824
2024-01-26 05:39:00,40.915190088150396,-73.88649273977252,40.90677631649197,-73.8876027577654,3,card,high,0.9402072481610756,10.377859185183667,9.637945388728431
2024-01-26 05:48:00,40.80235564791538,-74.1232550829598,40.76777050938078,-74.12843040487643,1,cash,high,3.8702975731734597,17.18630285532376,18.16404747830193
2024-01-26 05:57:00,40.885597743394555,-73.92292296371376,40.88588487295931,-73.8744047393468,1,cash,low,4.07881848720343,6.846779726188034,14.801172698344477
2024-01-26 06:06:00,40.82675507980454,-73.81475072895607,40.83374804815386,-73.87261822766274,1,mobile_wallet,medium,4.930421529517141,14.24971209088335,15.151457005297944
2024-01-26 06:14:00,40.623311281386414,-73.94909819965015,40.633870894339985,-73.97787152923328,1,mobile_wallet,medium,2.6972006632607974,7.3092673098495435,8.489209124974183
2024-01-26 06:23:00,40.817804061509584,-74.15153129602409,40.812228973383625,-74.09737419087553,1,cash,medium,4.599556688805406,11.05870567254537,15.76291662042383
2024-01-26 06:32:00,40.74466730015306,-74.234925581975,40.713070023513914,-74.22172758321722,1,cash,medium,3.6852660241450472,10.760097869971043,15.797587433391817
2024-01-26 06:40:00,40.892391317614,-74.23724687443553,40.92,-74.2125247885585,1,card,medium,3.706897238700397,13.912669772698447,15.398212485176067
2024-01-26 06:49:00,40.85432371204475,-74.21470594017286,40.84929753755207,-74.19430142712258,1,card,low,1.8048975247467718,3.3169308740737353,9.830400999303833
2024-01-26 06:58:00,40.61540579378646,-73.96429286464044,40.59310301474398,-73.94368864050588,2,mobile_wallet,medium,3.0291662735910148,7.411439557198436,4.955351969698832
2024-01-26 07:06:00,40.62553131884221,-74.08240889443927,40.69213103530159,-74.00046164467112,1,mobile_wallet,low,10.130375367566298,16.40692964323889,29.15530090124446
2024-01-26 07:15:00,40.60366774061153,-74.1360154415281,40.59820870239391,-74.13189611191899,1,card,high,0.6995854302506387,4.89490977911725,8.95605238006426
2024-01-26 07:24:00,40.74770325741317,-74.14815365552343,40.79684265448052,-74.19366410298136,1,card,medium,6.674063287667629,14.588562462301182,25.693963401515038
2024-01-26 07:33:00,40.6074623981305,-73.77622341872942,40.662670128250426,-73.75,1,card,medium,6.525458864996776,13.605415172500457,26.925605233444955
2024-01-26 07:41:00,40.8260506344354,-74.19940354629504,40.883995912029555,-74.22489837163526,6,card,medium,6.790639232246887,13.043762004463785,26.85933036077628
2024-01-26 07:50:00,40.76780191769315,-74.10454465050594,40.79890401905815,-74.10949181444477,1,card,low,3.4833886985470905,4.061447219211563,12.325355150784324
2024-01-26 07:59:00,40.86420090596807,-74.01954659637022,40.86417239860866,-74.00288845129121,1,card,low,1.4008296735054544,4.803371636259034,8.51517016168642
2024-01-26 08:07:00,40.67513056814825,-74.25977074170214,40.672248692068955,-74.26,1,card,low,0.32103273322146236,1.0,6.518085495534616
2024-01-26 08:16:00,40.75650786661479,-73.79031387438738,40.745522461283045,-73.81327713803927,4,cash,medium,2.287743195230313,4.236101433879959,12.23920731427387
2024-01-26 08:25:00,40.619943093209585,-74.20945971871235,40.58,-74.18804653301419,1,cash,medium,4.795308799608414,12.280859616641207,18.553757190835725
2024-01-26 08:33:00,40.8807674009011,-73.91193999365005,40.91311370715975,-73.93662901735446,2,cash,low,4.152440865896549,6.878751055139547,11.9948302411996
2024-01-26 08:42:00,40.639501687178544,-73.93927860664714,40.65050263766587,-73.89547626742757,2,card,medium,3.892801894961763,10.134006289094517,18.69666487032167
2024-01-26 08:51:00,40.614803165459136,-73.84737743389658,40.651951757438525,-73.8917545258004,1,card,medium,5.575498762844232,13.517443591458695,22.930571553517275
2024-01-26 09:00:00,40.64971720349788,-73.9277922574133,40.64445213368164,-73.97232085435182,2,cash,medium,3.8021158573789196,9.689080708616249,15.429405497914301
2024-01-26 09:08:00,40.85411870616581,-73.86761241721985,40.88403583845372,-73.78183990326086,1,card,medium,7.9425260480619455,22.523383373833227,28.002947067432927
2024-01-26 09:17:00,40.61597693941279,-74.04516320951785,40.58,-74.11402339938954,1,mobile_wallet,high,7.057221968798457,46.75514424929379,36.89974788725199
2024-01-26 09:26:00,40.788905348244974,-74.01076070777867,40.736288395828204,-74.0119629515836,1,card,medium,5.851614270882623,16.402407463760976,27.209976015274556
2024-01-26 09:34:00,40.83370164220914,-73.90215232789615,40.72227212022168,-73.81883555475582,1,card,medium,14.238615978700826,40.29576465998523,53.37099157278035
2024-01-26 09:43:00,40.835367594564175,-73.97010237226192,40.82932188075175,-73.97138898741738,1,card,medium,0.6809119329074341,5.483636449154986,6.920244153730368
2024-01-26 09:52:00,40.64462070144676,-73.99911533936398,40.60985704999673,-73.9385106592561,2,card,high,6.411042802985946,27.799967143813603,32.3169236226817
2024-01-26 10:00:00,40.60095215944839,-74.15516521291218,40.58,-74.12580384401396,1,card,medium,3.402134743300266,8.444646779262506,16.218179466484326
2024-01-26 10:09:00,40.73259417048256,-74.12836478698875,40.747653527490996,-74.12868887177932,2,card,low,1.674746687916751,3.2389765813654234,9.45541957306086
2024-01-26 10:18:00,40.648845017383145,-74.0771664070597,40.629697193644255,-74.08304544382554,1,card,low,2.1861643886356963,6.0362553304752256,13.235600837734822
2024-01-26 10:27:00,40.81775207506474,-74.25526496343402,40.753262979758574,-74.26,1,card,medium,7.181932977766778,22.20008661255273,28.327104307611652
2024-01-26 10:35:00,40.701275551882844,-74.04714464071408,40.81579005665669,-74.06150466540892,1,cash,medium,12.790745388964663,29.642210474015545,44.322084777199926
2024-01-26 10:44:00,40.73278033995126,-74.25858807736041,40.7311148620293,-74.24813824459801,2,card,medium,0.8997701187675696,2.128163034251659,8.575908941603569
2024-01-26 10:53:00,40.618584877254584,-73.97184212768012,40.58,-73.96141729674396,1,cash,low,4.379789677484283,9.468538392912672,15.32125715531482
2024-01-26 11:01:00,40.77296709742639,-73.9009453278241,40.7428245016844,-73.78998168375217,1,cash,low,9.928994080532966,16.423319114033458,33.48837426428973
2024-01-26 11:10:00,40.64307822447485,-73.97330419787629,40.635286790869436,-73.96066108489956,1,card,medium,1.3742802903842049,4.506178646353948,10.348835185868861
2024-01-26 11:19:00,40.81085512471108,-73.90630481366551,40.80296905640951,-73.8779482742298,2,card,medium,2.5426293988448094,5.402054297209169,12.366483026598384
2024-01-26 11:27:00,40.60419739966628,-74.25999328403634,40.662794791953345,-74.2075699415029,1,card,high,7.8755433068216645,36.686517413763475,37.28583986917135
2024-01-26 11:36:00,40.91180416137565,-74.22968459362501,40.9082298132822,-74.20536203460625,1,card,medium,2.0822143894352223,3.742503021457849,13.050298291304816
2024-01-26 11:45:00,40.812739172719176,-73.90378415515347,40.89622354045325,-73.90765636315662,1,cash,low,9.28874906299508,18.294748643787244,29.417272663309284
2024-01-26 11:54:00,40.641788053056054,-73.85052092454205,40.622329020575506,-73.85417435531633,2,mobile_wallet,medium,2.185599391421625,7.07771391617523,10.23273004094295
2024-01-26 12:02:00,40.58479217945703,-73.89397219884641,40.60398180126873,-73.90975165054705,2,card,medium,2.5155804219028184,8.249942475640603,14.15579624907546
2024-01-26 12:11:00,40.69371738334977,-73.9218637562977,40.73970649209452,-73.90187425998656,2,card,medium,5.384118152203703,12.778082779714795,22.432918536134515
2024-01-26 12:20:00,40.63195650977775,-73.8992348414561,40.685738363489776,-73.9068992739002,1,cash,medium,6.015114581123351,14.383416051047966,22.282837881713977
2024-01-26 12:28:00,40.65425985326065,-73.88280913784396,40.713294103044944,-73.85468700027005,1,card,high,6.979482942418847,45.50702216724692,40.3511394947607
2024-01-26 12:37:00,40.87673508786888,-73.89056747583254,40.86449455952928,-73.93597640479737,1,card,low,4.053525435393378,2.391363184093626,15.181177114047475
2024-01-26 12:46:00,40.78508958441729,-73.88361567637895,40.78484256770492,-73.87700749575056,1,card,low,0.5570406178611904,1.541917712851775,6.181874079943946
2024-01-26 12:54:00,40.63999560202983,-74.22224994921827,40.58,-74.15240691975494,5,card,low,8.903090142221751,16.116351313577855,31.043234414202015
2024-01-26 13:03:00,40.769264196233735,-74.22773150873775,40.76044374449671,-74.23783956611827,1,card,high,1.2987054975604608,8.228604388775889,9.209751279935869
2024-01-26 13:12:00,40.666965422164495,-74.075828828953,40.71607186017135,-73.99289375573949,1,mobile_wallet,medium,8.871815307081143,27.40509049334595,32.119344484248785
2024-01-26 13:21:00,40.91190829388175,-73.99092567558012,40.92,-73.98356046045032,1,cash,low,1.0920480076870303,2.9770553584072914,6.74112694761426
2024-01-26 13:29:00,40.59113745828965,-73.87106428249992,40.5872455378442,-73.87360715114649,1,card,low,0.48310270616471074,1.630514695562408,5.604718729341404
2024-01-26 13:38:00,40.828988263537056,-74.08929901241659,40.90544953846891,-74.08405117981292,1,mobile_wallet,low,8.513550083417643,12.416675337913855,20.079461015826617
2024-01-26 13:47:00,40.84281898890509,-74.11969029091685,40.82553875110957,-74.13370433690422,1,card,medium,2.2543584029187334,4.642203935993056,10.480098831147064
2024-01-26 13:55:00,40.60283533974562,-73.86146136285956,40.58,-73.95058638605934,1,card,medium,7.942359239566676,19.636315037962977,31.285172949922732
2024-01-26 14:04:00,40.63843558383866,-74.13283820575846,40.61736830575347,-74.09323033713842,5,mobile_wallet,medium,4.08172867657041,9.838596281635338,13.765195868284456
2024-01-26 14:13:00,40.71066426409534,-73.84137089782462,40.66015333797772,-73.75,2,cash,medium,9.53426519874646,23.561617394049595,35.441349921142134
2024-01-26 14:21:00,40.87517264101989,-74.16966188964278,40.90318041744655,-74.1480425724913,4,cash,high,3.6057899551336225,18.128885597730832,19.201632359420362
2024-01-26 14:30:00,40.76257997906229,-74.07666850333504,40.77556166058468,-74.05230906007401,1,card,medium,2.508360621408687,6.17021965039259,12.483250150361327
2024-01-26 14:39:00,40.80280432900248,-74.05545143919254,40.83025340408926,-74.06366811004264,6,card,high,3.129540850081987,24.393968825150523,20.096058714405192
2024-01-26 14:48:00,40.846224364055324,-74.1072496718731,40.82757766221842,-74.05514916242572,1,mobile_wallet,medium,4.848748830188471,13.6815598659323,13.60308457868077
2024-01-26 14:56:00,40.86156174803476,-74.25828797391763,40.858948463964495,-74.26,1,card,medium,0.3242968642389456,1.0,5.558971541099325
2024-01-26 15:05:00,40.74193674464845,-74.13989027851117,40.643907902095044,-74.12786537409231,1,cash,medium,10.947354846620579,41.93806402025111,47.54308129028996
2024-01-26 15:14:00,40.75298966718298,-74.08779668497178,40.76991981699198,-74.15823142600767,1,cash,high,6.223758252027846,21.768084841660404,27.883478798149614
2024-01-26 15:22:00,40.82412199140985,-74.1000513037914,40.82856985688753,-74.1238716879524,2,card,medium,2.064381849289632,5.643962549887167,11.496440533854397
2024-01-26 15:31:00,40.66953640197011,-73.85936669679663,40.620012657202906,-73.84283580512847,1,cash,medium,5.680666444146997,13.778275479645432,21.730346645765813
2024-01-26 15:40:00,40.87052651036428,-74.2358424411064,40.86581692142038,-74.19501791305012,1,mobile_wallet,medium,3.4725469555409747,9.051513077590212,11.263628516021567
2024-01-26 15:48:00,40.58706752032178,-74.06163616317583,40.58,-74.01956387478,1,cash,high,3.6387928158918146,23.016521671348983,18.58649283259061
2024-01-26 15:57:00,40.6465623447513,-74.24086711765449,40.72595638182664,-74.26,1,card,low,8.974404274155482,13.635155348509512,29.769262637299793
2024-01-26 16:06:00,40.85206798063241,-73.78536974127421,40.80431726706666,-73.85186983116037,3,card,medium,7.713527969706874,19.292580007608006,30.115580737084787
2024-01-26 16:15:00,40.69568779204351,-73.85699318711414,40.71060197009251,-73.83070701756665,1,card,low,2.7677000789154826,2.355277702700018,12.611872339792166
2024-01-26 16:23:00,40.63094316311538,-73.75909758438861,40.58185858724486,-73.79270396184883,1,card,high,6.1512560035418975,40.745672964918356,38.7294580531581
2024-01-26 16:32:00,40.643496616941874,-73.79581812883504,40.618392311958715,-73.75556146156316,2,mobile_wallet,high,4.396947500587044,21.671981395118422,19.584634612213012
2024-01-26 16:41:00,40.760457176658264,-74.0989354862208,40.772914029574416,-74.17229305562948,3,mobile_wallet,medium,6.331274781314112,10.807382225292422,21.852336645398672
2024-01-26 16:49:00,40.8677017199773,-73.9072924597114,40.858190385388454,-73.9117209071794,1,card,medium,1.1212626986016816,3.0420945851707004,-7.483576441015181
2024-01-26 16:58:00,40.604021243362176,-74.10365741538601,40.603751654832564,-74.10519807216195,1,cash,medium,0.1334754130270349,1.0,2.5
2024-01-26 17:07:00,40.59036350910238,-73.8070122941559,40.60533600397282,-73.78539127479075,6,mobile_wallet,medium,2.470643176776596,4.562094403507162,7.844310737038684
2024-01-26 17:15:00,40.73815716618453,-74.05051603631667,40.71594113548059,-74.09691823614325,1,cash,low,4.625115436686636,8.427656236919905,17.730034931006248
2024-01-26 17:24:00,40.90510372111824,-74.06829735362885,40.92,-74.15680173638849,1,card,high,7.619344701034123,46.566055585517496,41.141734110248976
2024-01-26 17:33:00,40.6748633331608,-73.793824940441,40.66111674471511,-73.78611766617145,1,card,medium,1.6610300130937643,4.333520218681835,8.818900035194556
2024-01-26 17:42:00,40.9061179832828,-73.83326245331388,40.901727987512935,-73.80957309104933,1,card,low,2.0498737028525404,3.1757678319538787,11.532538366013181
2024-01-26 17:50:00,40.8818116000406,-73.76712908778421,40.89807060739705,-73.75,4,mobile_wallet,medium,2.3112319297802317,8.02433535447972,9.144467785299803
2024-01-26 17:59:00,40.676265925971755,-74.22609107635704,40.68648093502417,-74.24222590075932,4,card,low,1.7723676875819039,1.0,10.294109218391405
2024-01-26 18:08:00,40.85776234184709,-74.13589717220019,40.88675259845152,-74.10099149835449,1,card,medium,4.35951024374744,12.134245795126862,18.33629595768636
2024-01-26 18:16:00,40.8131948828734,-74.10656254858782,40.827458280940206,-74.08470272871784,1,cash,medium,2.428802859770289,8.804610036811972,12.036853826948873
2024-01-26 18:25:00,40.754019612227616,-74.04358044891308,40.77512599199764,-73.98407222041592,2,cash,medium,5.534019038348851,16.170261619060867,24.483797669001312
2024-01-26 18:34:00,40.723791488634575,-74.01870367656625,40.70914972549714,-74.02119613278823,1,mobile_wallet,low,1.6415855548411504,1.0,6.194879539865068
2024-01-26 18:42:00,40.857270937014654,-74.11134906168597,40.80917623760081,-74.18919453031171,1,cash,medium,8.455353703680345,26.557187865835907,32.017398362983464
2024-01-26 18:51:00,40.84964700711631,-73.85687028419603,40.78540325649243,-73.8599149695089,4,card,medium,7.148172449009701,16.126389535240854,28.375457686788653
2024-01-26 19:00:00,40.83735835422047,-74.14614548631262,40.76217639757657,-74.1421652026318,1,mobile_wallet,medium,8.366563104750826,21.736755921285333,24.37401172274544
2024-01-26 19:09:00,40.9194070234132,-73.90477617021746,40.92,-73.88145742930952,1,cash,medium,1.9603970894817546,3.209747540252752,10.902984160562795
2024-01-26 19:17:00,40.74269423672007,-73.82559815904803,40.643119433229835,-73.89456886553336,2,cash,medium,12.506274514682724,32.64963329320158,48.07210490267
2024-01-26 19:26:00,40.854353812458776,-73.95211389802861,40.90807136991275,-73.96615591469497,2,card,medium,6.088661680233514,13.788048524600093,25.441479393345535
2024-01-26 19:35:00,40.873242644774386,-74.07937894779467,40.836303539266,-74.04031428707425,1,card,low,5.259817037128151,6.970250917858307,17.07963978526748
2024-01-26 19:43:00,40.65194487769425,-74.16417546647972,40.70533472143964,-74.16885931185217,1,card,low,5.949804546143301,8.22730718477973,19.55150033568744
2024-01-26 19:52:00,40.59430259029804,-74.19148344085411,40.58,-74.20524148805006,1,cash,medium,1.9695218807086199,4.775015853544775,10.544110791210615
2024-01-26 20:01:00,40.717614456744116,-73.88047088303398,40.70703523115937,-73.79468619513372,1,card,high,7.325439551717227,23.990592923558108,33.968568263678016
2024-01-26 20:09:00,40.8712904727085,-74.0207426812324,40.92,-74.06889286963982,3,card,medium,6.761301529049324,16.877131377786387,29.27264473342187
2024-01-26 20:18:00,40.67829511560613,-74.23637702890464,40.710389545962535,-74.18088506695534,2,mobile_wallet,medium,5.884164286568511,13.904455427956506,21.449956421032308
2024-01-26 20:27:00,40.818003452382925,-73.75824185145926,40.80282650665184,-73.75,1,cash,medium,1.824590146551079,2.296790936836038,8.822980752209478
2024-01-26 20:36:00,40.58249836728185,-73.91763537667562,40.58,-73.92776786744838,1,cash,medium,0.8996628372134581,4.491857041240037,6.198259489986514
2024-01-26 20:44:00,40.70082390698888,-73.82946689877224,40.64131192349209,-73.83094697366094,1,cash,low,6.618607834855793,11.022170743222915,20.486289866715484
2024-01-26 20:53:00,40.78927567621777,-74.03652377762833,40.85178729556294,-74.03816442061118,1,card,medium,6.9523457990521145,13.864379813148846,27.34423236094363
2024-01-26 21:02:00,40.624117444624595,-73.77272630338791,40.60844659056818,-73.76453865435245,1,card,medium,1.8745615871072148,5.650172489560711,13.469276785572465
2024-01-26 21:10:00,40.88484635013013,-74.1582422393287,40.88161426547653,-74.1849966004134,1,cash,low,2.2777276844017744,6.281766881563362,11.399614847824516
2024-01-26 21:19:00,40.633133152219806,-74.16558057730121,40.64589223193143,-74.18484724749051,3,cash,high,2.157691399938779,6.7219983200058815,12.672625570180012
2024-01-26 21:28:00,40.88932980530136,-73.80592928526711,40.830702054212416,-73.82191438915751,3,card,high,6.656271649466221,59.803588102092256,47.026328270058336
2024-01-26 21:36:00,40.65357236495221,-73.80522429735709,40.67190042304502,-73.81977269388403,1,card,low,2.3789133641659435,2.7535427011360283,12.814577980444293
2024-01-26 21:45:00,40.918054749131386,-74.0055000623955,40.89917205250128,-74.01948409277034,2,card,low,2.406155053757686,4.135693301762689,9.551281116243596
2024-01-26 21:54:00,40.7856145625205,-74.19584895876947,40.7988311878714,-74.26,1,card,medium,5.596874366599075,11.455288933251198,22.121459393720034
2024-01-26 22:03:00,40.608677264109026,-74.10433960631633,40.58266497268486,-74.0999453973595,1,card,high,2.916132880360417,19.085108241358128,21.53282623342263
2024-01-26 22:11:00,40.602194259722744,-73.87538230760242,40.58,-73.89911835770936,1,card,high,3.1792179641390605,20.247469479436944,19.849651487774096
2024-01-26 22:20:00,40.60547337672822,-73.82854412691934,40.58624161279668,-73.912550625817,3,card,high,7.4082262865295885,77.54368864916668,54.205398602519374
2024-01-26 22:29:00,40.78056353407892,-74.08269607865014,40.80939852684878,-74.09844837432114,1,card,medium,3.469691278038619,5.547317079629414,14.258190213584356
2024-01-26 22:37:00,40.85525692879131,-74.2287708222734,40.87298963279978,-74.24591390878373,1,cash,high,2.442575446731955,15.295715212759049,15.329297069237024
2024-01-26 22:46:00,40.71700733220197,-73.92047939239788,40.71839922123203,-73.86309338867918,1,card,medium,4.838869619595968,9.956937052237802,18.733020251082912
2024-01-26 22:55:00,40.73124415815583,-73.88285650886647,40.7716600915413,-73.90712185699579,1,card,low,4.937044777676046,8.137132298292817,19.147497926577085
2024-01-26 23:03:00,40.78035781924597,-74.04375251530952,40.77119608868148,-74.01370195721522,1,card,medium,2.7277729171621017,7.650344558219237,13.482365337267675
2024-01-26 23:12:00,40.76123380562736,-73.96262021807489,40.76376623975805,-73.90039367792254,1,cash,medium,5.2483749704025975,18.27258431980868,24.233645436253845
2024-01-26 23:21:00,40.813940989254434,-73.75644053626272,40.79235147966821,-73.78470362816869,3,card,high,3.3796863849024956,19.05465161509724,21.571799245416667
2024-01-26 23:30:00,40.74040714485543,-74.13505071432658,40.78345495380934,-74.13718808877036,1,mobile_wallet,medium,4.790081687367587,14.41783495507624,14.760657007701681
2024-01-26 23:38:00,40.822712632921785,-73.96778137616238,40.83583141756927,-73.88999024629145,1,card,high,6.705691395475338,33.97592069350533,33.71825616287795
2024-01-26 23:47:00,40.91908565246586,-73.94841018908305,40.89402253750806,-73.93810626210133,1,cash,medium,2.9183207209889583,5.527636488665143,11.37098247646803
2024-01-26 23:56:00,40.69910126636458,-73.97995533002752,40.63209492777083,-73.96313658713441,2,card,low,7.584604124983211,11.495672722010736,24.214300754514717
2024-01-27 00:04:00,40.584153257391215,-73.81674392544866,40.63387651476164,-73.83507035202723,1,cash,high,5.741330963115551,26.483979249080427,27.54428398443997
2024-01-27 00:13:00,40.622712515487564,-73.95144615871972,40.58922958818425,-73.92052887135027,2,cash,medium,4.546859937684183,12.138866939627006,17.919993115721322
2024-01-27 00:22:00,40.768194822895566,-74.00097608858044,40.771437718757596,-74.0027600061963,1,card,low,0.39063550857865864,1.0,6.949423179222517
2024-01-27 00:30:00,40.697047647629184,-74.1972623364028,40.80291463337069,-74.26,1,card,medium,12.903746037978582,36.070472334366094,48.73605577475768
2024-01-27 00:39:00,40.899594081859696,-73.90136330836036,40.92,-73.91734877238959,3,card,high,2.6368655228042774,18.678654322953506,21.467710488739456
2024-01-27 00:48:00,40.79333167063651,-74.19262524563771,40.865833402133724,-74.24586829119761,1,card,high,9.222828494534731,49.27479575171443,48.229303798342315
2024-01-27 00:57:00,40.75692076322826,-74.24644935438425,40.7327051466639,-74.24139851099198,1,mobile_wallet,high,2.7260661761594855,14.461791667191811,17.43179463156358
2024-01-27 01:05:00,40.85133343043249,-74.01084910683764,40.8995273682894,-74.05210686620529,1,card,medium,6.383664719103296,21.227322289485954,26.638020550220638
2024-01-27 01:14:00,40.667920556156695,-73.96805291120467,40.66912066083953,-73.9465371302485,2,cash,high,1.8195521286285334,9.31494983432992,11.727237520353547
2024-01-27 01:23:00,40.858711103696,-73.75048242869931,40.875181865130585,-73.75,1,card,low,1.8319143338837443,3.603001355084195,10.789444257410457
2024-01-27 01:31:00,40.58104077565379,-73.89671333482781,40.67197865274057,-73.95287373998886,1,card,medium,11.167485083324781,30.039072867892607,42.04715156147063
2024-01-27 01:40:00,40.79069030312615,-73.82721893668393,40.77815124103941,-73.84938315188656,1,cash,medium,2.3294428183211084,7.713490836705293,12.593420217494947
2024-01-27 01:49:00,40.89781743135557,-74.08334210009431,40.898683881771014,-74.05541677852091,1,card,high,2.349080119260165,14.729068515949189,14.985834739928709
2024-01-27 01:57:00,40.84787238369152,-74.00045351188422,40.80722772437366,-73.94879382527259,1,card,low,6.270455067133713,8.10264691282229,20.738999239194197
2024-01-27 02:06:00,40.8702356253301,-73.76312281476245,40.91021671034596,-73.80373177016978,1,card,high,5.605054732613092,44.287620749230996,36.844014408156795
2024-01-27 02:15:00,40.71496459635831,-74.04713183840718,40.68973638593541,-74.09651666067953,1,card,medium,5.0199821657639845,13.491628398688702,24.087767122036666
2024-01-27 02:24:00,40.860241241674046,-73.84828188335078,40.906263210385895,-73.76048756103724,2,mobile_wallet,low,8.981255319158954,15.605046702811343,27.646958216503215
2024-01-27 02:32:00,40.76728276611029,-73.99174554995031,40.69303667023177,-73.99218510754258,1,card,medium,8.255872267328169,18.58013214070666,34.31663419490984
2024-01-27 02:41:00,40.790303680411085,-74.14577945571968,40.8149923936436,-74.1416633536302,1,card,low,2.7670348102172513,3.674714719956983,13.984213788677378
2024-01-27 02:50:00,40.60003121537417,-73.96398649502245,40.58,-73.99725909250203,1,card,medium,3.585335121334483,9.0973377518855,16.717666527258505
2024-01-27 02:58:00,40.64852757703929,-74.14878836553115,40.68140087080915,-74.13910345524683,1,card,medium,3.7455065002395838,8.749153485074306,15.762319050678999
2024-01-27 03:07:00,40.767327901274605,-74.25845623516338,40.76671773849616,-74.18127692971908,1,card,high,6.500071941752791,31.968118355321604,32.533730021937956
2024-01-27 03:16:00,40.599992359659986,-74.1396930321086,40.58,-74.12824659501004,2,card,medium,2.424074093951803,6.97060672598328,14.520101086604278
2024-01-27 03:24:00,40.832091914239825,-74.16149664549891,40.8146967314804,-74.11357329928764,1,card,high,4.472384802018731,18.425064278278914,23.15271067031327
2024-01-27 03:33:00,40.86561938289745,-74.07083019962829,40.827351909394814,-74.06952592608415,2,card,medium,4.256562968375786,13.68268073093891,20.733047047822282
2024-01-27 03:42:00,40.89292320284024,-73.80681557905726,40.92,-73.85297672263533,1,cash,high,4.910614076474896,26.23166946366642,22.466303657167057
2024-01-27 03:51:00,40.614601276121135,-74.06219493246468,40.58,-74.09294058258287,1,card,high,4.641303590881424,38.43886043803541,30.554400726627765
2024-01-27 03:59:00,40.899504884327754,-73.8289543099796,40.887486345584776,-73.87925540786831,1,cash,medium,4.434251845381524,11.35070275644598,19.384315041122285
2024-01-27 04:08:00,40.60299080259396,-73.97663735973289,40.61852658368057,-73.9668369634715,1,card,low,1.9153742540369256,5.13895530728057,12.160171218500798
2024-01-27 04:17:00,40.741179113415456,-74.2561165008465,40.81378636706064,-74.20104150513225,4,card,high,9.310656588675961,44.91827270512977,45.113311710801966
2024-01-27 04:25:00,40.86568534701346,-74.16374427641937,40.86526690997333,-74.15649878402257,3,mobile_wallet,high,0.6110541421707689,3.197743084105646,2.5
2024-01-27 04:34:00,40.60390578711191,-73.7850481969439,40.59299281071768,-73.79889837878227,1,card,high,1.6852008418266586,10.577618187774268,502.9271273874434
2024-01-27 04:43:00,40.58619856481625,-73.95187154243916,40.598512133746475,-73.9874053312921,1,card,low,3.2980109929771224,7.984705579315744,15.479329919461614
2024-01-27 04:51:00,40.58848222436026,-73.78593110212815,40.58,-73.76993603830012,3,card,high,1.6474450797012665,11.0111452112018,14.5486977000464
2024-01-27 05:00:00,40.75383188140825,-74.10183878964524,40.69989282487717,-74.15755473202096,1,card,low,7.616823321014982,12.724048676281805,26.133760643659958
2024-01-27 05:09:00,40.85594289316287,-73.8945531870758,40.83905140071334,-73.94558773559764,3,card,medium,4.685632391622448,11.683924322572077,20.842895742756035
2024-01-27 05:18:00,40.62332506816468,-73.8662671684524,40.59124145638171,-73.82575982140857,1,card,medium,4.941720144024423,8.218744858575306,19.73955692127541
2024-01-27 05:26:00,40.62236748638704,-73.76239320260451,40.58,-73.77489128040985,1,card,medium,4.827768222376924,13.095349169956936,21.636713179411952
2024-01-27 05:35:00,40.77330593071693,-74.25072999358383,40.811905970019474,-74.26,1,card,low,4.362494822736829,8.054210115475914,18.165090123945237
2024-01-27 05:44:00,40.659660504276054,-73.77435902028715,40.67134955710613,-73.78196699102122,1,card,medium,1.4495343574416182,4.294226434045671,9.504173677327067
2024-01-27 05:52:00,40.82827266994926,-74.06028898902188,40.83458460607697,-74.02762479101831,9,card,low,2.8363819538949038,6.629074821233505,13.30554393428069
2024-01-27 06:01:00,40.9028760319801,-73.83262387307012,40.87164643017815,-73.82517625278402,1,cash,medium,3.5285592416550493,11.054831596933528,16.316914168650563
2024-01-27 06:10:00,40.84045135824414,-73.98219641170725,40.844024041654,-74.01563507658221,3,cash,low,2.8407891288380567,5.379012013545558,11.905883050452832
2024-01-27 06:18:00,40.878239624568835,-73.97202873305298,40.90138985024368,-74.00384788281566,1,card,medium,3.712217474796776,10.723715044485248,14.420209197517867
2024-01-27 06:27:00,40.75665925957437,-74.07671727702491,40.744738937148725,-74.08549726351303,1,card,medium,1.5178592796114154,4.188181338795063,12.306178416251461
2024-01-27 06:36:00,40.862988563433966,-73.83747897890711,40.882994314199784,-73.8238790904859,1,cash,high,2.5012307989325917,17.07473876343949,17.898786523194026
2024-01-27 06:45:00,40.64218708255547,-74.1253530788727,40.60636436087334,-74.12695102633012,1,card,medium,3.9855872234595204,11.690254849237213,18.468318054772826
2024-01-27 06:53:00,40.60323828273451,-74.00895689304892,40.60762512181905,-74.01455895142671,1,mobile_wallet,medium,0.6794139927010616,1.0,2.5
2024-01-27 07:02:00,40.80302405744239,-73.97431100562859,40.854436480174066,-73.97222824547089,1,cash,high,5.719485753609867,28.316743548531168,30.0264682759594
2024-01-27 07:11:00,40.59766385127774,-73.88131424235198,40.65310473793866,-73.88294434058122,2,card,high,6.166280162127578,26.44995368316477,29.189032286888278
2024-01-27 07:19:00,40.88344368250749,-74.01946597810881,40.92,-74.0545832087242,3,cash,medium,5.0233579624667,15.206412741492118,20.536307841010615
2024-01-27 07:28:00,40.81512841001652,-73.91305572159186,40.827978988711,-73.86323843053661,3,card,medium,4.428806988035979,10.418790002313514,19.246646848116665
2024-01-27 07:37:00,40.90374824663903,-74.01250001086254,40.905170874607634,-74.03420402634617,1,card,low,1.8308825326237836,5.615307249772592,12.046322685722972
2024-01-27 07:45:00,40.6867214631465,-73.92374647515112,40.66652596191933,-73.91793155037034,1,mobile_wallet,medium,2.298554676017471,5.095393057207486,6.223866508918281
2024-01-27 07:54:00,40.74529382512855,-73.91618682713384,40.663957011085266,-74.00890191320556,1,cash,high,11.953191389020244,69.55094895729466,62.039646680676526
2024-01-27 08:03:00,40.83217472411534,-73.89818480413008,40.77165423777732,-73.9078676470927,2,card,high,6.7787450245462715,35.31570447322693,35.263253901687904
2024-01-27 08:12:00,40.66254485505668,-73.84011710513124,40.65498238131824,-73.88959861748482,1,cash,low,4.257772392100884,8.2094802481922,14.254026397289646
2024-01-27 08:20:00,40.76422859883797,-73.98423149391044,40.75935561862719,-74.02828747354691,2,card,low,3.749857134400167,5.828147646813019,15.228371998530505
2024-01-27 08:29:00,40.80421887350186,-74.16142813642635,40.86776890979815,-74.05242976881284,4,cash,high,11.576733446242114,49.66940671209872,56.29301574289298
2024-01-27 08:38:00,40.912794942511994,-73.91338317077428,40.92,-73.90215450524589,1,mobile_wallet,high,1.2377655578032238,6.175629302007693,5.968961305990876
2024-01-27 08:46:00,40.83319912004241,-74.220669777419,40.802307243675514,-74.1654987794068,1,cash,medium,5.775311729099489,16.14278246363038,23.105442357570418
2024-01-27 08:55:00,40.62016448909488,-74.1483329385448,40.65698914627389,-74.10984427729537,1,card,low,5.226247766031834,8.559150220186599,17.543518498066398
2024-01-27 09:04:00,40.74161337347032,-73.85599966038096,40.720145274564494,-73.81175373069105,1,card,medium,4.426982538500605,12.530820969039608,17.44491393761623
2024-01-27 09:12:00,40.780182066216454,-74.03811422639167,40.81089980165162,-74.04707245116336,1,cash,medium,3.497910164262628,12.955946265892917,17.024773514104748
2024-01-27 09:21:00,40.62985186857388,-74.00599747449789,40.66612266633868,-73.93370938396187,1,card,medium,7.31164571983887,19.59820567879377,27.46787009456326
2024-01-27 09:30:00,40.72686845937357,-73.7564275715734,40.78276263592022,-73.75,3,mobile_wallet,low,6.238685122538869,6.877439404748472,18.08109657133172
2024-01-27 09:39:00,40.67656197755418,-74.14006203221706,40.654393026588956,-74.13820195938595,1,card,medium,2.470062260434151,7.811715594789269,17.134342283797718
2024-01-27 09:47:00,40.62040136436909,-74.25002809773667,40.66604503029223,-74.23818006463608,1,card,medium,5.172853560565018,17.166174796447446,22.009845365632177
2024-01-27 09:56:00,40.754094257377574,-74.2031999691459,40.66981762575212,-74.20935292788671,1,card,low,9.385472903192728,15.853461597237818,30.489596525437385
2024-01-27 10:05:00,40.636315247544196,-74.13530405157299,40.69464495321345,-74.132953288254,2,card,medium,6.488997210573314,18.362372790908665,23.283569406398307
2024-01-27 10:13:00,40.78078271891915,-73.8897807875578,40.77965696639232,-73.8917428206367,1,card,low,0.20727041579492345,1.0,2.510857423960804
2024-01-27 10:22:00,40.63769695696223,-73.86433076368778,40.63752919705287,-73.84716175028213,3,card,medium,1.4488344875591892,2.644841073170493,10.43212132675542
2024-01-27 10:31:00,40.82602227402496,-73.97160063345281,40.734337631268886,-73.89330181238934,1,mobile_wallet,high,12.14079435487887,53.476137558050134,54.877753458686236
2024-01-27 10:39:00,40.64638215183009,-74.12992633666394,40.628892186903954,-74.18416097192708,4,card,medium,4.972394081539459,9.731916953351071,18.891841476946468
2024-01-27 10:48:00,40.88473693426389,-73.99391163379133,40.92,-73.94250566943343,2,cash,low,5.834413555289135,8.376582355962272,17.968272977830058
2024-01-27 10:57:00,40.58891118122659,-74.2523716464737,40.58,-74.26,3,card,medium,1.1818713030239347,4.115397439919029,6.9969011370156915
2024-01-27 11:06:00,40.75747911159555,-73.91228151920168,40.789584935839436,-73.85514667752977,2,cash,low,5.991030039016203,9.012640864213465,17.851526728192884
2024-01-27 11:14:00,40.68883562040143,-73.94670824674132,40.690390601148565,-73.96171328807696,1,card,medium,1.276893469949793,5.217212238924375,11.759413653497386
2024-01-27 11:23:00,40.65652601876336,-74.24888376491542,40.704346130045344,-74.23030984947111,1,cash,low,5.543230219424661,8.053846120721296,18.50232583323164
2024-01-27 11:32:00,40.74034494491615,-73.84332406684727,40.74896248835034,-73.85047205804307,2,card,high,1.1317312867569054,4.606148167264654,7.201491183266662
2024-01-27 11:40:00,40.866286642350246,-73.87065246706732,40.82435512345083,-73.94852911261934,1,card,low,8.0406091102131,9.719972095875486,26.68847903203191
2024-01-27 11:49:00,40.891194249879064,-74.10280588976016,40.893734530472265,-74.02455193032694,1,card,high,6.583827237664248,36.510862029374216,39.02696320539799
2024-01-27 11:58:00,40.68310453017027,-73.93595790817753,40.75515929083682,-73.97838182078601,1,card,medium,8.773663032203858,28.333106202229644,35.56232697677902
2024-01-27 12:06:00,40.63244283151232,-73.95323858863287,40.65483686002395,-73.94946385988084,1,card,medium,2.510386445029915,8.440810744706134,14.029541121803888
2024-01-27 12:15:00,40.824847752172545,-74.1869780575943,40.81960766834433,-74.23433703797218,1,card,high,4.027431993819699,26.663343278390425,25.725290288844324
2024-01-27 12:24:00,40.77787956665504,-74.16143775643168,40.87938803851603,-74.22160283074862,1,card,medium,12.370401689748272,29.028782352216435,46.86618927504846
2024-01-27 12:33:00,40.64834549055037,-73.91156487052366,40.70051019716563,-73.92078716330967,1,cash,medium,5.8523597189156185,17.576921880457604,24.60862961360878
2024-01-27 12:41:00,40.83850056794973,-73.7838886604023,40.87525359414266,-73.81059666719545,1,card,high,4.663357851087676,27.571413331383187,26.613207702642228
2024-01-27 12:50:00,40.75643634798233,-73.96609499644364,40.770716758918326,-74.01869167240244,3,cash,low,4.705710472231467,6.817826645247182,17.870649612089807
2024-01-27 12:59:00,40.80215436783252,-73.97041529576464,40.83501669039632,-73.97200976342737,1,card,low,3.6565860943008,5.716345813406373,11.996876322077114
2024-01-27 13:07:00,40.70217527154755,-73.93019233570105,40.73649821484078,-73.99687813824045,3,cash,high,6.79342739078218,30.261055714031926,30.900795096548197
2024-01-27 13:16:00,40.72929317084281,-74.03530506690916,40.631066480292965,-74.02965874598051,4,mobile_wallet,low,10.932682563615817,16.736754794158056,31.008027755953318
2024-01-27 13:25:00,40.641316313447476,-74.23237225781432,40.6590884430248,-74.23810196466921,1,card,high,2.0344300980062315,16.328486445533436,16.34139526963759
2024-01-27 13:33:00,40.83721539499942,-74.05778303817041,40.82997913132932,-74.16940130972297,1,card,medium,9.425009384230492,20.40269655712483,35.3312053669486
2024-01-27 13:42:00,40.63338385021161,-73.80087137283988,40.610893917920464,-73.82441131847712,1,cash,medium,3.193902538031061,7.367057296031103,12.824973397043237
2024-01-27 13:51:00,40.84462288221536,-73.84947713180031,40.83582820461337,-73.8283986813401,3,card,medium,2.0249713438496055,7.864614292187416,13.298755715323756
2024-01-27 14:00:00,40.85132267066076,-73.78701398002569,40.78130947975376,-73.83487354484873,1,card,medium,8.765217806191771,25.6444957807352,35.178720837342425
2024-01-27 14:08:00,40.83384432777874,-74.18205589158248,40.75263687327707,-74.15902524283287,1,card,high,9.235647251824767,68.95482666819218,55.73123332175407
2024-01-27 14:17:00,40.58660374793997,-74.0019615439102,40.64269635672515,-73.98249097946409,1,card,low,6.450106138927735,8.326087739896657,22.93754871573392
2024-01-27 14:26:00,40.67286529228627,-73.9617886410454,40.69366239417317,-74.00758610525826,1,cash,medium,4.50119380535877,9.198193074714336,17.08335419562412
2024-01-27 14:34:00,40.739234832549215,-74.15293798990359,40.630649286824664,-74.15349069355236,1,card,low,12.074251731776192,21.14508511601614,38.88557844214387
2024-01-27 14:43:00,40.782485088763714,-74.15750517797282,40.75654778440064,-74.12038057922217,1,card,low,4.253486323154304,7.826030883233926,16.47189465236657
2024-01-27 14:52:00,40.892535513785475,-73.86116320435217,40.92,-73.90060220472289,3,card,low,4.506855193076049,8.022150775949587,16.075890664821422
2024-01-27 15:00:00,40.70770603052376,-73.91735552230338,40.695105383706334,-73.92661699739455,1,card,medium,1.6039646367647662,3.1783047488848934,11.74981981090351
2024-01-27 15:09:00,40.877507928383146,-73.92993435622427,40.92,-73.87817359591511,1,cash,medium,6.422684542632391,7.6508570787386185,20.64029314258758
2024-01-27 15:18:00,40.63556595796652,-74.12383639642867,40.68280478893397,-74.16242983934283,1,cash,low,6.179723313017755,7.000910193637981,18.939882254831232
2024-01-27 15:27:00,40.70623536575293,-74.00154759363393,40.64518336133395,-73.98088547077283,1,cash,high,7.0087281960542045,30.06126184284904,36.16823336285469
2024-01-27 15:35:00,40.59777588367925,-74.24823432372045,40.59132629923105,-74.26,1,card,medium,1.2252385249459767,2.774176955742801,9.313510359425441
2024-01-27 15:44:00,40.83244635895891,-74.19372751317378,40.81228233484252,-74.20097079881756,1,card,high,2.3235013068830663,14.310026051032299,17.807676754416196
2024-01-27 15:53:00,40.63122193752719,-73.995692059992,40.58,-73.97558935783617,4,card,low,5.943074195717312,10.272482038717019,21.073110308271037
2024-01-27 16:01:00,40.667386805320476,-74.10206713942773,40.601944460701986,-74.21027084497489,1,card,medium,11.67562589598459,31.44065473697299,46.84631153677282
2024-01-27 16:10:00,40.84357930574569,-73.76750842398278,40.807308336164816,-73.79155296263312,1,cash,medium,4.512140678058669,8.470101702977262,16.985640945810946
2024-01-27 16:19:00,40.76180368392372,-74.01954279113383,40.73296204049566,-74.00022285441044,2,cash,medium,3.596383078558364,6.889701871872482,16.40845623943907
2024-01-27 16:27:00,40.58475072460227,-74.21738228025801,40.59749606457822,-74.20721929534407,1,cash,high,1.6567794141620287,7.997282430371873,13.821450941858545
2024-01-27 16:36:00,40.580759969614114,-74.2509004028998,40.627749575908766,-74.26,1,card,medium,5.281176282101448,17.17130065347007,22.28251374553623
2024-01-27 16:45:00,40.75362461479156,-73.89011848433769,40.77673863780312,-73.93982467458885,1,mobile_wallet,medium,4.912198571107092,16.306906674893792,20.148072701055746
2024-01-27 16:54:00,40.683684874674725,-74.17253156359435,40.717451625487364,-74.1442506438956,2,mobile_wallet,medium,4.447645202579008,11.490705567600127,11.980731611853043
2024-01-27 17:02:00,40.64130589163836,-74.16421569180743,40.62930808967219,-74.1787239949959,1,card,medium,1.810687569189175,2.870916428817855,10.218509746224063
2024-01-27 17:11:00,40.788621938823475,-74.04385831645327,40.815756947671055,-74.01931769237996,1,card,low,3.6565986517559077,4.692429383012009,11.714920397825123
2024-01-27 17:20:00,40.657668400383926,-74.12532909953174,40.650991526212366,-74.10821905843345,1,cash,medium,1.6231283024222039,1.3729914728628358,6.25135255581197
2024-01-27 17:28:00,40.781350430892886,-73.94554568932945,40.76148417364651,-73.96567951218003,2,card,high,2.784678234912936,9.59309938942253,18.08603719413859
2024-01-27 17:37:00,40.70895042319933,-74.01229682131589,40.79431996589964,-73.96403154288113,2,card,low,10.326665437961262,15.751521504708808,36.414094140833754
2024-01-27 17:46:00,40.643493714007725,-74.20316019324662,40.58,-74.22990268569825,1,card,medium,7.412284064151949,18.14214358718693,28.25117946253734
2024-01-27 17:54:00,40.62695561087537,-73.85978216756618,40.58,-73.80621173872935,1,card,high,6.907586897748508,37.12436555741935,39.14002356309234
2024-01-27 18:03:00,40.660532605063274,-74.04281198424874,40.67775409399928,-73.9833538203741,1,cash,medium,5.3678741205830836,15.925105507319326,23.242614724190272
2024-01-27 18:12:00,40.59014291672441,-73.94847449700946,40.58,-73.90121933665739,1,cash,medium,4.146827340454802,10.311532048344475,16.528291126002532
2024-01-27 18:21:00,40.68476316709233,-74.25798941040834,40.62009887133482,-74.26,1,mobile_wallet,low,7.192341894183092,11.01968556774576,17.367257165425144
2024-01-27 18:29:00,40.88666459466181,-73.94053598294737,40.83920710185944,-73.82591742145081,1,card,low,10.988746575465091,18.96300445649346,37.253573966547535
2024-01-27 18:38:00,40.86266312280023,-74.11574657291423,40.82106486194145,-74.10891357225522,1,cash,medium,4.661092910189279,10.02980507345126,17.127236611041116
2024-01-27 18:47:00,40.70648127728468,-74.0078709209629,40.74663642145557,-73.99702337941481,2,card,medium,4.557654863621173,13.368612234942496,23.368986040029174
2024-01-27 18:55:00,40.775783430317816,-74.10816249205115,40.83034189971571,-74.10915525258686,1,card,medium,6.067200451900001,13.845660227084313,25.31278417520654
2024-01-27 19:04:00,40.77290259006478,-73.75190702023245,40.84668290550016,-73.8027465117,1,mobile_wallet,medium,9.252735030361862,20.29855854628288,29.452167467189124
2024-01-27 19:13:00,40.861770763325865,-74.14227041949708,40.79026525832644,-74.08399212381477,1,cash,medium,9.341542400541337,20.29101621150533,35.02624705988489
2024-01-27 19:21:00,40.66033863451577,-73.79444160324049,40.59881807555275,-73.82019975757537,2,cash,low,7.177831487006138,9.862420686782636,21.929551197364162
2024-01-27 19:30:00,40.68077174618962,-73.79183701776674,40.616168554837095,-73.75045452159506,1,card,medium,7.987009039350146,16.07771529592744,30.588664507712675
2024-01-27 19:39:00,40.68260704747351,-74.04528966700347,40.74060561273316,-73.99310977712913,1,card,medium,7.806035269280335,28.021516049971677,34.61403193505066
2024-01-27 19:48:00,40.59389579652237,-74.10495841108309,40.612670896971245,-74.07780894895838,1,cash,medium,3.1003085868929032,5.88921873225677,13.68224362048821
2024-01-27 19:56:00,40.686993873518325,-74.06567187108162,40.690602838259466,-74.09681048849704,1,card,medium,2.6559404346654416,6.275667753717726,17.1108293992415
2024-01-27 20:05:00,40.878490684039924,-73.75543706543019,40.88882397526306,-73.77078558692824,4,card,medium,1.7277559981172494,4.0923660028250435,9.792815428821585
2024-01-27 20:14:00,40.8900758001743,-73.94441392405783,40.88752077770306,-74.06488235218849,1,cash,medium,10.130716756048098,24.78310236585885,35.21883259387298
2024-01-27 20:22:00,40.61727601756131,-73.98216207871148,40.58,-73.98740312324797,1,card,high,4.168456735156702,22.091889500486495,23.266520998183484
2024-01-27 20:31:00,40.735739904150265,-74.2416818805169,40.758832679690585,-74.20555992207039,1,card,medium,3.981594944410226,12.859480785989657,22.835336244201077
2024-01-27 20:40:00,40.7096586265398,-73.82760005449752,40.701282393785384,-73.83828778305622,1,card,medium,1.2958135454548318,3.544519279842397,11.265031740706219
2024-01-27 20:48:00,40.746382126851955,-74.21725921753833,40.69236765874539,-74.2438128306899,2,card,low,6.409490427129132,8.969650475066596,21.111056414772438
2024-01-27 20:57:00,40.76860463817995,-74.23604409281248,40.79444748322106,-74.24944270439741,1,card,high,3.0871042234043666,47.150213725464624,28.891212050737835
2024-01-27 21:06:00,40.58688797840603,-74.11982237607982,40.58,-74.06513090741547,1,card,medium,4.681661598057398,10.329907592241808,19.438906730578612
2024-01-27 21:15:00,40.866362364293195,-74.01734781142066,40.87659912120106,-74.01979426742086,1,card,low,1.1567134295794355,1.0,8.086661963605012
2024-01-27 21:23:00,40.91104578487894,-73.80340263039776,40.905421722620524,-73.75,1,card,low,4.531138493162603,5.521405034583431,17.251751309220236
2024-01-27 21:32:00,40.80215763608124,-73.85705981246775,40.84226968083136,-73.88274282018756,1,card,high,4.956239832663589,19.101968297138534,25.89092438455136
2024-01-27 21:41:00,40.804553761087746,-74.15920760630202,40.81446109492805,-74.14943217597111,2,cash,medium,1.3749506599886032,3.5579444537826816,9.80673941800693
2024-01-27 21:49:00,40.75951315166244,-74.07023944050209,40.71974664379388,-74.08974252715531,1,card,high,4.717259896712439,35.00136452772228,32.61660996021614
2024-01-27 21:58:00,40.69365295998289,-73.86207746504436,40.708143105042126,-73.76872557642525,1,cash,medium,8.032773171850462,19.887786905582608,29.59668315588242
2024-01-27 22:07:00,40.630652460221036,-73.99118285179077,40.64661345282232,-73.98309611278185,1,cash,high,1.9014321374106427,13.101436616170758,13.678989173936085
2024-01-27 22:15:00,40.778581536516654,-74.17100910956772,40.8015915203484,-74.07524568339366,3,card,medium,8.45825984939808,23.31573915387991,-33.049932216117654
2024-01-27 22:24:00,40.59528007719313,-74.05801184663406,40.641894418656065,-74.07691758660467,1,card,medium,5.423345274784478,11.759095029686733,21.44917525623642
2024-01-27 22:33:00,40.860330873015236,-73.94077273970005,40.83261164768226,-73.87203167678658,1,mobile_wallet,low,6.552368597419345,7.214935182024819,17.612178189308395
2024-01-27 22:42:00,40.72310997782001,-73.76365490584749,40.753167082843134,-73.75834475409518,1,card,medium,3.372009083890586,7.905122861467011,16.187801611608087
2024-01-27 22:50:00,40.72101643621507,-73.92247585202324,40.64339966051224,-73.88482635026868,1,card,medium,9.195977207247859,26.946971258297573,39.11391623103995
2024-01-27 22:59:00,40.69123809188181,-74.251740467262,40.68583877519384,-74.26,1,card,low,0.9194730992742322,1.9621470465574964,6.360644561182255
2024-01-27 23:08:00,40.909580322157524,-73.90044577891742,40.89722062734118,-73.884767151203,2,cash,low,1.903960354135187,3.1054800404658636,9.61047034419152
2024-01-27 23:16:00,40.63947176394204,-74.13205894819681,40.704624798850155,-74.1801693679064,1,card,medium,8.303512916699795,24.754404572549436,32.49500140934433
2024-01-27 23:25:00,40.63144465930157,-73.82029895375095,40.62440956499763,-73.80872961571923,4,card,low,1.2510857897809735,4.139187223920519,9.643685963346119
2024-01-27 23:34:00,40.63628071052531,-74.06421614680467,40.66364020554303,-74.13254369919139,1,card,medium,6.517924036651867,15.907484805625641,29.79959831365473
2024-01-27 23:42:00,40.80389934416926,-74.15819633074531,40.72461930613999,-74.16243006662603,2,cash,medium,8.82274600659256,20.878617531512855,31.937547295395436
2024-01-27 23:51:00,40.91724440836806,-74.02134693487979,40.90141529995708,-73.97204439320909,1,card,high,4.501521823161393,22.77424154666946,28.346332182084602
2024-01-28 00:00:00,40.660061557936594,-74.12984903309935,40.62197536390208,-74.10520910854461,1,mobile_wallet,medium,4.717774603998394,8.769729608721544,13.333642350579748
2024-01-28 00:09:00,40.88790991500295,-74.1397310408661,40.92,-74.19525879309768,2,cash,medium,5.8745390489613225,16.32942294749405,22.433480628182654
2024-01-28 00:17:00,40.67472963013078,-73.96763648160552,40.64472377606032,-74.05306386883319,9,card,medium,7.9408934299044756,16.150433952309584,29.263439652983973
2024-01-28 00:26:00,40.8002859728426,-73.86865340186606,40.803583531112366,-73.84629089574533,1,card,medium,1.9176684474194008,3.2968150146171866,11.516047689344433
2024-01-28 00:35:00,40.593769643657346,-73.83417326917846,40.59946555475973,-73.76301932338734,2,mobile_wallet,medium,6.040919979856779,13.475897819055476,19.284320313038368
2024-01-28 00:43:00,40.7485223513559,-74.0571883660601,40.676995828263756,-74.10056593771927,1,card,medium,8.753463123039763,21.629936152909302,34.78629306131794
2024-01-28 00:52:00,40.80255378853485,-74.22593008056556,40.77888219506041,-74.13154689704763,2,card,low,8.370349971759293,14.195528178325496,24.373459397876182
2024-01-28 01:01:00,40.762348724255695,-74.01317275078257,40.78056321732491,-74.01346494875018,1,card,medium,2.025508684370356,4.254874606055927,13.328785495716737
2024-01-28 01:09:00,40.660864030859805,-74.03877144671553,40.66472153324566,-74.12691265573088,1,card,medium,7.446876769523324,19.440030106441732,-32.296868158304875
2024-01-28 01:18:00,40.861688962411094,-74.15954073639095,40.758170468670734,-74.22978035244306,1,card,medium,12.939950855829721,29.652659792697417,45.14585034142637
2024-01-28 01:27:00,40.909846413821,-73.8029661004165,40.884331798818295,-73.76831838869478,1,cash,high,4.065689042810574,31.940888395952065,24.8688903890317
2024-01-28 01:36:00,40.7361266725353,-73.76318439095945,40.78206364730041,-73.75735382912188,1,cash,medium,5.131510886177068,15.191478127771653,21.657238501474026
2024-01-28 01:44:00,40.79621255016435,-74.23360893410313,40.82268258189343,-74.16690899064244,2,card,low,6.338433589065682,12.19574609792761,22.783234152485868
2024-01-28 01:53:00,40.848740511237494,-73.85416934627271,40.90355201206963,-73.90808496077413,2,card,medium,7.595719036379357,17.082418757066876,28.00620361597877
2024-01-28 02:02:00,40.66210628061141,-73.93068455544982,40.617752150427364,-73.92535228953244,1,card,medium,4.952433711336594,13.589825019494146,21.909247251643638
2024-01-28 02:10:00,40.87391312985579,-74.12666750833539,40.92,-74.12636326057292,1,cash,high,5.124689948529908,31.977352858165062,29.595733253465195
2024-01-28 02:19:00,40.675268307805396,-73.93607037967577,40.673270035632385,-73.94250603321335,1,card,high,0.586462324128828,1.0,5.640173433298771
2024-01-28 02:28:00,40.84378247319518,-74.19439197224143,40.91543248573743,-74.21160929753054,1,mobile_wallet,medium,8.097546356263429,19.329349033511424,27.322422741409945
2024-01-28 02:36:00,40.618113739024984,-74.22460268076829,40.61826243855875,-74.24092415266752,1,cash,high,1.3776990559662214,4.128794136251816,10.144336348875196
2024-01-28 02:45:00,40.678051479160814,-73.75332057172335,40.58591508198867,-73.75,1,cash,low,10.248931224781366,17.598161127378575,33.74454608622482
2024-01-28 02:54:00,40.76143077753955,-73.93545137218608,,,1,card,low,4.401411159400788,4.696868275056859,16.285244312746524
2024-01-28 03:03:00,40.75847351253947,-74.13085646148805,40.73851539703061,-74.11949068323341,3,card,low,2.4169676314397073,3.6511104354771327,14.68035201440592
2024-01-28 03:11:00,40.869146602725365,-74.03048268248908,40.85221627021378,-73.97621324458827,3,card,medium,4.936924014435862,16.0527638739181,22.175139163865392
2024-01-28 03:20:00,40.91868326759713,-73.7754550270281,40.853293928198994,-73.8295125600811,1,cash,medium,8.57425883794992,23.721797940669923,31.119264349182075
2024-01-28 03:29:00,40.616451687592445,-74.03625021512273,40.689450665047715,-74.11777597417544,1,mobile_wallet,low,10.63898319232501,17.614769282161,29.828954855145522
2024-01-28 03:37:00,40.67227196516051,-73.80077328867881,40.648822412339385,-73.75500986123136,1,mobile_wallet,low,4.658308509391463,7.743381040561661,14.621181239513215
2024-01-28 03:46:00,40.70158339147584,-73.81690730903098,40.77246000134691,-73.85936593587189,1,card,low,8.655005757864574,14.236966802876992,27.63864034574308
2024-01-28 03:55:00,40.742832258655405,-74.08448027879368,40.72342631638372,-74.10155669063136,1,cash,high,2.593556584096733,18.949618630451784,15.395325686038094
2024-01-28 04:03:00,40.7479293126725,-73.90503540792068,40.70618077857578,-73.9325798917154,1,card,medium,5.19014895632776,14.451336561575413,22.832681679608363
2024-01-28 04:12:00,40.871106321470464,-73.92314576307088,40.92,-73.951653817565,2,card,medium,5.941354852450207,13.545238108503547,23.151019839987246
2024-01-28 04:21:00,40.841990162946935,-73.86668194598388,40.83869009924192,-73.932303827704,1,cash,high,5.532481172666629,23.190645745177616,29.669971914149514
2024-01-28 04:30:00,40.5864095368729,-74.07337612622358,40.58354879654192,-74.09900486767164,1,mobile_wallet,medium,2.187499036715966,6.149215985943647,9.003420618805526
2024-01-28 04:38:00,40.73470739859828,-74.23335938576595,40.67703423128554,-74.20413948571337,1,cash,low,6.869692128764275,11.357659443908613,24.007513739208324
2024-01-28 04:47:00,40.79014510500299,-74.17276998703262,40.76955205404166,-74.17294690181507,1,cash,high,2.2898912425747278,8.228683458558585,12.994182327144987
2024-01-28 04:56:00,40.73653449961163,-73.94555761928639,40.755825811675024,-73.92285479850358,1,card,medium,2.87388779108958,4.556190264894287,15.593846682334913
2024-01-28 05:04:00,40.62441938704874,-73.86469890468236,40.58,-73.88702259456737,1,cash,medium,5.286563372980902,16.425147648718998,22.143935899736288
2024-01-28 05:13:00,40.71514118845482,-73.87441519638685,40.69088224221709,-73.83378712680167,1,cash,high,4.35955752357568,27.753548338916907,26.678692952851602
2024-01-28 05:22:00,40.71996293634411,-73.96232239159134,40.701042846660776,-73.9851986759818,1,card,low,2.8537585294731853,2.7292797744045156,16.24903779116774
2024-01-28 05:30:00,40.643823413632916,-74.21677334568541,40.646813249845046,-74.26,1,card,medium,3.6621480836801212,8.748841456678559,15.594229344373607
2024-01-28 05:39:00,40.837144418920126,-74.25118280013524,40.903724602973845,-74.23693472945355,1,card,high,7.499688269060685,85.77974409578005,57.03858618085397
2024-01-28 05:48:00,40.68927623124844,-73.86110770376574,40.67577834026421,-73.82657538915944,2,card,medium,3.275916480943102,9.384060103261804,14.572601216862397
2024-01-28 05:57:00,40.78025567879333,-73.97981801856318,40.74918314898476,-74.00498377412204,2,cash,medium,4.053362051059795,8.941305586576947,17.490183189971678
2024-01-28 06:05:00,40.75534826152598,-73.86081682760693,40.87893493996709,-73.80685254557355,1,mobile_wallet,high,14.473113138787244,111.73341909801393,80.15522213110076
2024-01-28 06:14:00,40.878325206933575,-74.17697788464551,40.85883186602502,-74.21525903309222,2,cash,high,3.880713087388213,22.17225819556855,20.96076168503814
2024-01-28 06:23:00,40.621485076833366,-74.05221418290672,40.61290545958075,-74.0220314763277,1,card,high,2.720352100447237,13.551333151341966,18.627652194159932
2024-01-28 06:31:00,40.61884942280618,-73.79122366359023,40.60274633619258,-73.75,1,card,low,3.9134918337753746,6.67921864520634,14.403641777993634
2024-01-28 06:40:00,40.682108687501824,-74.17248502446395,40.66965407795189,-74.17083213016723,1,card,high,1.3918866219891808,5.762994901581027,12.630613391840527
2024-01-28 06:49:00,40.72661308916278,-74.2286212790556,40.730112057998504,-74.23881301792663,1,cash,medium,0.9428250713930687,1.9254873792704357,7.729245225073375
2024-01-28 06:57:00,40.68150436457573,-73.9267316342713,40.72294020606743,-73.93148685966764,1,card,medium,4.624859986246652,13.27835097110512,21.511217300447594
2024-01-28 07:06:00,40.83948360801438,-73.9567864662829,40.85766305556169,-73.88351317387007,5,card,low,6.486234135429365,11.989831990608822,24.139378058293552
2024-01-28 07:15:00,40.66339038665716,-73.77446444201256,40.711859687008655,-73.75633922619195,1,cash,medium,5.602026286071202,11.946794018869829,18.267239945873232
2024-01-28 07:24:00,40.60882341254256,-73.797701105262,40.6558047028999,-73.75,1,card,low,6.59501453670379,16.449693016356,25.08874599265356
2024-01-28 07:32:00,40.72069193536061,-73.87779050098752,40.73007678011333,-73.86522418853004,1,cash,high,1.4867263319921264,6.03264804939737,11.201739114731774
2024-01-28 07:41:00,40.84294895796709,-74.25022980868209,40.85988299661996,-74.26,3,cash,medium,2.0544824555898122,2.619861679682886,11.847719640288526
2024-01-28 07:50:00,40.869191060819496,-74.01500264611266,40.91908421125159,-74.04126045819726,1,cash,medium,5.970765759318318,21.16352576545888,24.727824892174375
2024-01-28 07:58:00,40.82933724844354,-73.80298801236611,40.779332801683424,-73.80021568541893,3,mobile_wallet,low,5.5651348959273825,11.480473593261882,18.142890279955164
2024-01-28 08:07:00,40.76968147068991,-74.03883794506162,40.88210097479063,-74.13069746278025,1,cash,medium,14.697003781864106,34.858901746076555,52.31433873531599
2024-01-28 08:16:00,40.82622517859472,-73.76930568299737,40.80315884772098,-73.7906802256498,2,card,medium,3.1327496669277033,10.121638720044038,11.852253948314562
2024-01-28 08:24:00,40.811672442003314,-73.92723112987157,40.79587902053271,-73.94760703240381,1,card,high,2.4546616348741144,15.536596087875528,18.197055313123172
2024-01-28 08:33:00,40.659684655048316,-74.20417686495318,40.605149111188,-74.19338632595934,1,card,medium,6.132059750232651,15.060084296030439,23.608935034529456
2024-01-28 08:42:00,40.767258023349086,-74.0002712416548,40.714061236991135,-73.91288942173674,1,card,low,9.443863381469013,10.910798845131566,31.432687614524006
2024-01-28 08:51:00,40.842007173097066,-73.90523526082097,40.885838706197106,-73.90276851884256,1,cash,medium,4.878256436208452,13.209033957987213,20.93799980079905
2024-01-28 08:59:00,40.68782102503754,-74.2266618241578,40.78997972253144,-74.26,1,card,low,11.701631823409782,15.871658575321801,36.885286679719925
2024-01-28 09:08:00,40.80235086988376,-74.08422873864392,40.77682506489739,-74.12535458288838,1,card,medium,4.476995403243738,14.183022755544108,19.56508196359479
2024-01-28 09:17:00,40.743703345356394,-73.89428865784247,40.75933258912213,-73.88248570405827,1,cash,medium,2.0021884328040156,4.145612824507714,9.390671509934826
2024-01-28 09:25:00,40.75107400932131,-74.17989360522341,40.76098150612835,-74.17570884103787,1,card,low,1.1566786501778126,1.6830970144764015,8.556719657513218
2024-01-28 09:34:00,40.610618712845934,-74.08234665188203,40.655629718154685,-74.00924615337797,1,card,low,7.9436553758397945,13.748509023660832,26.824282572242932
2024-01-28 09:43:00,40.80651383620383,-73.90814573554171,40.90635598710711,-73.86494225711499,1,cash,medium,11.68141756113528,27.815517630514186,42.764640641134136
2024-01-28 09:51:00,40.87433359202054,-73.8644741400493,40.92,-73.8226189437293,2,card,medium,6.177444009741313,17.591467503616705,24.629092168448693
2024-01-28 10:00:00,40.62808663792879,-73.99555898514903,40.61734697028466,-74.00532997429589,5,card,low,1.4512625544722442,1.0,8.025860666352973
2024-01-28 10:09:00,40.704475925153595,-73.772002660873,40.72827046876053,-73.75,1,card,medium,3.2309701226478986,7.2190284355351695,13.133627957483409
2024-01-28 10:18:00,40.59654693464588,-73.78808126201251,40.62480953756928,-73.82839780269138,1,cash,medium,4.63233364423858,12.746102137117534,17.906032063996655
2024-01-28 10:26:00,40.590074841231974,-74.01854710250703,40.58917076282943,-73.97497385858881,5,cash,low,3.680707451788549,4.542781890042043,15.604488429488113
2024-01-28 10:35:00,40.91648388886839,-74.17826005084324,40.86716676286104,-74.19096890148532,4,cash,low,5.586897769267763,8.301324554917974,17.22429357125371
2024-01-28 10:44:00,40.74778031282417,-73.86580490241919,40.71183538298883,-73.93096460568741,3,card,medium,6.791265527532645,16.15965515938647,26.17497150694076
2024-01-28 10:52:00,40.700876466335984,-74.1359988165495,40.7525433356278,-74.10930316502183,1,cash,high,6.169815059393284,33.226750405974,30.713878620268062
2024-01-28 11:01:00,40.67345820605251,-73.83016113190045,40.7297670658645,-73.76727166906281,1,card,low,8.204220357043447,11.452226638481667,26.62142837095635
2024-01-28 11:10:00,40.91320429928129,-73.96055638601091,40.90386376786353,-73.97885347022013,3,card,high,1.8555321871274666,10.337748587892131,14.243175976505933
2024-01-28 11:18:00,40.66576526707737,-74.05901256673715,40.67751275981007,-73.9886882879762,1,card,medium,6.073054844094651,11.133877559435676,24.96732451363999
2024-01-28 11:27:00,40.826740854550835,-73.9762444871229,40.88061772651067,-74.05076182826737,1,card,high,8.670048633076112,39.237175892330036,42.09144128844106
2024-01-28 11:36:00,40.676477752574016,-73.98826752808645,40.59978565333252,-74.04212322374138,5,card,high,9.662992825647963,47.42874007693468,48.541047815431185
2024-01-28 11:45:00,40.60396643182135,-73.78838624859104,40.5838805724336,-73.79498892046989,2,card,low,2.301973160954556,6.956401483522431,10.486739456233398
2024-01-28 11:53:00,40.8123140489361,-74.1506748446216,40.90311826110282,-74.16735921948835,1,card,medium,10.19400012453453,30.66543496452896,39.31304713104051
2024-01-28 12:02:00,40.58055448819415,-73.78663918919865,40.5940233354233,-73.81666019157132,1,card,medium,2.944415121079898,10.869225672482795,18.716931241578113
2024-01-28 12:11:00,40.8097544939306,-74.24401606885547,40.75893977011894,-74.23800057150865,3,cash,low,5.672992685697528,10.8361524501653,18.14240146537137
2024-01-28 12:19:00,40.66512804365654,-73.86770632641813,40.67040574686735,-73.8914928970205,1,card,high,2.0902662853972203,15.112399616101886,17.941206829934654
2024-01-28 12:28:00,40.83367543890431,-73.7909692533371,40.87964004055638,-73.80712311320822,1,cash,low,5.288511652578877,7.146282945523082,15.868885001959411
2024-01-28 12:37:00,40.84171505689922,-74.05903338259688,40.727121074719435,-74.04650425443111,1,card,high,12.78585896696028,65.8331773269476,63.5588493091008
2024-01-28 12:45:00,40.826196461197966,-74.22273573463242,40.83412932297156,-74.25277489434363,1,card,high,2.67687776459052,13.711849449422818,20.90367822480377
2024-01-28 12:54:00,40.58832437009899,-73.84961955893822,40.58,-73.85439037619757,2,mobile_wallet,medium,1.0095050242713832,2.6302987199556846,4.68401006772576
2024-01-28 13:03:00,40.81927045067888,-73.83013892359722,40.745380534989216,-73.8591881806834,5,card,medium,8.572503880036386,23.09385622646351,31.038256333305085
2024-01-28 13:12:00,40.91664950877896,-74.08850873212589,40.92,-74.14276165088009,1,cash,high,4.57373410985147,32.72515955592492,31.613200007462325
2024-01-28 13:20:00,40.66249262529871,-73.99551742430019,40.65635101486949,-73.96115082643988,1,cash,low,2.9782460208883177,5.027382535576488,11.442441895730704
2024-01-28 13:29:00,40.67324111455662,-73.84717077531482,40.67215705320773,-73.77032002547693,1,card,medium,6.4823465281017745,15.789977234810745,28.539622142633217
2024-01-28 13:38:00,40.85659902685738,-74.16205808160244,40.84092729894637,-74.11415234182411,1,cash,low,4.390126970406006,6.852294317386601,14.370867841172016
2024-01-28 13:46:00,40.634534913719065,-73.93922236424045,40.58857472388113,-73.9242951405567,4,cash,low,5.263585334504165,8.412794100027773,15.830391855552623
2024-01-28 13:55:00,40.804598449671545,-74.04037836364694,40.73913232215963,-74.06924714357005,1,cash,medium,7.674701702821816,13.320122115672335,25.94746591826261
2024-01-28 14:04:00,40.836708968350194,-74.17104796635033,40.80562792103784,-74.18395930893855,4,card,medium,3.62280198626686,7.151720878530542,14.754146456785742
2024-01-28 14:12:00,40.59263462501858,-73.83596549430202,40.631300970152004,-73.78839953758099,3,card,low,5.882774828440382,7.034155452168197,19.224905722624957
2024-01-28 14:21:00,40.76827911205018,-74.09441277557804,40.77876727526788,-74.19707968009409,1,card,medium,8.723636599765118,33.02085940266433,37.7117433615593
2024-01-28 14:30:00,40.7757982679022,-73.78344268101594,40.77268546807711,-73.79978939111366,1,card,medium,1.4193526252643822,3.6009500452507845,10.45732624365675
2024-01-28 14:39:00,40.68317058511321,-73.9698437263919,40.63638101840499,-73.9368085100034,5,card,high,5.902010017486773,22.62796804837894,30.87664477696297
2024-01-28 14:47:00,40.87795718759516,-73.99759990949379,40.86113101561672,-74.04882252669209,1,cash,high,4.695916372954037,26.554085674789857,25.594859632791753
2024-01-28 14:56:00,40.63533490456195,-74.04411396844813,40.66850699468802,-74.02506149565708,3,card,high,4.023547302849804,26.536298981105478,24.963892674784738
2024-01-28 15:05:00,40.70382620123199,-74.05565784617329,40.726541470543836,-74.03869332898883,1,cash,high,2.902428734257623,14.353757942425377,17.03347222640671
2024-01-28 15:13:00,40.86854735363009,-73.84283719983308,40.84707340449032,-73.9082821591949,1,mobile_wallet,high,5.9995982642559085,24.79148881868153,25.033486206386968
2024-01-28 15:22:00,40.64481853724604,-73.91447456676208,40.58,-73.91056055180564,1,card,low,7.21506091567095,9.991263610201646,23.385813484433324
2024-01-28 15:31:00,40.85926720635141,-73.86541803312706,40.82889906299414,-73.89320307018713,1,card,low,4.10673622299836,2.668249653227469,12.45689305292398
2024-01-28 15:39:00,40.606883520305104,-74.04524707859828,40.58516226701263,-74.02652263818352,1,card,medium,2.8866982397291197,8.333497733001066,19.696551223842285
2024-01-28 15:48:00,40.7463378828446,-74.12666701540161,40.705518115647976,-74.0965265245365,1,card,medium,5.20125372496822,14.873100482935403,22.704114209062805
2024-01-28 15:57:00,40.605612425231534,-74.21569873855063,40.587019514990246,-74.19774648653083,1,card,high,2.5635455674366225,16.234861009607183,19.332089836630033
2024-01-28 16:06:00,40.81048721892092,-73.86390544510814,40.847231974689706,-73.8606387905172,1,mobile_wallet,medium,4.095064292683242,13.213793664525493,16.190093730458987
2024-01-28 16:14:00,40.8488045062789,-74.04820902043598,40.84712616589586,-74.03520981317696,1,card,high,1.1092164626430734,5.147532353339972,6.208376057805822
2024-01-28 16:23:00,40.868951906403915,-74.0002959680307,40.913488228559636,-74.05321889703193,3,card,medium,6.656915174003098,18.783024832492423,30.550276150943787
2024-01-28 16:32:00,40.91362916525296,-74.02063495004951,40.84575242139891,-74.02201878032336,3,card,high,7.548446188318562,61.625878777666244,46.068382970501794
2024-01-28 16:40:00,40.80848534558186,-74.0401196932517,40.794757462973884,-74.07596143935419,1,card,low,3.381067354489605,3.7542570437509815,11.853762976354215
2024-01-28 16:49:00,40.84148105070561,-73.9112112156954,40.75422505571758,-73.86479197178849,4,cash,medium,10.459682305979408,25.542318508162168,37.142787591226
2024-01-28 16:58:00,40.75195781462925,-73.9495456009631,40.73276182578659,-73.91879988394395,1,cash,high,3.3563967876184746,22.840388851590657,21.521819836552716
2024-01-28 17:06:00,40.890330546401586,-73.76425256269141,40.84327596091319,-73.75,1,card,medium,5.367738287381305,15.486687403576227,26.00281947856664
2024-01-28 17:15:00,40.798877849947814,-74.1891590070989,40.856534227452094,-74.11205188708952,1,card,medium,9.120990646977209,27.724431221209308,39.07502198044628
2024-01-28 17:24:00,40.880407478125456,-73.96750515025131,,,2,cash,medium,2.4001997399137767,5.409572375305533,11.375291795783674
2024-01-28 17:33:00,40.66005368578472,-74.22774751666482,40.705721013086404,-74.2524528475143,1,cash,high,5.48867928529905,25.721146098408454,24.76477658280263
2024-01-28 17:41:00,40.748890845444144,-73.84796160645882,40.72957019330686,-73.86387372869041,3,card,medium,2.5323282392271613,6.47372418268035,13.763834543024377
2024-01-28 17:50:00,40.8281384331617,-73.94568122004195,40.78225111879145,-74.01778185839467,1,card,high,7.9285461534618,50.66140563993969,43.63071428145153
2024-01-28 17:59:00,40.64892539655131,-74.04152680384381,40.60160506179708,-74.11008804428188,1,card,medium,7.820927165019947,18.362349508119642,27.911000168392583
2024-01-28 18:07:00,40.651855529709074,-73.85085981613159,40.66380029734376,-73.82291018072803,1,card,medium,2.706047161871049,9.46062780352625,16.759504460219436
2024-01-28 18:16:00,40.91253453173792,-74.0279486696693,40.92,-74.09072997556088,1,card,medium,5.340201683773364,14.317083020168932,22.527879041330454
2024-01-28 18:25:00,40.72776752265065,-74.14382909139015,40.746324725791574,-74.1922001568156,1,cash,medium,4.56805775439441,14.163558353606518,19.715212542277154
2024-01-28 18:33:00,40.641817253994084,-74.01902461183373,40.624952706176146,-74.02360200630345,2,card,medium,1.9146200337116273,2.404092036772635,11.973427681226333
2024-01-28 18:42:00,40.69269771987371,-74.22387578371496,40.68420303139302,-74.24242602583816,1,cash,low,1.8271612802164432,2.2447762095734536,9.543051443768453
2024-01-28 18:51:00,40.715107890410415,-73.80209083408391,40.71369937548158,-73.7622364779831,1,cash,high,3.3626725171748895,35.215655626272586,24.40301824553748
2024-01-28 19:00:00,40.79184898753988,-73.88721122888542,40.8830479027479,-73.88449047016036,2,cash,medium,10.143439455206885,23.2635595116287,38.60108355725623
2024-01-28 19:08:00,40.89382498407624,-73.87223894903033,40.92,-73.90817003959309,1,card,low,4.193934398080312,5.5062363257575795,14.887230303521996
2024-01-28 19:17:00,40.91544062581351,-73.81400841495059,40.92,-73.77028492951216,2,card,medium,3.7086619737957465,12.95855839121363,17.024477856428767
2024-01-28 19:26:00,40.80157757802978,-73.85629797970431,40.80651551658105,-73.82350236738657,1,cash,medium,2.8144491088991397,5.234079911440047,12.985547328297066
2024-01-28 19:34:00,40.81797360267123,-74.03975517897075,40.831444505237876,-74.10324943366157,1,cash,medium,5.548586232618721,14.725539894053831,22.445050271708023
2024-01-28 19:43:00,40.68942191769684,-74.19949543522202,40.71166432281458,-74.18814343621231,1,card,high,2.651928988020898,12.71747691243922,19.019543821455535
2024-01-28 19:52:00,40.871433922452574,-74.06958396220972,40.85284001456867,-74.10176241774106,1,cash,medium,3.4055066395856675,12.992228336995822,15.186809284122207
2024-01-28 20:00:00,40.65405143397491,-73.78361679566635,40.61606788134296,-73.81698149634235,1,mobile_wallet,high,5.075936665592011,22.3392189745191,21.464795284375715
2024-01-28 20:09:00,40.61616942076573,-73.77596384947199,40.6626193324907,-73.75,1,cash,medium,5.610401036427452,17.69406908472596,24.713893837612847
2024-01-28 20:18:00,40.910907036633205,-73.86838585858287,40.91189625950894,-73.86279364610253,1,card,medium,0.4826298979620265,1.0,4.058869698929703
2024-01-28 20:27:00,40.873807150118985,-74.1557404026336,40.91649990723066,-74.16552963461673,1,cash,medium,4.81799809878246,12.846420115616219,23.031680449968327
2024-01-28 20:35:00,40.68323934574296,-74.16083057218329,40.757316489437905,-74.15700776704499,1,card,low,8.243300472897015,13.988451900022246,27.43462821491882
2024-01-28 20:44:00,40.80955804356956,-73.81131652945083,40.83298570660404,-73.77197571762352,1,card,high,4.2124872667068995,20.381045398996026,22.958055735037206
2024-01-28 20:53:00,40.738786241520486,-74.18762287926432,40.75492092310114,-74.21919508068223,2,card,medium,3.2082241874307695,11.493438480690218,16.657202707949196
2024-01-28 21:01:00,40.68986359008946,-73.96208988656043,40.833874524212725,-73.98597813518528,1,cash,low,16.139180191186703,24.11632695637508,48.805620576212
2024-01-28 21:10:00,40.6775032316585,-74.06709164203768,40.68681913743109,-74.0375414264211,1,card,medium,2.698512759103759,9.008393019821943,14.844318547487909
2024-01-28 21:19:00,40.62624933137511,-74.1059743859398,40.58,-74.17421190401187,1,card,low,7.722331160417788,17.588383366101237,28.391027169553297
2024-01-28 21:27:00,40.766768147973785,-73.91453516690474,40.75411301252605,-73.86995043406382,1,card,low,4.010116756185825,6.821578050363421,14.30369211915124
2024-01-28 21:36:00,40.73184287463995,-73.77061977090752,40.8016686866685,-73.84285285897458,1,card,low,9.863528777632242,16.119593120047263,31.489551361539462
2024-01-28 21:45:00,40.75414338290198,-73.86340679349745,40.695905852139376,-73.87446629988334,3,card,high,6.542438218974758,28.402844859767033,30.503809731177938
2024-01-28 21:54:00,40.653221436943,-74.01205707751821,40.619360754756116,-74.08400455681074,1,card,low,7.1437749428619775,10.775137616516583,24.399023913623452
2024-01-28 22:02:00,40.89912762806291,-74.03523713081687,40.92,-74.08276845560391,1,card,medium,4.619626039429929,11.055572188051835,19.31027570743898
2024-01-28 22:11:00,40.797121006752384,-73.79709126395558,40.784898077839294,-73.75,1,card,medium,4.190903692076144,12.826666485016155,16.273092414610513
2024-01-28 22:20:00,40.88586422351034,-73.96516537977838,40.8809031630964,-73.91816477545582,1,card,high,3.989577693771439,20.637769878384333,21.739879592563085
2024-01-28 22:28:00,40.61715219645114,-74.00671409823624,40.66545397335702,-73.95490459474622,2,cash,high,6.925029875769534,31.505317956803548,33.396073278190954
2024-01-28 22:37:00,40.7917693283911,-73.91175370653897,40.75951237548667,-73.97695817929821,1,card,high,6.558290902609506,63.26178420126785,46.19977060857721
2024-01-28 22:46:00,40.868817018339016,-74.13905155326394,40.802729908020524,-74.18634908038301,2,cash,medium,8.3566888172484,17.350880580807562,27.920612743517502
2024-01-28 22:54:00,40.69251306513692,-74.22749490133681,40.630013196448104,-74.2122006357394,1,card,medium,7.068391691113281,20.528165674460592,28.646516003699507
2024-01-28 23:03:00,40.64634867750623,-73.82389316535247,40.67252879745966,-73.7917038782944,1,card,high,3.9808241460757716,20.69939082267378,21.14941427852423
2024-01-28 23:12:00,40.67010724397391,-73.95029653264328,40.681768188196294,-73.98627464847272,1,card,low,3.2995276789925367,3.5507056486037856,13.846892925578512
2024-01-28 23:21:00,40.67279746709493,-74.17591267837521,40.64163197399736,-74.2019641405897,1,card,low,4.103486833995381,7.096495834061756,14.986193771007496
2024-01-28 23:29:00,40.732047648074,-74.10799555748463,40.67990202513768,-74.15890620155727,1,card,high,7.213658976094008,32.64890802510943,36.89271175578806
2024-01-28 23:38:00,40.69082762494497,-73.75513390857934,40.67865183431327,-73.75,1,cash,low,1.4214086206149679,3.4203482605763407,7.3175143570244305
2024-01-28 23:47:00,40.67223318472072,-73.93644394744354,40.72247646260199,-73.95781695840094,1,card,medium,5.870170546057947,14.77583383389007,21.6376270214467
2024-01-28 23:55:00,40.80049418145775,-73.93558280810677,40.76288237353543,-73.93417465444419,1,card,low,4.183922454735347,5.763276615063724,15.542224605844593
2024-01-29 00:04:00,40.59803100636844,-74.22319653176356,40.58,-74.21943252466355,1,card,low,2.029992688260869,5.409624123125875,10.122152610533902
2024-01-29 00:13:00,40.695723684567504,-73.7658142155356,40.64215021403692,-73.75,1,card,high,6.10458534174613,34.56576499990872,35.21586155556229
2024-01-29 00:21:00,40.81451566841976,-73.80468072632506,40.79798208841016,-73.84754172173352,2,card,low,4.0488933960766635,4.786225030416177,17.53312828181064
2024-01-29 00:30:00,40.63978891475554,-73.98063095444576,40.65500246933779,-73.92805921690558,1,card,medium,4.7469901145960725,13.390020330208397,21.589176634354647
2024-01-29 00:39:00,40.65511547315239,-74.10221165261005,40.750298085219335,-74.15975408481303,1,card,low,11.642435305723044,16.1771865134273,35.54275730508967
2024-01-29 00:48:00,40.64822665264039,-73.9039918335231,40.65802682071729,-73.85153442192309,1,cash,medium,4.557504260076628,12.109006431846044,18.29983428540268
2024-01-29 00:56:00,40.580314876288675,-73.83497905881934,40.58,-73.91216754014906,1,card,high,6.518828781887242,71.01806449281663,48.00411478109954
2024-01-29 01:05:00,40.741081035622734,-73.85907808099014,40.77991318289207,-73.86378308532421,1,card,medium,4.3360835048534865,10.517824160262581,20.169998630626225
2024-01-29 01:14:00,40.59324598840148,-73.76170584025559,40.62457568823384,-73.75,1,cash,medium,3.6211391340073855,8.983203149096777,14.54192042955673
2024-01-29 01:22:00,40.67279953600347,-73.93520374667986,40.646804799356964,-73.90382722180881,1,card,medium,3.919144122749518,9.878095138031103,17.94420168473278
2024-01-29 01:31:00,40.91823316436127,-74.09617502990498,40.92,-74.07721912691613,1,cash,low,1.6047987146726497,2.278131658572323,5.600431120473704
2024-01-29 01:40:00,40.8922547118727,-74.00605691733504,40.891157461019475,-74.05323559870813,1,cash,medium,3.9676035063863124,10.9080327369746,16.694323330666872
2024-01-29 01:48:00,40.65312577477315,-73.84367824434518,40.663762664189164,-73.87674430033276,1,card,high,3.0296439064048544,22.77118095384335,19.475636383124495
2024-01-29 01:57:00,40.68540082685074,-74.12467528052017,40.710211513278615,-74.06417746857376,1,card,high,5.798524621354719,49.272503419750606,37.97608623893269
2024-01-29 02:06:00,40.737659557971305,-74.14198178997857,40.75322381451389,-74.12072651287201,1,card,low,2.4902803190382232,3.029004810311178,10.828556958183032
2024-01-29 02:15:00,40.867100605864145,-73.8903343640335,40.92,-73.85027314791849,3,cash,high,6.7778098065579755,35.50828826932941,34.99015160405002
2024-01-29 02:23:00,40.85289962007365,-74.03334201247715,40.826353726812805,-74.03002129091551,1,card,high,2.9649579169478715,19.060429240662405,-22.312349458074813
2024-01-29 02:32:00,40.62292208843253,-73.84354909845324,40.65817428963091,-73.85622701523384,1,cash,high,4.063204302988241,24.248375754492862,22.342445820982483
2024-01-29 02:41:00,40.62231260843844,-74.18672137105892,40.629718188480766,-74.15222159768753,3,card,high,3.025789829985065,19.205431032492214,18.208614530011108
2024-01-29 02:49:00,40.721688966323974,-74.0887948037938,40.765911510103905,-74.07712391724328,1,cash,high,5.014656060201993,23.572326901793932,25.970919158986543
2024-01-29 02:58:00,40.875832432468684,-74.12326904763906,40.866158087220114,-74.13091724768802,1,mobile_wallet,low,1.2533068292541105,2.240516427200236,6.098941355872353
2024-01-29 03:07:00,40.879908899692474,-73.9040872444862,40.86414020866558,-73.96771756203057,2,card,medium,5.630193357637512,19.102306457947588,27.620481035204993
2024-01-29 03:15:00,40.61650438889342,-73.87274210120341,40.64944769582759,-73.82981622782404,1,card,high,5.151670352286372,35.76861159377272,31.88430775480143
2024-01-29 03:24:00,40.77526107790829,-74.02743862509786,40.791370774477336,-74.00763744107408,1,card,medium,2.4470901854282285,7.011596600547783,14.6497823373081
2024-01-29 03:33:00,40.632929567022536,-74.01620501803654,40.5960163234179,-74.0434868102482,1,card,medium,4.70642714299748,11.354324549617086,18.039966618936457
2024-01-29 03:42:00,40.81328396540095,-74.19266373977754,40.87383651828959,-74.13959736674178,1,card,medium,8.078447793756125,21.02199090667273,33.63560009179269
2024-01-29 03:50:00,40.89158730429583,-73.90206767215534,40.92,-73.89109610969734,1,card,low,3.2911468828264177,4.687703638730582,9.958370788311544
2024-01-29 03:59:00,40.7346215594417,-73.75391800686438,40.73128237086938,-73.75,1,cash,high,0.4968383074224442,5.459611807715312,7.880185358597231
2024-01-29 04:08:00,40.60824814339529,-73.86325986117578,40.58717774336739,-73.82348456024476,1,mobile_wallet,medium,4.094750567010242,7.803005918697222,12.628055417493316
2024-01-29 04:16:00,40.77694642660415,-74.14621271517431,40.79333231696346,-74.11612091726057,1,cash,medium,3.1206537742866267,4.1135761427175215,8.430278205074256
2024-01-29 04:25:00,40.71889566784619,-73.94220740280694,40.748617502927395,-73.92899205124606,1,cash,low,3.4874571025482206,5.61576581404798,12.957933193878297
2024-01-29 04:34:00,40.85570557579355,-74.10957202656124,40.78397219746486,-74.11805835397077,1,card,high,8.008290762561758,43.67910885325626,42.092483033731774
2024-01-29 04:42:00,40.69571711773497,-74.2446099580127,40.7126227592485,-74.15534507107215,2,card,low,7.755877689056615,11.348719796167382,25.182349121490777
2024-01-29 04:51:00,40.87746504816068,-74.16829034361552,40.90683000976929,-74.2013113805544,2,cash,high,4.285556582181382,28.416978809728395,24.38910476490034
2024-01-29 05:00:00,40.67305813859583,-74.20767727814544,40.58,-74.17410854539071,1,cash,low,10.728396168295777,18.772948713457524,33.71927150471121
2024-01-29 05:09:00,40.633555996202155,-74.16007439768022,40.642384530845696,-74.16384806016697,1,cash,high,1.0320378511183539,2.4683427515676364,7.074345927190655
2024-01-29 05:17:00,40.68420332828832,-73.854241745061,40.71546073933612,-73.83377963182517,1,card,medium,3.880178883660925,15.7138161089126,17.250759900060626
2024-01-29 05:26:00,40.59187136921973,-74.11065561164449,40.618010893361635,-74.05515156231783,1,card,high,5.513983027299287,25.25685419655389,29.256659051579142
2024-01-29 05:35:00,40.67562362873724,-73.873909625018,40.71173380470238,-73.8879306542316,1,card,medium,4.185657368717921,8.357307323598437,16.983285019632252
2024-01-29 05:43:00,40.80443999551989,-73.77608009703019,40.789699498879074,-73.75,1,card,low,2.739738130882602,6.6774009118360995,16.503947743665215
2024-01-29 05:52:00,40.62837621270924,-73.96712071131543,40.58158042314884,-73.95517063369249,3,card,low,5.300347759990745,8.292259714363208,20.297178642535307
2024-01-29 06:01:00,40.61786409074744,-74.01244143957487,40.58,-74.0413000068174,1,card,high,4.864466932858141,27.046527036866877,28.81323937402852
2024-01-29 06:09:00,40.62501099902648,-73.87743514044897,40.67416104485204,-73.8208206855066,1,card,medium,7.258191280198815,14.611659872870685,30.083556076805134
2024-01-29 06:18:00,40.606367569248896,-74.21048402865453,40.63800551646964,-74.17848057784921,1,card,medium,4.435303116573055,8.20753277655662,19.124359229579877
2024-01-29 06:27:00,40.877376040026604,-74.04161183538271,40.92,-74.06116658230073,1,card,low,5.016449731731626,6.226772756587566,17.51241326850982
2024-01-29 06:36:00,40.90099913926882,-74.00559945658465,40.868367778120835,-73.95593773660893,1,mobile_wallet,high,5.531300193915239,23.865540045906364,20.173502573803162
2024-01-29 06:44:00,40.59583079158779,-73.83616383169682,40.63200343060593,-73.8735777159501,1,cash,medium,5.1138760165758255,12.649084900488507,20.202545380863246
2024-01-29 06:53:00,40.8384244057248,-73.84474899328204,40.77080376288674,-73.84605103511187,2,card,medium,7.519871017694871,16.60538324346717,31.260222933347936
2024-01-29 07:02:00,40.83063159388385,-73.8273846664765,40.79150438374191,-73.84669973903154,2,cash,medium,4.644505747009939,10.849601759018846,19.300451397418392
2024-01-29 07:10:00,40.918949204367415,-73.90408480678748,40.92,-73.87027576728158,3,card,medium,2.843115892239284,7.886874538512676,15.119399706353256
2024-01-29 07:19:00,40.69827602498516,-73.98941653833573,40.72812036832735,-74.01100228933473,1,mobile_wallet,medium,3.7845313755821417,8.240933366470756,12.043001867353457
2024-01-29 07:28:00,40.67707305717474,-73.83778154611488,40.7526286173301,-73.80364980585163,1,cash,low,8.880245819585893,13.652216744075943,26.924669338082175
2024-01-29 07:36:00,40.734047921075344,-73.81462596821981,40.72324503813242,-73.78787526180331,3,card,high,2.5542237102576206,15.267959217573393,19.030874644212243
2024-01-29 07:45:00,40.87123556023072,-74.014952857744,40.83227682275022,-74.0318390693776,1,card,medium,4.558894073320096,10.761033749470599,18.585802757549516
2024-01-29 07:54:00,40.827721838462885,-73.75731242697672,40.78645013896047,-73.75,2,mobile_wallet,medium,4.630288224436073,10.19882597723158,16.799333833866445
2024-01-29 08:03:00,40.74035209674895,-73.81384275626061,40.70939902922286,-73.84737831549816,4,mobile_wallet,medium,4.453370874629016,8.976004908433847,14.077089284447968
2024-01-29 08:11:00,40.663151366717194,-73.99966047063508,40.76309757255857,-74.06306610450763,1,card,medium,12.331640316962135,35.34718827017838,47.93120939549179
2024-01-29 08:20:00,40.82718535203125,-74.22466332637298,40.8612446631823,-74.18613886522289,1,card,medium,4.984428267372292,18.096213045283072,21.784732439675484
2024-01-29 08:29:00,40.87053913513435,-74.14550905405534,40.92,-74.24223241139077,1,card,medium,9.815445102656158,22.690612754955573,36.189980100886096
2024-01-29 08:37:00,40.71598341856295,-73.8640367245181,40.705229067139854,-73.79690496733322,1,cash,high,5.783334484815773,26.658953551403894,26.839939205272373
2024-01-29 08:46:00,40.807319051579135,-74.20331132893068,40.807244860871194,-74.19873240448699,3,card,low,0.38547243093975053,1.0,7.451866396267153
2024-01-29 08:55:00,40.71607208720004,-74.02040196617718,40.74753898996817,-74.08461629454341,1,card,high,6.443499148401532,50.09432844077471,39.33947215644844
2024-01-29 09:03:00,40.7426877689681,-73.95152538202659,40.71992682495796,-73.99420628463807,1,card,high,4.397625370916323,25.554159481422527,25.810716848639636
2024-01-29 09:12:00,40.75846952918467,-73.81204311753103,40.74536067429007,-73.88557710792921,1,card,high,6.363331174234446,28.659984209076683,30.157014806096182
2024-01-29 09:21:00,40.843746776767574,-73.82797192992433,40.8133850825357,-73.81074219705268,1,card,low,3.674149021805107,7.494589781211534,13.348965861376445
2024-01-29 09:30:00,40.912352034603835,-73.87021826025953,40.892214863114766,-73.92992939795418,2,cash,medium,5.495258327621448,14.342751413000677,21.072479991501968
2024-01-29 09:38:00,40.731084495297,-74.0520759362683,40.733288532859646,-74.02948192988698,1,mobile_wallet,high,1.9194797043658385,9.289033656538503,9.273409934547606
2024-01-29 09:47:00,40.696387102124184,-74.18745288028543,40.65941014644681,-74.20116996710084,1,card,high,4.271266795929255,18.19714386955509,22.991524820624463
2024-01-29 09:56:00,40.707020942200614,-73.9184788521255,40.719889996261436,-73.93987023843505,1,cash,low,2.301802230862318,5.734603142936738,13.997896189477391
2024-01-29 10:04:00,40.62552228358756,-74.16754280253089,40.63832846213736,-74.14462223402212,1,cash,high,2.4018383930947382,15.055577270044983,13.651935591063566
2024-01-29 10:13:00,40.680959170858024,-73.97372961346161,40.67289298192949,-73.94567160362836,1,card,high,2.530420812672892,15.043808035200595,19.80794632572328
2024-01-29 10:22:00,40.609392120511394,-73.7598541269437,40.58,-73.75,1,card,high,3.372498846707911,23.16091547432874,22.499732411913094
2024-01-29 10:30:00,40.72548404948095,-73.97934201433829,40.73020738668378,-74.00786203946866,1,card,medium,2.4599734510977016,6.843864410394539,16.127305867216993
2024-01-29 10:39:00,40.63690147156576,-73.93076599769718,40.61418076623293,-73.93210742351692,2,mobile_wallet,medium,2.5289623532198453,4.303820878120541,8.466626544743574
2024-01-29 10:48:00,40.6977782936313,-73.91443650932275,40.69987503115107,-73.94302623028666,1,cash,medium,2.4214260735741693,8.300495058465948,14.697622156701804
2024-01-29 10:57:00,40.84981643479315,-73.8365019375855,40.8992321708263,-73.82916750118589,1,card,medium,5.529275371462156,12.148083951060435,22.15369136312198
2024-01-29 11:05:00,40.6636154012003,-74.03815985416541,40.607233095930624,-74.07318289000257,1,card,high,6.9310647289264065,19.577733256899975,30.328279181578594
2024-01-29 11:14:00,40.7880441712563,-74.00626995046323,40.885851056416506,-74.02535430333576,1,card,low,10.993497261831386,18.42456228025719,37.01552801365275
2024-01-29 11:23:00,40.88640168254453,-74.17025427289846,40.88313812091408,-74.18910929583816,1,card,low,1.6260844749307137,1.0,7.89513557578959
2024-01-29 11:31:00,40.77275592359005,-73.94651325725387,40.79128869091581,-73.93331201477264,1,cash,high,2.341394225609935,9.88778104405816,12.74543683866558
2024-01-29 11:40:00,40.64588948834262,-74.10916341677456,40.612015734281734,-74.10903044324901,1,cash,medium,3.7666063142159865,11.37697952319259,17.24975850352786
2024-01-29 11:49:00,40.69722050594842,-74.00111137806677,40.748620025677795,-73.97832780580717,3,card,low,6.029249011847716,9.566559289488245,20.117704856069825
2024-01-29 11:57:00,40.78072553044258,-73.86905583130995,40.7750723393173,-73.87387067750652,1,card,high,0.7480046475645908,3.9823498639785204,6.433674950173858
2024-01-29 12:06:00,40.75224778751835,-74.2510393486122,40.73451246357739,-74.26,2,card,high,2.111625256279104,13.790185365071808,16.725760505207486
2024-01-29 12:15:00,40.630530744334145,-73.97240308144197,40.60463256837674,-73.96379535106539,2,card,high,2.9699812059790163,17.49434719267167,19.746484600568856
2024-01-29 12:24:00,40.7319107571948,-74.17154304117155,40.719828616034285,-74.21281631862414,2,card,medium,3.7284717867497994,6.719912469130874,17.950433476522026
2024-01-29 12:32:00,40.76464267626948,-74.11751449671024,40.783468305802366,-74.09190239500018,1,card,medium,3.0055595350930555,3.7167052973398813,12.962453102211981
2024-01-29 12:41:00,40.67089312291557,-74.24229622715563,40.678669603993946,-74.25514216061406,1,cash,low,1.3861172767788787,3.886866463890641,8.16722897435126
2024-01-29 12:50:00,40.78823147521555,-74.1735739923052,40.78643778722559,-74.16437061886872,3,card,low,0.8000909490738495,2.578762964132771,7.513767866706306
2024-01-29 12:58:00,40.60385443382497,-73.75681900942355,40.58,-73.75,3,cash,low,2.714265122460632,4.592041919118226,12.777874588579232
2024-01-29 13:07:00,40.69444639141228,-73.75075339178835,40.65983358508566,-73.75,3,mobile_wallet,medium,3.849292809636684,7.178762659897236,12.745846091826635
2024-01-29 13:16:00,40.853454123144374,-73.89287756085628,40.83271478042828,-73.87570629428595,5,card,medium,2.721127813083364,6.428390532083561,14.971361331804927
2024-01-29 13:24:00,40.668156832308775,-73.94795300406669,40.68886923935601,-73.94465815117854,1,cash,low,2.3198138420832155,5.412218395772536,9.699430027064887
2024-01-29 13:33:00,40.78576012900105,-73.86372645391937,40.81556182341072,-73.89488314081309,1,card,high,4.225997807135968,24.04380384105798,24.349960486118157
2024-01-29 13:42:00,40.719410102661506,-73.80275732118557,40.75527709152192,-73.76664998921369,2,card,high,5.016047149960791,16.70896834056568,24.352338331710595
2024-01-29 13:51:00,40.68759644842118,-73.99515441962164,40.68753043821194,-74.00731366804021,1,card,low,1.0252506781468584,1.7343502435661222,5.295243238269039
2024-01-29 13:59:00,40.89148477388941,-74.24200516029698,40.90874506123071,-74.26,2,card,high,2.44354903130806,7.847624332920832,12.65787606234143
2024-01-29 14:08:00,40.69670898414733,-73.89820813150418,40.689128702427595,-73.90698710150593,2,cash,medium,1.1217337014283257,4.156536636426553,5.835342492893001
2024-01-29 14:17:00,40.66046980650559,-73.75785272394306,40.58206639691381,-73.75,1,cash,medium,8.743217973040359,23.130941751254564,29.98484316520595
2024-01-29 14:25:00,40.889162447317695,-74.12839299245431,40.87944574178842,-74.16522574884868,1,cash,medium,3.2795097033740475,8.986689401786776,13.26144986044915
2024-01-29 14:34:00,40.83362108101818,-74.02363256161485,40.81673138287708,-74.02895067534479,1,card,medium,1.930622403782843,6.97254498021654,11.517038085082792
2024-01-29 14:43:00,40.81181190265739,-74.07575005546386,40.76505486845808,-74.07896678311306,3,cash,low,5.20619321131314,8.181790084890356,17.461991138787273
2024-01-29 14:51:00,40.59684188030273,-74.06086157794277,40.58,-74.06337743318518,1,cash,medium,1.884742932818867,4.035310921644334,10.917613261848263
2024-01-29 15:00:00,40.62460968664336,-73.89208600312357,40.63068880028646,-73.83652711898637,1,cash,low,4.737211528292031,8.24492995281491,16.686401399204744
2024-01-29 15:09:00,40.797035587695284,-74.06701376122442,40.746039482339455,-74.12603386497773,1,cash,low,7.5403206667899365,12.972273259555294,24.991259615366907
2024-01-29 15:18:00,40.65120716441893,-73.78004709601605,40.61922181820522,-73.75,2,card,medium,4.367835023727162,13.041146295988199,20.93934691396027
2024-01-29 15:26:00,40.65671691511432,-73.85727418858059,40.7263725058142,-73.8587517779892,1,card,low,7.746350097840653,13.705524960014976,26.156975304531095
2024-01-29 15:35:00,40.844907095216826,-74.24590001720529,40.77278531055221,-74.21979051167743,1,card,medium,8.31519016487781,18.079154505647423,27.715601022752566
2024-01-29 15:44:00,40.67721448260456,-73.8425400701628,40.668971285422245,-73.8367874381686,1,card,medium,1.037075696035323,3.992594815127215,6.263495076075114
2024-01-29 15:52:00,40.60433968273165,-73.86584271455628,40.58,-73.94351377528571,1,cash,low,7.094809111090207,11.319409582728474,23.477604573952096
2024-01-29 16:01:00,40.59238686208535,-73.99658819852557,40.58,-74.04413419299993,3,mobile_wallet,high,4.244683291865569,29.480575167581996,22.296316729680907
2024-01-29 16:10:00,40.730680515663394,-74.00662312765934,40.72178234033058,-74.03021554224304,1,mobile_wallet,medium,2.2206781987235957,4.771900655236988,11.977323816257368
2024-01-29 16:18:00,40.78982371641278,-73.83388127923186,40.74538279089449,-73.78916388741659,1,card,medium,6.21299477010027,17.465024432214406,29.811122061127968
2024-01-29 16:27:00,40.875420979353216,-74.04335950252685,40.9012478570447,-74.1056539536356,1,card,low,5.972370020279025,7.56001431005795,20.689613286013113
2024-01-29 16:36:00,40.6176734943111,-74.17867420492043,40.678475272200856,-74.21718238913728,1,card,low,7.500916803771326,14.701643074128912,26.263976755844126
2024-01-29 16:45:00,40.64686876093802,-74.100421595247,40.68474427706264,-74.09300330743447,1,cash,high,4.257788956050259,10.835491245728567,19.018118483583955
2024-01-29 16:53:00,40.76013220770854,-74.12474677428769,40.806239798005976,-74.10346823413745,2,cash,high,5.430936975266201,44.74982945338949,32.11008948939814
2024-01-29 17:02:00,40.70379684316227,-73.91265989487776,40.641708737605974,-73.89273745542035,1,cash,medium,7.105387784599756,12.781240929870414,26.00691470240879
2024-01-29 17:11:00,40.74406273342347,-74.16877459147918,40.73312453744161,-74.21305482159674,1,mobile_wallet,medium,3.9239480445655985,10.03671215301591,12.700555818536314
2024-01-29 17:19:00,40.89420238065463,-73.93116605741928,40.91523632868554,-74.00307566862789,1,card,medium,6.480163058798112,15.48113138896423,28.169075010168008
2024-01-29 17:28:00,40.76526316231399,-74.02235685689548,40.80446675344915,-73.9980991729509,3,card,low,4.813948147528999,7.0065077708821475,15.28361938896555
2024-01-29 17:37:00,40.721141007608104,-73.83177292599999,40.800041892275544,-73.7672823486307,1,cash,high,10.318671946255693,62.704380187200684,54.119072610592106
2024-01-29 17:45:00,40.91640956827791,-74.0126506409591,40.92,-74.028189213651,1,card,low,1.3652888132255183,2.6252985706596426,7.999581247417851
2024-01-29 17:54:00,40.60217332776584,-73.78579999336962,40.64251531583116,-73.8373108851714,1,card,low,6.246842761761513,9.353039818814231,20.148246871510064
2024-01-29 18:03:00,40.8969185724462,-73.80076074477834,40.92,-73.82010535928926,5,card,low,3.0380674857435284,3.6864847379454,13.149548237819788
2024-01-29 18:12:00,40.75056502630226,-74.16550333465695,40.75489893497459,-74.14777051885463,1,card,medium,1.5695188546561327,3.970438722518489,9.951860823435492
2024-01-29 18:20:00,40.75127715484083,-73.91005516030054,40.73826952511996,-73.92054660235549,1,mobile_wallet,high,1.6950507931665535,13.261121260205673,12.148702712127026
2024-01-29 18:29:00,40.89346787362909,-74.15054137794841,40.90144897929381,-74.08721766408024,1,card,medium,5.395857665872876,12.751441697207051,21.3712952938136
2024-01-29 18:38:00,40.75249015306164,-73.84011480382247,40.71131277905574,-73.79849112144927,1,card,low,5.767603630117403,8.582257123102977,19.719650502529852
2024-01-29 18:46:00,40.72905841078025,-73.93578119118635,40.7321019311398,-73.92748597820716,4,mobile_wallet,low,0.7765895761665246,1.0,4.922609119026687
2024-01-29 18:55:00,40.67264612131984,-74.10999997591637,40.594937772599856,-74.1979445063997,1,card,low,11.390188425553655,19.36358598544551,35.08345533267806
2024-01-29 19:04:00,40.80399770071792,-74.13294694952441,40.78016934407237,-74.16409881282226,2,cash,medium,3.7279743646092998,10.023133105196424,14.342786104516003
2024-01-29 19:12:00,40.77367933093312,-74.04091539592683,40.76848930624017,-74.06557640061239,2,mobile_wallet,medium,2.155415040083959,6.183794360671701,4.214331354258556
2024-01-29 19:21:00,40.65287744856224,-73.85163128455483,40.69561103665063,-73.88522900372898,1,card,low,5.53239487580206,9.059777418528203,19.269823106016805
2024-01-29 19:30:00,40.821200391120854,-73.85395757938988,40.87119946561824,-73.84537062215597,1,card,high,5.6063665036381165,23.484704998634925,29.305031006879382
2024-01-29 19:39:00,40.798989531494456,-74.24297812496698,40.75562676358066,-74.2334632313204,1,card,medium,4.887828952853651,10.181214440593102,20.503338757305364
2024-01-29 19:47:00,40.71509352063023,-74.10583352010984,40.80851502515859,-74.18116688917682,1,card,high,12.172363233808342,49.21546147743444,56.422862622790085
2024-01-29 19:56:00,40.581496313447204,-74.04434600863044,40.58817311997698,-74.00813909583769,4,card,medium,3.146385273500964,7.448138158350066,13.340407211608449
2024-01-29 20:05:00,40.7318375910599,-73.96135317314344,40.742639614531285,-73.96062760635876,2,card,medium,1.2026848485237749,2.120912539617449,11.062330859435928
2024-01-29 20:13:00,40.58205975982428,-74.1837412255045,40.58,-74.16764736189661,1,card,low,1.3783067262601916,1.0,7.7905081383347925
2024-01-29 20:22:00,40.60549948636167,-74.08900565953026,40.58,-74.05548847446117,3,cash,high,4.006100848699015,22.22151276237779,21.787404036067237
2024-01-29 20:31:00,40.72640736684348,-73.80834551951034,40.77364943836244,-73.84285915688065,1,card,low,6.003952346619967,8.700079681271898,21.098002723173366
2024-01-29 20:39:00,40.60785276062301,-74.01696076815904,40.6154927914451,-73.96031001213983,1,card,medium,4.856898769809062,13.642134124503192,20.571592921406857
2024-01-29 20:48:00,40.673726247487636,-73.88048695471785,40.67857791016902,-73.88686766478678,1,card,medium,0.7619584479205948,1.4448693642602985,6.969702705564283
2024-01-29 20:57:00,40.802867065310046,-74.01276296168687,40.81308981298594,-73.94469833649136,3,cash,medium,5.840273674997007,15.626553544094534,22.608262616759973
2024-01-29 21:06:00,40.6849292164872,-74.02285888603576,40.61998502275833,-74.06308584562342,1,card,medium,7.979093542979814,24.074728411683022,31.668299232331766
2024-01-29 21:14:00,40.91920052200132,-73.94281798220742,40.91485313709825,-73.87809688489553,1,card,medium,5.459660958576407,17.079458446979313,23.902073106552518
2024-01-29 21:23:00,40.89154269153109,-74.1277240987833,40.92,-74.16840337987985,1,mobile_wallet,low,4.658346532967181,7.7588095513434565,11.141835588419395
2024-01-29 21:32:00,40.77900536755908,-74.13260092935381,40.82790721055203,-74.01790577145657,1,cash,medium,11.079921294140396,23.54571686146117,39.02712029899384
2024-01-29 21:40:00,40.90876202713588,-73.75542953400527,40.903128052240675,-73.79826205335756,1,cash,high,3.6537320826717834,27.059535036990845,20.920244278526162
2024-01-29 21:49:00,40.875125880107056,-73.8168140752472,40.92,-73.7692676728267,1,cash,low,6.392818219962624,13.369139754532604,21.846946904366206
2024-01-29 21:58:00,40.68842549640576,-73.88374500281068,40.631766063601184,-73.90005274287685,2,card,low,6.448662975661485,12.330733334021208,23.799273814863533
2024-01-29 22:06:00,40.834862723635005,-74.19005628508168,40.791136328716476,-74.15788027781669,4,card,high,5.565339293600155,21.72422569348383,26.307567012808097
2024-01-29 22:15:00,40.62652280656134,-74.24458539729578,40.71038581353342,-74.24640902531644,1,card,medium,9.326409233938117,26.576486976970035,38.34356618809249
2024-01-29 22:24:00,40.81274748428877,-74.1705396228595,40.838756274612656,-74.21964498975082,4,cash,medium,5.043374660897372,16.311339772783967,23.472269219802968
2024-01-29 22:33:00,40.746967821008155,-73.78175720810117,40.73396789061355,-73.90761456518022,2,mobile_wallet,medium,10.701491224664792,31.642941982403766,36.739739564646285
2024-01-29 22:41:00,40.58572081934596,-73.84369221717301,40.58323148387437,-73.75,3,cash,medium,7.916840560408332,23.478955297569335,30.544596943902334
2024-01-29 22:50:00,40.67323813961273,-73.99323123363082,40.636939739522006,-73.98994514347815,1,card,medium,4.045706011426366,12.378284128498926,20.26473319599843
2024-01-29 22:59:00,40.90482995391745,-73.76592189840213,40.917276620998784,-73.89838075190912,2,cash,high,11.216629850024542,38.83534612104819,45.822828422821964
2024-01-29 23:07:00,40.68738270493008,-74.18524312751983,40.6962651850141,-74.1716257402289,1,cash,medium,1.5144799801346833,2.4800476107304403,8.245950821305785
2024-01-29 23:16:00,,,40.64258932674631,-73.94380187605307,1,card,low,2.6201291685205477,3.755491232093995,12.4899216248194
2024-01-29 23:25:00,40.64376069183455,-74.16655671553666,40.59157166215005,-74.19873535079479,2,card,medium,6.40729554271618,12.043325782561572,25.6862707443483
2024-01-29 23:33:00,40.74293250997826,-74.10372141154981,40.75484653497636,-74.13559736575547,1,card,medium,2.9942101798430327,9.601649044025784,16.568923367991843
2024-01-29 23:42:00,40.866500741827984,-73.78053114032876,40.84267272736899,-73.78142402344557,2,card,medium,2.650618316434854,7.440352664963829,15.692350720029092
2024-01-29 23:51:00,40.83772060014534,-73.81717795656017,40.79335162342333,-73.76306121617587,1,cash,medium,6.714223596102684,18.424404029884396,24.783097217233266
2024-01-30 00:00:00,40.728529682562844,-74.20808261932841,40.78553309468202,-74.20358441393637,1,card,high,6.349803627767649,27.921121087970583,33.36030628631146
2024-01-30 00:08:00,40.650967140368564,-74.13273265916392,40.74860460147115,-74.06688752046851,1,cash,low,12.19349608428308,17.241797818017435,35.00943107901597
2024-01-30 00:17:00,40.59566206603474,-73.95680119051316,40.683079971831624,-73.9058963277493,3,card,low,10.627116444773419,16.318022754960648,35.372819813134846
2024-01-30 00:26:00,40.73729430862413,-74.22871007845619,40.766549832993434,-74.23900539329804,1,card,high,3.3666774932250725,15.60882001239992,19.248956450567665
2024-01-30 00:34:00,40.857023618496186,-73.97945682985078,40.84507228993762,-74.05013039901446,2,cash,medium,6.091038618377434,12.998993977077685,19.163763259933127
2024-01-30 00:43:00,40.82809187782207,-73.96190936774505,40.82492587660486,-73.97210955549089,1,card,low,0.9276441204221,1.0,7.1284228256160835
2024-01-30 00:52:00,40.71892426099326,-74.11160673752147,40.73717636284906,-74.08791502950369,1,cash,high,2.84685696233203,29.058509032798668,23.84007710124389
2024-01-30 01:00:00,40.78219890845198,-74.11050728013619,40.76328775959123,-74.10781207369911,1,cash,medium,2.1150363057305444,6.57837027204586,9.828294712320588
2024-01-30 01:09:00,40.72832381712171,-74.14316957292726,40.78767026982722,-74.11462045550115,4,cash,medium,7.023481260471119,16.46487199541573,24.846313257647783
2024-01-30 01:18:00,40.77686547732866,-73.78280505120001,40.68525774008388,-73.75,3,card,high,10.554705787863117,96.52313559584074,68.25223555932416
2024-01-30 01:27:00,40.755951783093806,-74.06167571824348,40.74264413316437,-74.03778708333977,1,cash,medium,2.497827307680684,5.102604166672339,11.537808903006601
2024-01-30 01:35:00,40.81152864404255,-73.96151277781192,40.84757686118558,-73.97390256274427,1,card,medium,4.1417108067695825,11.839609916335526,19.08380581415291
2024-01-30 01:44:00,40.75262100680126,-74.10619696713071,40.71458882267367,-74.08280221075607,1,cash,low,4.665827520401469,8.101981172187202,15.774147344017367
2024-01-30 01:53:00,40.899807739376975,-73.9016413577484,40.88900103927397,-73.8010445673296,2,card,medium,8.54053871599468,24.25227125505912,32.248279868700905
2024-01-30 02:01:00,40.725529581737774,-74.2082649517601,40.75224353546872,-74.26,1,card,medium,5.274688492610023,11.657588584987762,24.684847886026212
2024-01-30 02:10:00,40.5854115430335,-74.22346281302173,40.6537336528502,-74.20153487701161,1,card,medium,7.819261606974095,25.382892258243274,32.190964197750795
2024-01-30 02:19:00,40.66036700203905,-73.88041528210324,40.60213977934157,-73.79797513427573,1,cash,medium,9.503626805006906,23.73857553477586,35.026650446720524
2024-01-30 02:27:00,40.75020633175626,-73.88939934125918,40.68864297980729,-73.94225589108298,4,card,low,8.167268232458976,13.61202085209021,30.03029132888453
2024-01-30 02:36:00,40.76379442964215,-74.12484931856827,,,1,cash,medium,6.067309352550581,16.553568535221892,24.852093727969645
2024-01-30 02:45:00,40.7678108283661,-74.07892617651041,40.69862171509323,-74.02786390050491,2,cash,low,8.814792932139875,13.585598430634878,28.295494930598622
2024-01-30 02:54:00,40.82294771341183,-73.77179714432026,40.75696068291831,-73.83825522129116,1,card,high,9.227163736421051,93.9645672883075,64.89661188043361
2024-01-30 03:02:00,40.67338036848996,-74.20679154955239,40.629610614593695,-74.17473527240357,1,card,medium,5.567841408158658,12.403834912837056,23.200010204168358
2024-01-30 03:11:00,40.8060672508741,-74.1665949960612,40.86157446054517,-74.17880421161345,1,cash,medium,6.257008426983109,16.05120361525268,24.72013039951777
2024-01-30 03:20:00,40.81937097286053,-74.04068043386366,40.80532751604744,-74.0434004947066,3,card,medium,1.5782508293057214,3.2311848289409886,10.959524692977421
2024-01-30 03:28:00,40.71983545589108,-74.11612955791169,40.721247335668124,-74.13075252054658,2,card,low,1.242305467410955,1.4806217000436124,7.88465857208212
2024-01-30 03:37:00,40.71673749370975,-73.92900564019757,40.673741602155815,-73.86993463108301,1,cash,medium,6.9035109849747585,15.866861169786187,27.02399692057613
2024-01-30 03:46:00,40.64083442712319,-73.90779312129719,40.6693435955011,-73.91283856721516,1,card,low,3.1985196879647115,6.354381382852838,14.524843784862457
2024-01-30 03:54:00,40.72075570792683,-73.99154207721605,40.805165089179305,-74.01239118627534,1,cash,medium,9.54873392643454,27.944499122342428,35.96937871416655
2024-01-30 04:03:00,40.84751753918039,-73.94828937628459,40.80757419439861,-73.968376274385,1,cash,low,4.752190214867279,6.713869737795915,16.97104561760604
2024-01-30 04:12:00,40.88905082188696,-74.03895537566963,40.92,-74.05429992368464,5,card,medium,3.6750758359777653,12.732830276234523,16.64361641326019
2024-01-30 04:21:00,40.78182848504811,-73.87220250060017,40.798227582290664,-73.92078159899704,1,card,low,4.477820957381635,6.633809889507917,16.96090908486942
2024-01-30 04:29:00,40.68178591674046,-74.23852976609841,40.68254477420845,-74.25977579868903,3,card,low,1.7935207585510693,1.5592075416618916,7.405761297007786
2024-01-30 04:38:00,40.81197850434431,-74.1004254183055,40.829984076798944,-74.09513028519385,1,card,medium,2.051109912114916,6.214511622631795,11.901502294856686
2024-01-30 04:47:00,40.83164971095664,-73.91094067888861,40.84922340341016,-73.89274351498939,3,card,medium,2.4823095310270147,4.137410194838562,12.85657472279857
2024-01-30 04:55:00,40.692952344785425,-74.09188099498355,40.77652204364327,-74.03769923738062,3,mobile_wallet,low,10.353351007685221,17.37264837114692,30.144461546759263
2024-01-30 05:04:00,40.86102627290645,-74.2199470069741,40.884436205838426,-74.20910295649472,1,card,medium,2.7581344569503297,7.924451726816647,14.749225582130943
2024-01-30 05:13:00,40.605056582927034,-74.08404315148195,40.62940640562838,-74.10539428931381,1,card,high,3.252494011652158,31.885480733009086,21.47861846302447
2024-01-30 05:21:00,40.583656263984004,-73.89713766638778,40.58,-73.94263446610945,3,cash,medium,3.8636574037629856,8.573921912794834,14.589481007052829
2024-01-30 05:30:00,40.6218100626949,-74.19778771872082,40.659568533835795,-74.18453580908452,3,card,medium,4.344889056921988,9.165391300187483,17.667668358296012
2024-01-30 05:39:00,40.63304283826135,-73.89043800425206,40.58998472444832,-73.89571968938617,1,card,low,4.808557181034918,8.593936900284767,18.953859608519192
2024-01-30 05:48:00,40.87883587120223,-73.86451758465763,40.883741050733306,-73.86831186063827,4,mobile_wallet,low,0.6318610540575902,1.0,2.5
2024-01-30 05:56:00,40.72449377875523,-73.93599662034443,40.85424153876537,-73.92418279207276,3,cash,low,14.461533617548069,20.09693826627799,41.722133771020836
2024-01-30 06:05:00,40.673476775269926,-74.13544063523535,40.58,-74.11206812657935,1,card,high,10.579645678561084,68.55701988987927,58.799300804702156
2024-01-30 06:14:00,40.72588553943552,-73.84929936783053,40.73637715427061,-73.83716128274439,1,card,low,1.5514666356696016,2.064572032249431,11.788988670495247
2024-01-30 06:22:00,40.71424590351821,-74.15063432409299,40.726468934957765,-74.158307638739,1,card,low,1.5051373868337623,3.002531980200558,11.054268861309971
2024-01-30 06:31:00,40.682496967115924,-73.79803131439262,40.672232960204,-73.83409349557458,1,card,low,3.24820948352365,5.5459260336199145,10.738675736090485
2024-01-30 06:40:00,40.62688585802007,-73.89961069343754,40.617682491272035,-73.92718600803695,3,card,high,2.5423880983638067,18.766968884962985,23.249755975091375
2024-01-30 06:48:00,40.80301125707112,-74.23209283741001,40.80712469686338,-74.19392114527936,3,card,medium,3.2452141713965315,6.99805927681131,16.31703974467818
2024-01-30 06:57:00,40.62644549694508,-73.85236356948255,40.615105349549175,-73.8714249502104,1,cash,high,2.044080656432433,12.322167004681832,16.442099159815918
2024-01-30 07:06:00,40.84364431390871,-74.00171889441646,40.85363340170566,-74.06229082007614,1,card,medium,5.214515153205594,10.991162703359933,18.911811559485475
2024-01-30 07:15:00,40.648573924515354,-74.02914906288035,40.62663144275359,-73.9769682022123,1,cash,high,5.033834410674865,20.200416044254407,23.46245064961126
2024-01-30 07:23:00,40.82866624442533,-74.04553929172377,40.919673921268945,-74.08794632387416,1,card,high,10.729374686813461,101.60064886257054,71.23108925662866
2024-01-30 07:32:00,40.85389927593646,-73.95061866611513,40.842558657488084,-73.94903254644382,2,card,medium,1.2680569951355392,1.2034551433284335,6.896107129763106
2024-01-30 07:41:00,40.622610843323315,-73.8904649646007,40.64824335666643,-73.86836262576627,1,card,high,3.4061815714515467,18.38974477769064,20.968153393829276
2024-01-30 07:49:00,40.60949356121792,-73.80305192598047,40.58,-73.80290709908127,1,card,high,3.279557173596734,17.764646175963094,21.93291779679821
2024-01-30 07:58:00,40.90285474202224,-74.12079814539692,40.92,-74.23231435070393,1,cash,low,9.562952971596632,14.582980165395373,29.132369285970473
2024-01-30 08:07:00,40.73743591429588,-73.93830410081569,40.770441964726686,-73.92073214096838,3,card,medium,3.9573289831738494,9.145160171234647,19.59756044804413
2024-01-30 08:15:00,40.79428006829082,-73.90996526815125,40.813146778934765,-73.8502744218956,1,cash,medium,5.444544024428312,14.21061821313716,22.231905796337145
2024-01-30 08:24:00,40.5879085496414,-73.91585345870868,40.58,-73.8804595084487,1,cash,high,3.1156072169642437,13.60133842900521,13.615689830217647
2024-01-30 08:33:00,40.67476146138915,-74.00856966963069,40.640903324563794,-74.10414939882048,5,card,medium,8.898235104569373,24.785976593997837,33.971160288241514
2024-01-30 08:42:00,40.75183520255019,-74.06057850041611,40.827712986908764,-73.964852505881,3,card,medium,11.667574806704215,27.623267675742554,44.738670952976285
2024-01-30 08:50:00,40.8813142265524,-73.87118680329579,40.84695790970542,-73.93085012313283,1,mobile_wallet,low,6.3061114798927616,11.80767039162435,16.691648584441143
2024-01-30 08:59:00,40.67228940197189,-74.10699499993919,40.70112999963145,-74.15552387562319,1,card,high,5.198797102572194,32.76340591472159,31.924638567256213
2024-01-30 09:08:00,40.84356504875196,-74.1538928871769,40.801054838893805,-74.11870839546772,1,card,low,5.577549928562005,9.906081872118431,21.151710656658338
2024-01-30 09:16:00,40.80515239560796,-73.98162711118233,40.850529641210045,-73.96124924589218,1,cash,medium,5.329073526657207,12.0709086678639,20.644838243443008
2024-01-30 09:25:00,40.61919206105395,-74.12351846259229,40.58830417996657,-74.11990338285649,1,card,low,3.4481086409695143,4.542802793883445,12.712444612978187
2024-01-30 09:34:00,40.67974755874928,-74.24305108699009,40.63640410380998,-74.26,1,cash,high,5.027159256226157,38.599702503773145,30.884572624173916
2024-01-30 09:42:00,40.66087377238913,-74.23369637087502,40.62881836093777,-74.17380781810468,1,card,high,6.183524176062613,27.347688375985665,33.70477602166085
2024-01-30 09:51:00,40.73045937977491,-73.9055446315427,40.70553826292517,-73.90731429480087,1,cash,low,2.775112385605383,2.6226654569293233,10.919694886923201
2024-01-30 10:00:00,40.796013642636176,-73.76369561854405,40.814223943607765,-73.83415738397716,4,card,high,6.266746340513631,24.806730843235638,31.55341264221472
2024-01-30 10:09:00,40.72736271687289,-74.0281089243507,40.73048498364909,-73.97265542660168,2,card,high,4.685617558373375,22.264562334995404,28.072587303404365
2024-01-30 10:17:00,40.66314243575561,-74.1849988259518,40.61386041215953,-74.17513100126827,1,cash,low,5.542806185802435,9.043466898090504,18.780896753901388
2024-01-30 10:26:00,40.81659878119761,-73.84277756263003,40.81534116557667,-73.79260226080207,1,card,medium,4.224755001929954,9.835102790194494,17.444027591516242
2024-01-30 10:35:00,40.77872017220191,-74.1266676925434,40.72726260887381,-74.10090300448789,1,card,low,6.119576591721719,9.510492887943084,20.701570724329038
2024-01-30 10:43:00,40.756566728521335,-73.75223050458202,40.785526809946376,-73.75,1,cash,low,3.225687530336958,7.55374366283468,9.645685448373602
2024-01-30 10:52:00,40.768502663131635,-73.9727352754282,40.805713293580894,-73.98668393765885,1,card,high,4.3010569004126,17.84262744064038,23.664444348502165
2024-01-30 11:01:00,40.6554462197399,-74.14135740023436,40.65436858950518,-74.1406332043749,4,card,low,0.13450162587246042,1.0,5.21363153746341
2024-01-30 11:09:00,40.81134656077143,-74.00703756754258,40.82357096390611,-73.9746451885644,3,cash,medium,3.0459958315598303,9.07043371300516,14.738785062839717
2024-01-30 11:18:00,40.71175018208318,-74.08895555136688,40.790595767063074,-74.10262620422819,3,mobile_wallet,low,8.84253323896952,12.891092518638121,23.75316674654368
2024-01-30 11:27:00,40.70357905870821,-73.86246928784026,40.69648692405056,-73.8263505909429,1,card,low,3.1452968202760108,5.010033676054243,14.32744941014517
2024-01-30 11:36:00,40.6309096308107,-74.20603389823789,40.58841802305841,-74.26,2,cash,medium,6.5633218288515724,15.842405214395765,25.901771416547717
2024-01-30 11:44:00,40.782924693747155,-73.8229286143134,40.80898847936436,-73.82620386082556,2,cash,medium,2.911245471519157,6.82273611912346,13.095728815123719
2024-01-30 11:53:00,40.784905899585816,-73.86865818392529,40.733936480126374,-73.87329284501529,1,card,high,5.680968004070112,30.659263305153534,30.229434107366448
2024-01-30 12:02:00,40.69570221884662,-73.82070446001025,40.686226615499336,-73.82696914461721,1,cash,low,1.1786172701265933,2.027122877349103,4.742890379678631
2024-01-30 12:10:00,40.87234901933428,-73.80355318951875,40.84539446726052,-73.84301490220163,1,card,medium,4.471806328528922,12.30116467789554,20.660601445785947
2024-01-30 12:19:00,40.86745568556325,-74.14281331029903,40.83587379306885,-74.10203778256445,1,cash,medium,4.908593365711485,7.381854057803057,17.507632068333123
2024-01-30 12:28:00,40.61707846420403,-73.9942870383134,40.60582452240003,-74.01698705538314,3,cash,medium,2.288592856025711,6.075559457100429,13.169818432869032
2024-01-30 12:36:00,40.816313051855374,-73.82653966771515,40.85680816153501,-73.81752731971191,1,card,medium,4.566236201914862,13.334811829598525,20.136177384061448
2024-01-30 12:45:00,40.71390381710291,-74.06753213422078,40.7636589125775,-74.06920449800793,5,card,low,5.534308077039044,10.753801557046266,19.175944310435593
2024-01-30 12:54:00,40.91990304936139,-74.22919213583424,40.92,-74.20667574648081,1,card,high,1.89189634105486,11.49348152806058,15.972492348291414
2024-01-30 13:03:00,40.65650803409278,-74.11126647816536,40.67164396810356,-74.04687324221469,1,card,medium,5.6861115262149395,16.317278523926696,21.322789699876665
2024-01-30 13:11:00,40.67537822984092,-74.13662064114786,40.66378098457848,-74.12784096766326,1,mobile_wallet,high,1.487026614245237,14.61140065065472,9.532491815585177
2024-01-30 13:20:00,40.73031614014895,-73.81626806446856,40.62421401535595,-73.77840519828139,1,cash,low,12.22244575106975,18.370544622679134,35.95723562784645
2024-01-30 13:29:00,40.67136315055142,-74.02343836180134,40.6879078952489,-74.01691920406856,3,cash,low,1.9200720681522068,5.016009165728907,11.959573071967972
2024-01-30 13:37:00,40.81527774457142,-73.91139243890238,40.71270781695727,-73.93416280762908,1,card,medium,11.565356592236565,30.278760845586685,46.30758519291482
2024-01-30 13:46:00,40.7435087581417,-73.76931923365728,40.656957230700414,-73.77568932280248,1,card,medium,9.639060774214142,24.979606246519907,37.72209842243726
2024-01-30 13:55:00,40.655098803848844,-74.10741419528355,40.64782375933843,-74.12017360244758,1,cash,low,1.3464976582830954,1.0,5.944488760228843
2024-01-30 14:03:00,40.75216718362543,-73.87178822566104,40.7640731596338,-73.84622092972465,2,card,low,2.527855823005826,3.5768240762065724,14.992307941715298
2024-01-30 14:12:00,40.882187840564114,-74.24839029802546,40.8618890198918,-74.24359095612334,1,card,low,2.2929157493533063,1.0,10.021727144302158
2024-01-30 14:21:00,40.84941451992902,-74.20690075059113,40.91851342161575,-74.24264265680642,1,card,low,8.250076691719244,14.660693970169877,26.168725208096255
2024-01-30 14:30:00,40.74960183430512,-74.17744880409833,40.77039640889345,-74.18743710598342,2,mobile_wallet,low,2.460533907219882,1.8150536102398664,4.488850373098892
2024-01-30 14:38:00,40.67808748506826,-74.10066664819503,40.66686412926247,-74.16933289965345,1,cash,high,5.923949383536419,40.26765153771158,33.76831632494918
2024-01-30 14:47:00,40.64116139799886,-74.05447652028403,40.703545345532035,-74.0627836637733,1,card,high,6.972067099849986,42.62056783682996,36.56091255344068
2024-01-30 14:56:00,40.87865017824355,-74.01672189572655,40.92,-74.01666313167085,1,mobile_wallet,medium,4.597893049678907,8.051556451739696,15.937135329919762
2024-01-30 15:04:00,40.82145675976956,-74.13488101339547,40.84452190097592,-74.0535008443781,1,cash,low,7.311290946428566,13.134397751502256,23.100382993984965
2024-01-30 15:13:00,40.774535523070135,-74.22623018699883,40.73964892838105,-74.16554984426084,1,cash,medium,6.416438876962024,19.207958246585005,23.655432812603888
2024-01-30 15:22:00,40.879007779624246,-73.91446322316148,40.85424561022827,-73.96099658005556,1,card,high,4.784627212114426,24.657781594526508,27.947944366893278
2024-01-30 15:30:00,40.62137469770719,-74.24793270969754,40.58,-74.2388530858276,1,card,high,4.664081045674864,24.26567120554592,27.128440283630983
2024-01-30 15:39:00,40.8120463572407,-73.84716997622205,40.81013759764968,-73.83730101208656,1,card,low,0.8572611122235905,1.3291151657254292,9.280028099940074
2024-01-30 15:48:00,40.6536821862205,-73.78613103917289,40.6064303213555,-73.7965007200473,1,cash,low,5.326542727359034,4.300491196133944,13.876895597037755
2024-01-30 15:57:00,40.620996329945434,-73.89771185403359,40.60618796533159,-73.90521283765324,1,card,medium,1.7641512420872074,3.8869772393134348,8.313912658898518
2024-01-30 16:05:00,40.73830689340236,-73.95606013618983,40.75003390703984,-73.97198787463799,1,card,medium,1.8710637074091168,7.867518683040236,14.907310021612084
2024-01-30 16:14:00,40.71171359611988,-73.9249205500424,40.6224467072297,-73.84064866813266,2,card,low,12.208405410706964,19.229882595480667,34.8810702726113
2024-01-30 16:23:00,40.899999027170566,-73.92736675622503,40.84313067008711,-73.94609504762956,3,card,medium,6.516601594628679,14.430347810035967,23.83593971354337
2024-01-30 16:31:00,40.69015304589562,-73.78483038060608,40.66734488342803,-73.76948820914411,3,cash,low,2.8470867194505574,3.6587285982148248,12.114562181360254
2024-01-30 16:40:00,40.85706676807768,-73.76820400569108,40.854703036485134,-73.8820103617089,1,card,low,9.575074941223756,17.260275049015068,30.202549130365185
2024-01-30 16:49:00,40.83460118015924,-74.04237706262681,40.81237609417102,-74.00531648537383,1,cash,medium,3.9789486144893216,9.423201309367952,16.160671312921195
2024-01-30 16:57:00,40.8070941158199,-73.9452896201643,40.79492080890751,-73.89199815383795,1,mobile_wallet,high,4.685473164420642,20.850713451258752,18.66035428965472
2024-01-30 17:06:00,40.89293616080642,-73.85056840259557,40.86115773698077,-73.8979097539051,2,cash,low,5.322496714898517,9.33963005774409,19.816725408798302
2024-01-30 17:15:00,40.71869436208966,-74.25947053984221,40.65347136920827,-74.26,1,card,high,7.252603310118437,37.1560962406546,38.86079941486961
2024-01-30 17:24:00,40.71248820323417,-73.99122188241786,40.68842441825154,-73.97090422401217,6,cash,low,3.1770061004639087,6.422844157055211,15.190234533110978
2024-01-30 17:32:00,40.63472212401771,-73.92703306669297,40.62512954039585,-73.92615733544442,1,cash,medium,1.0692037205867821,1.0,5.76377498078303
2024-01-30 17:41:00,40.673759105668324,-73.89422522063383,40.659791551006045,-73.87323858906046,1,cash,low,2.3548528959916513,2.234871885270631,8.664406953959
2024-01-30 17:50:00,40.879123995060695,-74.0719174012079,40.88415481140654,-74.08484324911376,2,card,low,1.222213447749764,1.0,7.705829902910796
2024-01-30 17:58:00,40.74128992518987,-74.1092213454881,40.76014018086125,-74.02537440307077,1,card,low,7.367427770968524,10.679796297266911,22.958415741192333
2024-01-30 18:07:00,40.69606012954484,-74.16710729105037,40.72673780975519,-74.19724559699662,4,card,medium,4.2531337920196215,12.124812853822133,21.687859320884808
2024-01-30 18:16:00,40.65347809872794,-73.97551406998313,40.624968311129926,-73.85439320789597,1,card,high,10.700270658465119,137.36342996154193,83.287458810618
2024-01-30 18:24:00,40.74488648508283,-73.79115524955142,40.67397562890644,-73.75,1,cash,low,8.614262286745495,15.136361297193229,26.392380642034635
2024-01-30 18:33:00,40.82366622595794,-73.80305114313073,40.88088806241573,-73.76560595519844,1,card,low,7.099565922304433,12.367077616891175,26.849682892041802
2024-01-30 18:42:00,40.67747528865541,-74.07641737714958,40.69482035485791,-74.12323887069566,1,cash,medium,4.393833470943799,9.207377453297628,16.774352165119737
2024-01-30 18:51:00,40.837623617076304,-74.12849387863152,40.79466381127347,-74.08755817136525,2,cash,medium,5.889492292468574,13.788712333926954,24.18473363433477
2024-01-30 18:59:00,40.79412784340647,-73.85771515043791,40.80662457094863,-73.83053792105729,1,card,high,2.6765727186244157,9.571073544072368,18.968330186570448
2024-01-30 19:08:00,40.847771271263504,-73.89026019069547,40.89583103426057,-73.98564265881575,1,card,low,9.637389625878697,13.380060428307841,31.46008734307576
2024-01-30 19:17:00,40.66530927381747,-74.00227668611988,40.74312221745324,-74.06548369994483,1,card,medium,10.161313345658469,29.569793446955316,38.28038882586307
2024-01-30 19:25:00,40.79454956920924,-74.06159456763518,40.80582703163633,-74.04550131094649,2,card,medium,1.8459496685441499,4.471692260758008,10.640970974441075
2024-01-30 19:34:00,40.632269995026206,-74.19686306908997,40.67995517370695,-74.20286155656493,3,mobile_wallet,high,5.326439774538922,35.92783487291932,32.41300003139604
2024-01-30 19:43:00,40.70369097393598,-73.85957931956295,40.64925888068181,-73.88282083899274,1,card,medium,6.362005083480363,17.4046458059952,25.41585021363124
2024-01-30 19:51:00,40.82628243224655,-73.94509313377334,40.8246668084247,-73.89654042002284,2,card,low,4.089255749530753,7.875890772621657,15.801556209677441
2024-01-30 20:00:00,40.79476725109718,-74.06779034333361,40.77969168188064,-74.10756041131248,3,card,low,3.7444424974831665,5.92654094949151,14.025867449122241
2024-01-30 20:09:00,40.64387264661475,-73.79141813220593,40.65928828994144,-73.81190397464165,1,cash,medium,2.4341412024145463,6.133327931695378,11.09611428533656
2024-01-30 20:18:00,40.871836508511464,-73.92356691972995,40.92,-73.95268326019071,6,cash,medium,5.888209594333894,13.427112585316728,23.082190071914116
2024-01-30 20:26:00,40.59813933399736,-73.78608817790969,40.60938435673992,-73.7631305613051,1,mobile_wallet,medium,2.3064791686079045,3.5123700712504125,6.212532672421968
2024-01-30 20:35:00,40.78237333409566,-74.01804964522678,40.74017725082865,-74.09542526421873,0,card,low,8.030170197827303,15.96935870400331,29.64554649403308
2024-01-30 20:44:00,40.914498970078746,-74.0281449097274,40.85764423398397,-74.05054014306067,1,card,low,6.5963266994499,8.793273338555359,22.68134745187014
2024-01-30 20:52:00,40.76071160882653,-73.78200796193983,40.83477171165046,-73.85953239686965,4,cash,medium,10.507263193129045,27.655144851374228,38.41183161803734
2024-01-30 21:01:00,40.852228418786204,-73.7705063715958,40.875349122343536,-73.78458576798168,1,card,low,2.8304345715638366,6.000704543986137,14.536831398398327
2024-01-30 21:10:00,40.782361530884295,-73.77000866737177,40.80252519149817,-73.75,1,card,high,2.8043191934184994,15.883112101728102,19.68132216079924
2024-01-30 21:18:00,40.84625002707382,-73.8423623291072,40.83078211458871,-73.80902198682108,2,mobile_wallet,high,3.2901253818132754,20.17272060964017,14.378461145836678
2024-01-30 21:27:00,40.8029020060208,-74.0241728661396,40.814955786330856,-74.05691479111412,2,card,low,3.064319375861222,6.867186089456974,15.501863326524196
2024-01-30 21:36:00,40.81498488494276,-74.15274735992278,40.770571689167056,-74.12874787204157,1,card,medium,5.33580594958006,13.849118611143162,23.947000133782705
2024-01-30 21:45:00,40.65745579136937,-74.06444515054831,40.67487971737604,-74.07277750454934,1,mobile_wallet,low,2.0609755997138373,1.9127772599756105,4.808457947557412
2024-01-30 21:53:00,40.832219110614794,-73.78146827932594,40.77934995446896,-73.75,1,card,high,6.447872017647796,22.688536973845295,31.146089199261443
2024-01-30 22:02:00,40.66088936146587,-74.07458730950906,40.64472138143962,-74.08043563827539,1,card,medium,1.8642657013293364,4.778070272558537,10.93250182740965
2024-01-30 22:11:00,40.91341769354848,-73.87407411232,40.88448750185881,-74.00786124362274,1,card,medium,11.695694029062343,27.383877724864107,44.69117027219201
2024-01-30 22:19:00,40.65744764492681,-73.78926778094353,40.58,-73.75,1,card,medium,9.2275493514024,19.320229396310122,35.31029939565656
2024-01-30 22:28:00,40.6604725612232,-73.76509999693047,40.6448679730292,-73.78575946089623,1,card,low,2.459319853465491,4.302221349944319,14.3962927746994
2024-01-30 22:37:00,40.871948860964515,-73.77668618509357,40.831499871863684,-73.78902518294029,2,cash,low,4.615903225188485,8.600047908533579,14.80040119091533
2024-01-30 22:45:00,40.66261519306736,-73.97692062516164,40.653147648292276,-73.96180406891082,1,mobile_wallet,low,1.6535578895086176,5.297760472454119,4.252821291070819
2024-01-30 22:54:00,40.702706949787036,-74.00914116192806,40.70278447580872,-74.07325301801642,1,cash,medium,5.404457800031751,15.228035541541896,21.651203389964916
2024-01-30 23:03:00,40.82297765480087,-73.75630334052833,40.90253459223504,-73.7529439296588,1,mobile_wallet,low,8.850837611161198,16.80791606634859,29.484959196190783
2024-01-30 23:12:00,40.63397451726622,-74.14872860566405,40.64768642213831,-74.1246762408942,3,card,high,2.538362189338032,14.514156216643789,19.550103740871446
2024-01-30 23:20:00,40.63408439664135,-74.16435956654078,40.64911946512561,-74.14797667801494,1,card,medium,2.169272567982036,5.747573007243565,14.674572387683602
2024-01-30 23:29:00,40.74536186391065,-73.76877702814963,40.76766448649552,-73.79572893444613,1,card,high,3.362084251246672,20.23718993752829,18.741751930990297
2024-01-30 23:38:00,40.66285689643912,-73.90851064086968,40.70208827948998,-73.86387370251123,2,card,low,5.761682192282686,9.461722146726066,21.453158305588985
2024-01-30 23:46:00,40.66012370489347,-73.98648495500294,40.680566280316924,-74.031372272719,1,card,high,4.415730657630346,37.6628048743343,27.466904441656148
2024-01-30 23:55:00,40.58314123328229,-74.19265460565094,40.59581831938138,-74.22080307910797,2,card,medium,2.7634314821219035,5.553257353107356,15.396158394971938
2024-01-31 00:04:00,40.705952861007304,-73.99824747300167,40.737958972342646,-74.00436753760039,1,mobile_wallet,medium,3.596094472819382,7.116237295053759,13.867460295545984
2024-01-31 00:12:00,40.68820518857026,-73.778447211704,40.58,-73.76515113553677,2,card,high,12.084067105142806,74.1142465968055,64.26408017586519
2024-01-31 00:21:00,40.59059297568107,-73.95252542509218,40.684600296928615,-73.96712987441819,1,cash,medium,10.52552531874098,25.328352754619022,37.23559184942781
2024-01-31 00:30:00,40.79121928059265,-74.05363940255585,40.86275712360475,-73.99835299210078,1,card,medium,9.214959877645246,16.63940343060977,34.783739543128725
2024-01-31 00:39:00,40.79306276188114,-73.97893746925278,40.80283387071481,-73.96564958964073,1,card,high,1.5593536189575752,9.365082913056542,12.198323416653315
2024-01-31 00:47:00,40.60407216040304,-73.80806600562093,40.58,-73.80466139725443,1,cash,low,2.6920951603642798,3.774894547782755,13.522998987115141
2024-01-31 00:56:00,40.68779413138921,-73.79444718282099,40.742259900851394,-73.78274105566045,2,card,low,6.1361536361396425,11.53407605853058,22.083779114060995
2024-01-31 01:05:00,40.87675388087844,-74.05595503551703,40.84552943842053,-74.02297426862376,1,card,high,4.443809341917738,18.67994627043998,23.837062222322643
2024-01-31 01:13:00,40.777936803203154,-73.9498888887585,40.80195964894903,-73.93905401856715,1,card,high,2.822663796767031,19.486347588846314,21.822765939339064
2024-01-31 01:22:00,40.720071406164074,-74.11760666753176,40.66234065408373,-74.19903492502347,1,cash,medium,9.399015061480522,29.349137751258247,37.19524223596948
2024-01-31 01:31:00,40.73813465567779,-74.02994649895918,40.83832296613158,-73.98091860007787,2,card,high,11.88050264492704,83.35470424707151,67.65043348001922
2024-01-31 01:39:00,40.65081519810817,-74.1478598552406,40.585915443813285,-74.14247447087718,4,card,high,7.230824547706575,25.197738196908716,36.62147187497398
2024-01-31 01:48:00,40.856039710240694,-73.98894914644856,40.859144083404935,-73.95813077012359,1,card,medium,2.614739930180399,7.779248161537237,16.644069429957028
2024-01-31 01:57:00,40.89076159985333,-73.96509753116803,40.79526317520031,-73.98336498983952,1,card,low,10.729547064401848,20.284369445354947,32.19813629461881
2024-01-31 02:06:00,40.889625774365015,-74.0877032645733,40.88777076401618,-74.16990550914721,2,cash,medium,6.913115893157165,20.224577443795507,26.777278543080012
2024-01-31 02:14:00,40.65613769317538,-74.12121966667429,40.63699985894416,-74.22377059956864,3,card,medium,8.909903952563054,24.56088697553452,37.218854242154755
2024-01-31 02:23:00,40.685651691043994,-74.18297694061796,40.73682494376976,-74.22547349113906,1,card,low,6.723714466455335,11.967932339151227,22.51496450818755
2024-01-31 02:32:00,40.634611743435244,-74.18883273023486,40.615469669013606,-74.16555448957628,1,cash,high,2.8965646829854794,17.128709473972275,19.001599877736197
2024-01-31 02:40:00,40.68444838543498,-73.8971548309858,40.73568644666307,-73.83874973801241,2,cash,medium,7.529602310219669,23.853306980490768,30.009623440936487
2024-01-31 02:49:00,40.69315382652168,-74.14696461817792,40.64706840098019,-74.1333759130405,1,card,high,5.251055099480878,27.718906005614315,31.02730792660121
2024-01-31 02:58:00,40.79525595060198,-74.19983171923566,40.782567678464964,-74.2471819526575,6,card,medium,4.2286336515204,8.58550097588218,16.2379709085489
2024-01-31 03:06:00,40.64447976972636,-73.75057543822021,40.63269372531994,-73.78586102468418,2,cash,low,3.253012547093358,7.004872691074939,11.169056132891843
2024-01-31 03:15:00,40.89259495428504,-74.12744258403659,40.91489642578852,-74.06620734459729,3,card,medium,5.71265149540262,18.92164200055959,25.783309495061104
2024-01-31 03:24:00,40.615053819829,-73.80301535913165,40.63163066901732,-73.86200049830602,3,card,medium,5.308497523251286,10.897260599567566,21.72712336411585
2024-01-31 03:33:00,40.58233852375167,-73.94931516358652,40.614838655723226,-73.85473538391837,4,cash,medium,8.764952008796467,23.930790408146294,33.781995102471654
2024-01-31 03:41:00,40.87068134373438,-73.89531421492853,40.88268872088242,-73.81089252626643,1,card,low,7.222380181170565,7.497404380819798,23.6867326845415
2024-01-31 03:50:00,40.819281734640455,-73.97393135513519,40.849040901838045,-73.87786886199105,3,card,high,8.73300931570605,38.36823400737754,42.37038252186427
2024-01-31 03:59:00,40.70082235592104,-74.16778629051942,40.66041847912985,-74.15065472358262,1,card,low,4.719252445662094,6.30692587866377,17.846127822274536
2024-01-31 04:07:00,40.78246990000944,-73.82800369855917,40.79996584001909,-73.8433723153511,1,card,medium,2.3363980825953785,7.596060843493982,14.399229499539985
2024-01-31 04:16:00,40.65600499428534,-73.83773388909174,40.7283742610204,-73.82169830711491,1,card,medium,8.159875160937123,18.189033082592438,30.661911405395312
2024-01-31 04:25:00,40.63725248053942,-74.08166041267137,40.58,-74.04077408987403,1,card,high,7.24161241140431,41.68881076819764,39.321954397295734
2024-01-31 04:33:00,40.740190705947164,-73.87043614483015,40.76219606392077,-73.89972106059072,1,card,medium,3.4745565644596423,11.011101321312124,15.88902626510999
2024-01-31 04:42:00,40.700083862105124,-73.98304946824435,40.73053895211234,-74.03260361394652,1,card,low,5.376904995473337,10.170031798762391,21.6852917532195
2024-01-31 04:51:00,40.789178217182,-73.79638493831436,40.85493160416822,-73.80916208054575,1,card,high,7.39007020131737,47.01253918634686,42.48144903053916
2024-01-31 05:00:00,40.65417072275075,-73.85055957063497,40.68684283474881,-73.88531342062393,1,card,high,4.667940264442399,45.920616687978125,31.662964102433897
2024-01-31 05:08:00,40.805395418190614,-74.23909215740098,40.80990963558776,-74.18325226586171,1,cash,low,4.726455572993352,6.85200227671376,16.7334867505795
2024-01-31 05:17:00,40.84073291690296,-73.81156925418246,40.860086210700906,-73.83930858230028,1,cash,high,3.1740622281613295,18.57762549935016,17.758240421256104
2024-01-31 05:26:00,40.63665628862968,-73.76603112683097,40.60357958607442,-73.76172726083409,1,card,high,3.6958563396528343,23.46251614586531,22.693034375161098
2024-01-31 05:34:00,40.59491181636209,-73.8815003366612,40.58,-73.83726351323385,2,card,low,4.0869582984806465,5.3842624249353355,15.036334964745214
2024-01-31 05:43:00,40.72945970760245,-74.198844099268,40.66935307981586,-74.14125119530244,2,card,high,8.260901090022111,50.23368937618458,46.03640984930032
2024-01-31 05:52:00,40.84316818923743,-73.84823829618307,40.91008451738292,-73.83885312849961,1,mobile_wallet,low,7.482478947751268,13.093086289758022,23.36451598739419
2024-01-31 06:00:00,40.80126514409521,-73.92978058826198,40.821522223448,-73.91248725761439,1,card,high,2.6817667027374723,14.295130289041376,-21.24966856536096
2024-01-31 06:09:00,40.81863978494096,-74.08719857806379,40.777414724226354,-74.13296315630144,1,card,low,5.9877750291393665,12.34114783942979,23.557950050285502
2024-01-31 06:18:00,40.716965375597745,-73.80914441889173,40.72917643891756,-73.76310686978016,1,cash,medium,4.1103951633034495,12.424382377258933,17.35777439729952
2024-01-31 06:27:00,40.659881485386045,-73.97156098888888,40.71205213233579,-73.9147024429855,1,cash,high,7.525787236500093,40.353684563729146,39.37958367653645
2024-01-31 06:35:00,40.76080480671677,-73.82500675518011,40.805480461362215,-73.90917264343898,3,mobile_wallet,low,8.654181780793104,15.476411358335268,21.99062958990681
2024-01-31 06:44:00,40.649484335874725,-73.91824198822204,40.607740598282234,-73.83890942629793,1,card,high,8.146635759708607,41.154633150436105,42.676743620188724
2024-01-31 06:53:00,40.82691775697492,-74.11285678711049,40.68589501026034,-74.14438646311966,5,mobile_wallet,low,15.904308987224335,28.34037483915526,46.54458826233948
2024-01-31 07:01:00,40.64696859502622,-73.76274046511087,40.66476096884656,-73.75,1,card,low,2.251493128358434,3.135403662452221,9.464128364627005
2024-01-31 07:10:00,40.679029510682874,-73.96878717055083,40.63912037725015,-73.9652968929341,2,cash,high,4.447448698656083,26.05675753054789,23.59273576741296
2024-01-31 07:19:00,40.752225224629825,-73.99645482666851,40.78022996239895,-73.99917173974349,1,card,high,3.122379703344024,12.553315264334078,20.509148768551604
2024-01-31 07:27:00,40.74548137760879,-74.05421008959084,40.78824354508392,-74.06350339861329,3,mobile_wallet,medium,4.818915949658313,10.777435192649413,15.998310465494274
2024-01-31 07:36:00,40.78428878797839,-74.19046445643039,40.83440227798074,-74.23512980637145,2,cash,high,6.7217804850945635,37.886250298628255,36.42537948367231
2024-01-31 07:45:00,40.72873116416997,-73.91003143118157,40.807244486039004,-73.88645917070241,1,cash,low,8.95313211646277,12.752263137340385,29.8930795898239
2024-01-31 07:54:00,40.892620924893436,-74.04029240901704,40.92,-74.05316441911104,1,cash,medium,3.2308891042547048,10.20915143625312,14.038486799074972
2024-01-31 08:02:00,40.865577592027044,-73.78334761971863,40.92,-73.84227162417822,1,card,high,7.819981276418282,32.79031131983033,36.365893071548044
2024-01-31 08:11:00,40.87889857342046,-73.76780044400437,40.92,-73.81437565498457,1,card,high,6.017558528103436,26.745444589102014,-31.812093324868265
2024-01-31 08:20:00,40.79403563427717,-73.86850316377152,40.860015425108166,-73.92666324563763,1,card,medium,8.818901075313292,20.577647639266264,35.31699424335657
2024-01-31 08:28:00,40.795902691392676,-74.1363276705117,40.794063625124274,-74.1599342452753,4,cash,medium,1.9977043329436943,6.011577592617288,12.751273310192037
2024-01-31 08:37:00,40.787127552463424,-73.89485036278998,40.72910786305797,-73.87302089391052,1,card,medium,6.708379746533376,19.126791311076285,28.325633309433307
2024-01-31 08:46:00,40.72786061250329,-74.24958490700783,40.839562773955,-74.26,1,card,low,12.451629290882218,19.428632379536342,42.23854640865919
2024-01-31 08:54:00,40.68951604036287,-73.83853574356772,40.692348922447586,-73.79464087351457,1,card,high,3.714253150521377,22.199321547646186,22.06476233467048
2024-01-31 09:03:00,40.781280981732614,-74.00825453078383,40.83657284461145,-74.01361918235762,1,cash,low,6.164730871935004,7.77846444881509,24.39041066775099
2024-01-31 09:12:00,40.58868082462707,-73.78226277855856,40.58,-73.79528600004143,2,card,medium,1.463293967760317,3.473827695078102,8.259414008513742
2024-01-31 09:21:00,40.58253518668409,-74.06734237892375,40.62591169659864,-74.06658793456043,1,card,low,4.823668346667571,9.658231939673172,15.30222776690095
2024-01-31 09:29:00,40.869558220940895,-74.12578146171325,40.759534871314095,-74.0629994897842,1,card,medium,13.326159586221387,46.71587330976909,52.41813851104088
2024-01-31 09:38:00,40.59578417522439,-73.75252126723441,40.58,-73.81423150837182,1,card,high,5.498596471524591,25.26878575658454,27.84818212887533
2024-01-31 09:47:00,40.75843035111336,-73.98935428552885,40.75400185236071,-73.91481777181498,5,card,medium,6.297455713059593,11.642210708304784,26.758311257367083
2024-01-31 09:55:00,40.78909583940288,-73.81977690337068,40.809913233976616,-73.77656969846907,1,card,high,4.311108576563502,28.1434621527765,24.93894738573514
2024-01-31 10:04:00,40.64737821807163,-73.79536084634928,40.69561932851868,-73.79633538862596,2,cash,medium,5.364796355600261,13.130663145894403,20.84754740238414
2024-01-31 10:13:00,40.88454848501015,-73.99558095648148,40.83531205353679,-73.94234480066682,1,card,low,7.07233213768663,8.44275438050072,24.126867530585955
2024-01-31 10:21:00,40.64463256239445,-74.02758589798522,40.67433113089586,-74.04209717632857,2,mobile_wallet,high,3.5218878375563456,19.072929063953058,16.79469213035511
2024-01-31 10:30:00,40.88073509570467,-73.9780281630661,40.92,-73.96517263617639,1,card,low,4.497762194080227,7.033144884597777,16.613586231688338
2024-01-31 10:39:00,40.839416691573234,-73.82765285353048,40.92,-73.85201650636986,3,card,low,9.191592607370751,11.756845594170013,30.93923213725975
2024-01-31 10:48:00,40.661852604198224,-73.76802328188359,40.693650863470914,-73.75,4,mobile_wallet,medium,3.8486309669069696,7.0444695978107665,10.581982374308296
2024-01-31 10:56:00,40.63125301653387,-74.09255572422146,40.610575247367215,-74.12438222645706,1,cash,low,3.5358404568445505,5.121129458231616,12.087149862734792
2024-01-31 11:05:00,40.68751912146332,-73.88329850511887,40.63028971189345,-73.88561005562396,1,card,high,6.366606538636109,35.696126915035194,34.02766739234246
2024-01-31 11:14:00,40.71530319253189,-74.11445901658213,40.79761729593583,-74.0838977697575,4,card,medium,9.507997427124748,22.77206223857797,36.939342279330496
2024-01-31 11:22:00,40.66356679000963,-73.94841394892093,40.69674717711131,-73.90124541505396,1,card,low,5.425222528412219,10.034904665548778,19.39455136219776
2024-01-31 11:31:00,40.919623126576504,-73.84955731000868,40.918634223155394,-73.88650928688828,2,card,medium,3.1067536701200718,4.511682655919115,13.999403330367336
2024-01-31 11:40:00,40.658081794321454,-73.80789197442274,40.58518997108147,-73.77400075384233,2,card,low,8.59512850634325,18.925134484575498,31.535457970349196
2024-01-31 11:48:00,40.86241584117417,-74.03115474601759,40.82051256338376,-74.07534407466827,1,card,medium,5.960569464794119,20.31922644584182,25.482350946022702
2024-01-31 11:57:00,40.63410003401076,-74.0714246018914,40.66250944700558,-74.1681894890438,1,card,low,8.753555645619402,10.46166937032511,25.557087874752142
2024-01-31 12:06:00,40.91328317259382,-74.13073967787444,40.92,-74.16440254199983,1,card,high,2.9254979784682553,12.862481969142038,18.791482632216134
2024-01-31 12:15:00,40.65667797581625,-74.19195724308673,40.58,-74.1543975441633,1,cash,low,9.096493799717669,12.9144041075164,26.828107910684974
2024-01-31 12:23:00,40.72337410862642,-74.07389203999173,40.751841673669006,-74.07444179954574,1,card,low,3.165787673109585,6.927147014718241,12.806463137582663
2024-01-31 12:32:00,40.76991178270109,-73.8152913195786,40.69933214253119,-73.83936622830764,2,mobile_wallet,medium,8.106007338897744,19.997372145412726,23.547646139744618
2024-01-31 12:41:00,40.62089714315307,-74.04640714673258,40.681827551240175,-74.04391062217547,1,card,medium,6.778425013146423,19.003986467971053,25.532236373794596
2024-01-31 12:49:00,40.85771882294289,-74.09818048543627,40.86710383911362,-74.09717250015052,2,mobile_wallet,medium,1.047003206093166,4.902448502225514,5.675767422786648
2024-01-31 12:58:00,40.673393081111485,-73.88304255526093,40.65253911591777,-73.85505712056204,1,cash,medium,3.3089366185834344,7.2346888281080455,12.091360949643974
2024-01-31 13:07:00,40.766751766544566,-74.15005191947077,40.81130871180454,-74.22257886606992,1,card,low,7.863145030034107,14.51576806461884,28.78406134414302
2024-01-31 13:15:00,40.7668754956357,-74.12929373073129,40.78278296361576,-74.13389961378884,1,card,medium,1.8108507750502214,5.311069933572799,10.633617266814422
2024-01-31 13:24:00,40.784897821790764,-73.78268658934746,40.84451956417349,-73.7770941121281,1,card,high,6.646319496758265,42.05858679847299,38.509501060349926
2024-01-31 13:33:00,40.598865235418266,-74.21838925676522,40.6024866380208,-74.26,1,cash,low,3.5360428876300447,6.1950277520041155,12.446672409384066
2024-01-31 13:42:00,40.637330379022735,-74.04853809807585,40.643577250510994,-74.11059680703141,3,card,medium,5.2821375270149975,13.19093380863238,22.890125641681156
2024-01-31 13:50:00,40.634805362593944,-73.96585689187866,40.621969093127035,-73.98226877073287,1,cash,medium,1.9888547145389996,5.270687045489877,10.334333969073189
2024-01-31 13:59:00,40.68269742820139,-74.14256703503655,40.69453094962591,-74.1421834422894,1,cash,high,1.316224973346027,6.2149932912252766,9.745125769119085
2024-01-31 14:08:00,40.629270813331836,-74.1166836330403,40.705678602922355,-74.1161415619128,1,card,low,8.496281569248644,11.634918579219454,29.336834042749746
2024-01-31 14:16:00,40.89345324906326,-74.14685886397818,40.870828861410516,-74.17189454563862,2,cash,low,3.2800577218571214,6.317328037997161,12.914679913196267
2024-01-31 14:25:00,40.754404513173846,-74.08395535824907,40.78356249489372,-74.1108354149326,1,cash,medium,3.9542559573202736,9.853641421135418,14.989552007786822
2024-01-31 14:34:00,40.79201555021891,-73.80176206491,40.75239558898355,-73.81954499937656,1,cash,medium,4.653089255168183,9.077017049793103,14.826831120280941
2024-01-31 14:42:00,40.70154597963536,-74.03989045324846,40.60854303433983,-74.02645697398776,1,card,low,10.403359172857988,16.707532733759038,33.622840224037645
2024-01-31 14:51:00,40.67392368795153,-74.04690720157305,40.68325933126818,-73.99089925626735,1,card,high,4.835759766810523,27.91852352790955,28.27671460112266
2024-01-31 15:00:00,40.75108023787895,-74.06284375111106,40.76774848193508,-74.16276161100105,1,card,medium,8.617305493344688,18.17281400652185,32.37783700772276
2024-01-31 15:09:00,40.68006981144384,-73.76830097926184,40.67511750431893,-73.75,1,card,high,1.6386050071017433,21.594618614170685,16.269086354073018
2024-01-31 15:17:00,40.69683961474812,-74.2001772875279,40.62952029106337,-74.2051791122816,1,card,high,7.497446800251954,52.15733916453786,44.022560635763355
2024-01-31 15:26:00,40.73393529725209,-73.81534353532092,40.74762884561096,-73.79168603267148,3,mobile_wallet,high,2.508188403257048,11.538432410805829,13.554401989322297
2024-01-31 15:35:00,40.75194945364268,-74.09314785545874,40.76393356717895,-74.039798405282,1,card,medium,4.686909760122672,10.521919765636966,21.491515000992987
2024-01-31 15:43:00,40.91466676400583,-73.77217908823027,40.87467163560667,-73.80615976164202,1,card,medium,5.2854510864136595,14.619738018849919,22.172749874280235
2024-01-31 15:52:00,40.65592967997506,-74.09923410441574,40.59502255925877,-74.05674039391036,3,card,high,7.663473092077281,67.46413282686785,53.08466467887603
2024-01-31 16:01:00,40.7459118960601,-74.21773407473928,40.734554439313335,-74.26,1,mobile_wallet,low,3.778208514663045,5.270164070633584,12.068992233043188
2024-01-31 16:09:00,40.63083399142637,-73.99477863898022,40.66021580753137,-73.9890366735057,2,card,high,3.302830550113726,14.256585985097399,18.72103195422779
2024-01-31 16:18:00,40.69899973912071,-74.14378855455195,40.71774920205135,-74.15470180917207,3,card,medium,2.2787621903510233,6.4893596105616425,13.906803690710728
2024-01-31 16:27:00,40.823885644360175,-73.87597519410858,40.78424797945764,-73.87389261804825,1,card,high,4.410991495471975,25.34696448008959,27.49753418278121
2024-01-31 16:36:00,40.639317128878595,-73.92477413465275,40.64547875770459,-73.96928067747098,2,card,medium,3.8171661481813692,14.081619310917052,17.237447810544705
2024-01-31 16:44:00,40.777659444567014,-73.9099007294596,40.81758013281341,-73.89024097393734,1,card,medium,4.737427428607908,9.846983198019283,18.308879524747205
2024-01-31 16:53:00,40.72167834801312,-74.16132036080857,40.66890839109612,-74.08993743386041,4,card,medium,8.405205938613364,17.871760992478492,29.71715009338187
2024-01-31 17:02:00,40.59753704509752,-73.89859856490858,40.60037903665946,-73.94233212409532,2,card,medium,3.7058544478355304,10.99183454370089,16.865750451973163
2024-01-31 17:10:00,40.89724558210267,-74.10122117624003,40.92,-74.09268712776519,1,card,medium,2.6298517113969573,6.252991630595347,13.373749816513556
2024-01-31 17:19:00,40.72062506769958,-73.75067624568936,40.66325312071135,-73.75,1,card,medium,6.3797242096034505,16.302813156017244,25.349750685874557
2024-01-31 17:28:00,40.8465350221554,-73.88679849183225,40.89853370525263,-73.9001518245997,1,cash,low,5.889993852520932,10.379822464130555,19.631368616295305
2024-01-31 17:36:00,40.72154658616881,-73.95889013122166,40.79441002152332,-73.89767244975161,0,card,high,9.603618737442076,50.22656347790598,47.25986681338011
2024-01-31 17:45:00,40.898702509336786,-73.81776993260007,40.8887032607041,-73.83710590796392,1,mobile_wallet,high,1.9692136844567247,9.39767569453295,11.840307543198485
2024-01-31 17:54:00,40.678759913705825,-73.9594510331431,40.66332452585009,-73.96468429478705,1,card,high,1.7721766598108806,13.540119906104412,16.831828023215298
2024-01-31 18:03:00,40.72015842089382,-73.97809756794447,40.766647669749695,-74.02278950678367,0,card,high,6.39518475272963,34.75782824139875,36.65750036491143
2024-01-31 18:11:00,40.83801384168816,-74.13896904256926,40.82963797481183,-74.13327247650112,1,cash,medium,1.0474295570583578,1.7737287284662093,8.53670235920165
2024-01-31 18:20:00,40.69684688719549,-73.91416288238403,40.59095618566421,-73.91402684983657,1,card,high,11.774514382891622,44.238407040326706,53.879029885587286
2024-01-31 18:29:00,40.70388140425396,-74.06893134159277,40.69943564749293,-74.04031578557475,1,card,medium,2.46238358472805,8.708248845188635,16.441693452796986
2024-01-31 18:37:00,40.91823987896084,-74.23802785981582,40.92,-74.26,1,card,low,1.8565053439177217,2.523127012466,8.367815422823918
2024-01-31 18:46:00,40.76890893873472,-73.84380848385132,40.80221271214593,-73.8744982869561,1,mobile_wallet,low,4.515531717357769,6.9773025083022775,11.856884135472072
2024-01-31 18:55:00,40.81438935424785,-74.23354468500915,40.77476104183401,-74.21273253970365,1,card,low,4.741983194601841,7.9909004076965795,18.58288185428032
2024-01-31 19:03:00,40.79877715961223,-73.91712693735133,40.786636109235964,-73.85425336529798,3,card,low,5.462359745708211,11.358104728441049,20.30926557821381
2024-01-31 19:12:00,40.861494210033236,-74.1800723453427,40.90545503692009,-74.1517668841993,1,card,medium,5.436646885201162,12.889383602298766,22.019778730970632
2024-01-31 19:21:00,40.87302053381019,-74.03938954654886,40.87032059584659,-73.95625599536136,1,card,high,6.9965670511067035,28.630055557350627,33.980710163667915
2024-01-31 19:30:00,40.77150708503991,-73.82186325414118,40.702713875311666,-73.7968744179362,3,card,low,7.933907748166691,11.327168881601493,26.73533940921624
2024-01-31 19:38:00,40.68014906548858,-74.21184602995179,40.7358427759215,-74.18847785143834,2,cash,high,6.498559482890096,37.198574257021605,34.35890985332873
2024-01-31 19:47:00,40.58775208417549,-73.91975315393816,40.58,-73.88918497430801,1,mobile_wallet,high,2.7215227587305666,13.653054000227964,16.325408324681028
2024-01-31 19:56:00,40.78889710536187,-73.9475644413321,40.838001950335034,-73.88059675732204,1,mobile_wallet,high,7.847042744672845,34.17403987835613,32.63597044221359
2024-01-31 20:04:00,40.860659403310315,-73.81755982935829,40.79786385199632,-73.76186917638302,3,card,high,8.408992718504155,31.084786221600126,39.18785801977048
2024-01-31 20:13:00,40.73318353387396,-74.17190521562473,40.72773913023245,-74.22072473611463,1,card,high,4.157944711337095,26.84667244095103,26.33591259069509
2024-01-31 20:22:00,40.636000087766895,-73.85210837263574,40.65893820883237,-73.81608218769328,1,card,low,3.967831183113372,7.142926375994608,13.884896362849295
2024-01-31 20:30:00,40.67794790479812,-74.03043818966192,40.674026386030576,-74.01849714690098,1,card,medium,1.097357342110897,1.284432909849647,7.468944063812346
2024-01-31 20:39:00,40.753396236034035,-74.04139160462844,40.700160956929594,-74.05012318034345,1,card,medium,5.965045825606034,14.021841922828571,24.242615016841714
2024-01-31 20:48:00,40.864471614452405,-74.07548998107167,40.757065465644445,-74.15527179306726,1,card,low,13.7010838645379,24.345221671321212,46.137368567336146
2024-01-31 20:57:00,40.63839606966326,-74.06335718544008,40.70694300049091,-74.13266442640179,6,card,medium,9.605232965556059,26.656037052607463,37.8217989528767
2024-01-31 21:05:00,40.78813095774124,-73.99482059052313,40.799292676826795,-74.01122161542823,4,cash,medium,1.8565147237092126,6.4263692702259565,14.482700726999294
2024-01-31 21:14:00,40.836145328743186,-74.20553209030903,40.88865137611879,-74.26,1,cash,high,7.420760275105751,50.28186588686896,42.58618142138939
2024-01-31 21:23:00,40.89825615691384,-74.04321640636479,40.92,-74.05868546320872,3,mobile_wallet,low,2.74511380108454,4.902132395321226,5.318455288040405
2024-01-31 21:31:00,40.61967925517081,-73.92748958031964,40.64653736234619,-73.89534422394536,2,card,high,4.034509416954481,14.209144826504804,20.684949760487502
2024-01-31 21:40:00,40.89497315561595,-74.00592189974647,40.880512974634335,-74.032064934302,4,cash,low,2.7230525612445398,5.3825342520455015,11.670762144265362
2024-01-31 21:49:00,40.78449896195932,-74.17542697088669,40.80653847361308,-74.17167115376289,3,card,medium,2.4709919178672,5.125962679437654,15.78097557437175
2024-01-31 21:57:00,40.84067853972698,-74.07484363208627,40.90514270231366,-74.12299147020883,3,card,medium,8.232286874355985,23.71217860583862,34.10507460995398
2024-01-31 22:06:00,40.598283401253305,-74.03408954604278,40.60201889302562,-74.02064501821908,1,card,high,1.2086924021539225,7.356520619734605,12.180930051446827
2024-01-31 22:15:00,40.752090372917806,-73.91887384453719,40.83766691991577,-73.89600775192106,1,card,medium,9.708412996802398,23.218213573883396,37.41614071194652
2024-01-31 22:24:00,40.79169408918747,-73.80060917550588,40.724220104296464,-73.86464121707152,1,card,low,9.240052538270879,12.869926486622589,29.90329129201928
2024-01-31 22:32:00,40.68432350555676,-73.97930848858022,40.61201261804995,-74.01314337192713,1,cash,high,8.532268401802416,59.4529576688244,49.00859524734185
2024-01-31 22:41:00,40.72676107075443,-73.91505225466014,40.771224455407804,-73.97207491669347,4,card,low,6.893321473794646,14.573632445308114,24.92554955198207
2024-01-31 22:50:00,40.768461365995066,-74.2206332910259,40.73161793385162,-74.1977186251691,6,mobile_wallet,high,4.528767575973682,16.61663022597602,20.134013878823293
2024-01-31 22:58:00,40.767866299522815,-73.77322181503273,40.85981646094211,-73.76584151980806,3,card,low,10.243238984945974,16.685193959669192,31.902641801647036
2024-01-31 23:07:00,40.594232918638326,-74.09924356791869,40.65441328034381,-74.1014805986593,2,cash,low,6.694413685737676,11.904319905741199,23.5166711824891
2024-01-31 23:16:00,40.72942380063682,-74.07931120765916,40.80086451844093,-74.08508387687552,1,mobile_wallet,low,7.958708090885369,11.177222461544188,21.209200482471555
2024-01-31 23:24:00,40.65269817262936,-74.14635018187283,40.692497806379166,-74.13182258727836,1,card,medium,4.591981492217409,12.569156606453076,20.968156592234394
2024-01-31 23:33:00,40.89167632654902,-74.21681826339957,40.850205063483855,-74.20138994625906,1,cash,high,4.790394108530733,31.40772499086832,25.064658926220474
2024-01-31 23:42:00,40.91203719664193,-73.85707613702766,40.83736682463585,-73.87937712424927,1,cash,medium,8.512053908838126,25.069322357780045,33.18733438123562
2024-01-31 23:50:00,40.6818799447597,-74.13735005832986,40.74916820487321,-74.16595191450402,2,card,low,7.860851074209775,13.666468771331235,26.651652446762494
2024-01-31 23:59:00,40.63956303506536,-74.11582925497389,40.58,-74.11848403875055,1,cash,medium,6.6268976616165665,15.660341350014797,24.683693754040068
2024-02-01 00:08:00,40.654631411322434,-74.1672838989308,40.725951267270176,-74.17582196934079,1,cash,medium,7.963011648197664,16.09617078571831,25.80552543135653
2024-02-01 00:17:00,40.74243576682,-73.76280850704757,40.77256843103032,-73.75,1,card,medium,3.519999660048299,8.678187605209816,15.989002258490514
2024-02-01 00:25:00,40.87733190369848,-73.86167225338761,40.87390053427658,-73.8789475136443,1,card,medium,1.5017491743454552,4.380566380660044,10.505340963779219
2024-02-01 00:34:00,40.7500123130788,-73.78575117850984,40.76990445887389,-73.7727162394647,2,card,medium,2.46937919996714,7.250850652357421,11.92086700122375
2024-02-01 00:43:00,40.5988333009832,-73.82052108280271,40.61977139307841,-73.79955439082997,2,card,medium,2.9245760153677898,8.167169374061666,14.57693162066898
2024-02-01 00:51:00,40.593561104922465,-73.79778863223191,40.584452637436044,-73.75,1,mobile_wallet,medium,4.160480864612101,12.690563255643495,14.688479508035329
2024-02-01 01:00:00,40.65731292151177,-74.01569263355691,40.72146884708314,-74.05219594018548,2,mobile_wallet,low,7.769414348078779,12.023505828227847,22.147547513012668
2024-02-01 01:09:00,40.866542234387204,-74.17302386694789,40.92,-74.11273971463652,1,cash,high,7.8109300360811975,31.095098909159248,35.768846443101914
2024-02-01 01:17:00,40.791303389561946,-74.09329102947765,40.79830805814389,-74.0999238303221,1,card,high,0.9583412193220556,7.8827975022669685,10.295866389900326
2024-02-01 01:26:00,40.771405670287336,-74.11084972633934,40.744405922885825,-73.99828919100526,1,card,high,9.944679117304805,44.662256720330625,48.260401940390224
2024-02-01 01:35:00,40.688449661478096,-73.8942617428233,40.747217593476286,-73.87794464295813,2,card,high,6.677825593011149,25.9739194940513,31.52683079828393
2024-02-01 01:44:00,40.896004637715706,-74.24690692998325,40.80498942060946,-74.26,3,card,medium,10.180170833530642,28.41828105704441,39.452699120869795
2024-02-01 01:52:00,40.692600603287126,-74.18755847039183,40.71257577060263,-74.19643061066077,1,cash,high,2.343672950334739,34.96967251730261,21.27298995554409
2024-02-01 02:01:00,40.863881100302,-73.91172858867002,40.897161980171404,-73.85159646759024,2,card,medium,6.2651540901716665,16.98744507692624,24.97792289669315
2024-02-01 02:10:00,40.8846071961118,-74.19704439956178,40.84733136354679,-74.19337504761327,3,card,medium,4.156352524681555,9.956883505587616,17.941090673693108
2024-02-01 02:18:00,40.74433390449349,-74.2353711561071,40.78815425142818,-74.23805429944898,4,card,high,4.877837003652022,24.774566360878485,-28.42519247382873
2024-02-01 02:27:00,40.88405835162345,-74.20430026604829,40.8828709878642,-74.17194539367425,1,mobile_wallet,high,2.7232143745157344,18.81900578774784,15.787996783494332
2024-02-01 02:36:00,40.674113117712956,-73.90775618194802,40.64955661222525,-73.92328107802805,1,card,medium,3.0283271500823408,10.2359824755235,18.13027937483148
2024-02-01 02:44:00,40.80386736490232,-74.18894411770361,40.84721241518718,-74.19842711061385,1,card,high,4.885350982492089,31.316924301405944,31.70825444574639
2024-02-01 02:53:00,40.60990767449829,-74.1853847758204,40.58,-74.22789512876732,3,card,medium,4.893112360492584,11.703484886325624,20.57337628407999
2024-02-01 03:02:00,40.741137632791414,-74.14254689965286,40.780251332936786,-74.06474996450937,1,card,medium,7.864432245600829,18.10141542352151,29.653240451585653
2024-02-01 03:11:00,40.65389281273384,-73.87703554085978,40.58,-73.93205304842591,1,card,high,9.437995623305254,63.79285675840603,56.63417523128225
2024-02-01 03:19:00,40.6013395144964,-74.157820014747,40.6141962145993,-74.15019401505765,6,cash,medium,1.567861845193524,2.216542301248918,9.321669110871634
2024-02-01 03:28:00,40.58126667274639,-74.24195854767066,40.583239650775994,-74.22036374300697,1,card,high,1.8368195022191511,7.232602778015351,13.803954524915873
2024-02-01 03:37:00,40.69041571958987,-73.79800968865626,40.66612941008091,-73.7986239890526,1,card,high,2.701011214640821,21.92519851998124,20.454893959748038
2024-02-01 03:45:00,40.7804404021425,-73.81307760361163,40.797973521197505,-73.86950142940867,6,mobile_wallet,low,5.134709087015848,5.625477756964124,12.680237785511027
2024-02-01 03:54:00,40.73477831820139,-74.16574230954281,40.73119766237984,-74.21068669078981,1,cash,high,3.8078381419778062,35.20747044404747,24.36946307123482
2024-02-01 04:03:00,40.682601561496625,-74.12467527921554,40.730062864725376,-74.1011620178895,1,cash,low,5.637361941278731,11.845664755965828,21.695107636357754
2024-02-01 04:11:00,40.917008010463924,-74.16383563856375,40.92,-74.19893020745059,1,card,high,2.967479091559356,13.03413302084775,20.02121744690881
2024-02-01 04:20:00,40.89943851359309,-73.89303738512952,40.91980975407244,-73.9862781601415,1,mobile_wallet,high,8.156327236825847,28.619265445951054,32.53177025210976
2024-02-01 04:29:00,40.622722124324746,-74.1324954690635,40.63585587848495,-74.11508144453799,9,cash,medium,2.0718176974383327,5.352829406392577,10.321399050430104
2024-02-01 04:38:00,40.72113652506729,-73.78496062373696,40.69988903452267,-73.82422291583498,1,card,high,4.066142219043535,16.886386015450004,20.212598111579073
2024-02-01 04:46:00,40.80060795755783,-73.83790307756438,40.78702679780892,-73.80949821025372,1,card,medium,2.828124033366945,7.7736908008104,15.644736496732154
2024-02-01 04:55:00,40.82938687116018,-73.95991542493947,40.84055658397012,-73.96898838335956,1,card,medium,1.457819065803414,3.724326986631201,480.2630034600867
2024-02-01 05:04:00,40.704566532669226,-74.255441505396,40.696765355749406,-74.26,2,cash,medium,0.9487587577817161,1.0,2.690835978692292
2024-02-01 05:12:00,40.83373581633002,-73.8093286027275,40.8837511936995,-73.80697788449173,1,card,medium,5.564968844090536,11.505306400409314,20.756359055201624
2024-02-01 05:21:00,40.62221100438963,-73.8888415602684,40.62641626291909,-73.94007376012112,2,cash,medium,4.349024523263959,11.399264963849227,16.54558841493741
2024-02-01 05:30:00,40.69281629258762,-73.85816722776408,40.70973478993975,-73.89531261670598,4,cash,low,3.6529827335484915,5.926605818319259,14.495849373575446
2024-02-01 05:38:00,40.82358727975701,-74.22336914566829,40.76046650273171,-74.23506572786225,2,cash,medium,7.087443841950605,18.159821042604307,26.01188392423048
2024-02-01 05:47:00,40.79273214868853,-73.89863431318855,40.835177510931246,-73.95012974480323,1,card,high,6.407519515044798,43.74683005526385,35.22089845720242
2024-02-01 05:56:00,40.864651473052966,-73.84965936845168,40.83849866133762,-73.81753757377591,1,mobile_wallet,medium,3.9693946887079767,14.272276987986787,12.99653602515358
2024-02-01 06:05:00,40.595931387706834,-73.7721159683599,40.58,-73.78594802248186,1,card,high,2.121891581192182,8.302979325422116,17.01212461445994
2024-02-01 06:13:00,40.63929318405984,-73.96396005888096,40.7133715544699,-74.02918470595525,1,cash,medium,9.904808931027304,25.608122421977292,36.000120985522805
2024-02-01 06:22:00,40.596488157972466,-74.00089865548037,40.62788112648193,-74.02605495952588,1,card,high,4.0858847855639615,23.775963870957803,22.614659316104497
2024-02-01 06:31:00,40.64531883624473,-74.04304763710923,40.689288143594865,-74.03849352168774,4,card,high,4.904228699815717,33.506535624847665,27.483935589454806
2024-02-01 06:39:00,40.58145615561519,-73.90234328270803,40.601908483846024,-73.92241735311606,1,card,medium,2.8363729161356876,5.911938169034562,15.151378353762828
2024-02-01 06:48:00,40.75143150257082,-73.79038113459555,40.74723971675515,-73.77238941970775,1,cash,medium,1.5856442101813635,4.614381416850852,9.354873378174986
2024-02-01 06:57:00,40.75962689449321,-73.95412492515483,40.74704471413068,-73.92829328942676,2,cash,high,2.5868638257512844,16.662609319488134,18.326844013424065
2024-02-01 07:05:00,40.80368320567804,-74.14408534283075,40.83874316402359,-74.03600883041285,6,card,high,9.89469338256358,41.834394045487734,50.9067404743159
2024-02-01 07:14:00,40.71087023204836,-74.25103728534232,40.76183358894908,-74.19925829628109,2,card,medium,7.151632092363057,14.44236439577449,25.41770173136621
2024-02-01 07:23:00,40.58109061483296,-73.94425230968356,40.58,-74.01788897517991,1,cash,high,6.21992249062844,36.238539747988526,32.548854023169596
2024-02-01 07:32:00,40.809122992498594,-73.81905507711028,40.90238742141013,-73.83526553893522,1,card,high,10.459763361852081,46.628191294406165,50.80109556133735
2024-02-01 07:40:00,40.59845896983429,-74.22635260843757,40.5895796350973,-74.23835146659772,1,card,low,1.4146539095032111,3.5901178627972334,8.746433882865219
2024-02-01 07:49:00,40.87449794647804,-74.05723868342972,40.81176756645799,-74.03136049192061,1,cash,medium,7.307086052706876,21.72481434559028,25.69871229141045
2024-02-01 07:58:00,40.587702355820696,-73.78057606769875,40.58,-73.82258744088033,1,card,high,3.6496711952408285,21.643830613574682,22.783999286807866
2024-02-01 08:06:00,40.76036154190726,-74.00414473211303,40.684411650352686,-74.02805107950196,2,card,low,8.682218157687164,12.691386889258043,30.277193695891484
2024-02-01 08:15:00,40.88427208001108,-74.14746430280782,40.86565054934532,-74.20346283722374,1,card,high,5.143490742223671,29.58639552475997,27.653220375862023
2024-02-01 08:24:00,40.774646455768185,-74.07963522999789,40.76420564481811,-74.10673718755501,4,card,low,2.5606394478402423,2.125527697229865,10.918952006416061
2024-02-01 08:32:00,40.78686169382494,-74.05184882124065,40.81757867752054,-74.077272270867,1,cash,medium,4.030558705161278,11.21933601549012,18.79571245782378
2024-02-01 08:41:00,40.81174768843472,-74.20018234764744,40.8104603268483,-74.21426760922598,1,card,medium,1.1940264284839925,2.9584981877889986,10.663060563750664
2024-02-01 08:50:00,40.62161900822836,-73.92299595563732,40.659570704786894,-73.9763890287987,2,card,medium,6.172883407245978,15.790604639646443,23.616490215623937
2024-02-01 08:59:00,40.809475214275594,-73.95799619216284,40.81149539174362,-73.9138050338898,1,card,low,3.7259369387667474,6.495794149952447,12.41867530111945
2024-02-01 09:07:00,40.87932065988436,-73.92966133228856,40.87992912406006,-73.90841170846106,1,card,medium,1.7877993768576939,3.8358886527953207,12.303350221324683
2024-02-01 09:16:00,40.91123508316401,-73.9484962999731,40.885246913833626,-74.01369363974526,1,card,low,6.195060789047012,10.974900434833753,24.971343764637126
2024-02-01 09:25:00,40.730637679781836,-74.25149724517296,40.79465416049974,-74.25032846291042,1,card,low,7.1189884651145245,13.866289623581451,28.492642046189047
2024-02-01 09:33:00,40.697131649570366,-74.17102394672118,40.62821485622435,-74.2414604163096,1,cash,high,9.696498119166792,84.61340611326193,58.00978847696264
2024-02-01 09:42:00,40.83612526930275,-74.17555827900762,40.849684232384874,-74.11515677133642,2,card,low,5.299921488538143,6.280160033789507,20.288866871365432
2024-02-01 09:51:00,40.76457725795241,-74.21004474198803,40.75640298717369,-74.13740986519598,1,mobile_wallet,low,6.1847615206927085,9.721126585169552,17.11984218889845
2024-02-01 09:59:00,40.66748358251471,-73.88490735566889,40.70266253940242,-73.88741553389387,6,mobile_wallet,low,3.9174344573950997,6.327786565617382,8.02311052078822
2024-02-01 10:08:00,40.6385336808897,-74.19873002061597,40.63759635783769,-74.23709905314693,2,card,medium,3.239218704317053,11.807767213952527,15.124502607179236
2024-02-01 10:17:00,40.63787830220153,-73.91922102254033,40.638267268954245,-73.94911314228213,2,cash,low,2.522638378034255,3.3443825754579124,9.88610108914478
2024-02-01 10:26:00,40.736120192446094,-74.16902094207663,40.724121409442155,-74.18943933577904,3,cash,medium,2.17720948238007,4.5981551480960245,11.720325892556822
2024-02-01 10:34:00,40.63784229790932,-74.19966180909356,40.70053883609526,-74.20446903471016,2,card,medium,6.98331647888622,16.167639968114226,25.412789187378195
2024-02-01 10:43:00,40.586704440963906,-74.1771096752058,40.58681270579162,-74.1154385410725,1,card,low,5.207761103685325,8.034080770051613,20.11139841070749
2024-02-01 10:52:00,40.597710183489696,-74.00071423716561,40.6863444880123,-73.9577121557017,3,mobile_wallet,low,10.50232241432893,15.10209061493355,29.60672521088177
2024-02-01 11:00:00,40.89616074494401,-73.93080391997255,40.90841186361725,-73.88710871730451,1,card,medium,3.9168536528882,9.48432032978601,18.657261351698494
2024-02-01 11:09:00,40.60480685599445,-73.8459183213706,40.605786048830325,-73.83824229919033,1,card,high,0.6570967036474498,2.205883464091658,6.2297569731872855
2024-02-01 11:18:00,40.60488143479753,-74.19443327521304,40.59834172160408,-74.24634580279042,1,card,low,4.442637017349171,7.52554164435786,17.407122786729936
2024-02-01 11:26:00,40.7334040714814,-73.94574475883323,40.75879518196724,-73.98039731076665,1,card,medium,4.061178642774071,9.108217907267091,16.012428433766118
2024-02-01 11:35:00,40.66333409599391,-73.86534180430027,40.63685639421308,-73.86260934745842,1,card,high,2.9531968315665673,18.137719513823182,22.00092459615699
2024-02-01 11:44:00,40.90731590973865,-74.10067336253098,40.91387431769541,-74.15472286688897,6,mobile_wallet,low,4.600147489153381,6.678509299956778,12.085583512705966
2024-02-01 11:53:00,40.88973518542925,-74.2193450545226,40.890101351064104,-74.20566582174776,1,card,medium,1.1505952919157745,2.8792310928835128,8.483277650349285
2024-02-01 12:01:00,40.71761270454823,-74.18046755883609,40.732248851015164,-74.14423700037261,1,card,high,3.459793461214527,16.78098932731165,19.774439297410822
2024-02-01 12:10:00,40.73256871660153,-74.21330508974417,40.7483200812833,-74.18876454710605,1,card,high,2.709672682648569,13.12178849227081,15.977259996322639
2024-02-01 12:19:00,40.70753864204569,-73.80752191517844,40.725628411653965,-73.78478838889711,1,cash,low,2.777958563888581,2.8817052247207156,13.230444343594288
2024-02-01 12:27:00,40.59287447965866,-74.06788214913628,40.59714519323646,-74.15186486838432,1,card,medium,7.106831538373276,20.03384244144991,29.108139562384064
2024-02-01 12:36:00,40.6795679253466,-73.99309221138076,,,1,card,medium,9.338398299440687,20.901802685063128,36.61318727447822
2024-02-01 12:45:00,40.62170897966807,-73.8679690425798,40.64072457639628,-73.93850138243124,2,cash,medium,6.316475936150682,9.872484710116591,23.504253083379165
2024-02-01 12:53:00,40.61480591220514,-74.07053580471843,40.73207529518131,-74.0774095193415,1,mobile_wallet,medium,13.052639282783918,26.894542584118373,40.797667125437144
2024-02-01 13:02:00,40.77069293479837,-73.92895764613992,40.77293624818383,-73.90112318666955,1,card,medium,2.3571684296405935,10.603094049859855,14.852647861272224
2024-02-01 13:11:00,40.61358005162261,-74.2208932748586,40.6567311497831,-74.20475638618927,1,cash,high,4.987656609066874,34.23026463209846,26.64897169665791
2024-02-01 13:20:00,40.61499665009039,-74.01473811974002,40.58232443571353,-74.07224075445708,1,card,medium,6.063697147857777,14.915062017021992,26.277771128692702
2024-02-01 13:28:00,40.74337466303858,-74.21077532725315,40.80641017952759,-74.26,1,card,medium,8.1431173398803,23.593099466405445,33.314134744622876
2024-02-01 13:37:00,40.7303760041417,-74.13337508825309,40.698683226986844,-74.12045686524479,1,card,medium,3.688434404769045,11.492493474899883,17.635739575640898
2024-02-01 13:46:00,40.626795826945006,-74.11039617792632,40.647310337753034,-74.0874081523067,1,card,low,2.994334390524259,7.185402041932655,14.811968347746554
2024-02-01 13:54:00,40.58151266843501,-73.89403226001765,40.58,-73.94385643302523,1,cash,medium,4.211082464636761,10.759757839171868,15.562289801552676
2024-02-01 14:03:00,40.64561131020107,-73.91620686499249,40.665951661071325,-73.89854019623907,1,card,low,2.7085938931234352,4.538967012456482,15.239351093661105
2024-02-01 14:12:00,40.6602033664219,-73.87898915464515,40.64963753576268,-73.9471764612314,1,cash,medium,5.870882119408197,14.52667517582042,25.24533991153181
2024-02-01 14:20:00,40.852084470827016,-74.22850492590896,40.81656809060056,-74.2004074093303,1,card,medium,4.602643453441827,9.86900443843437,20.94900836506101
2024-02-01 14:29:00,40.89124903917926,-73.75310375179174,40.879027386138354,-73.79287663377126,1,card,high,3.609173962853577,26.281623147026554,23.34061150613349
2024-02-01 14:38:00,40.71802109514591,-74.23224578535802,40.787392200732285,-74.2286226797517,2,mobile_wallet,high,7.719749934045299,37.82467041897056,35.47914699486783
2024-02-01 14:47:00,40.717709087010334,-73.83886862636604,40.73873651909307,-73.84280152251934,1,cash,medium,2.3615134522455405,7.24556523866079,14.067078030092686
2024-02-01 14:55:00,40.822243636478355,-73.88246284392493,40.76424538513379,-73.83023326416892,3,card,medium,7.805322651364095,20.09438791246691,30.912233345117535
2024-02-01 15:04:00,40.793153485339595,-73.95820148684918,40.8424457068954,-73.94730563555765,1,card,medium,5.557208117658466,11.931453258014052,24.958191415995255
2024-02-01 15:13:00,40.64260766347576,-74.03618284577605,40.60248952536103,-74.06314242923487,1,card,medium,5.007709349871975,14.0524204727963,23.33558168836595
2024-02-01 15:21:00,40.61661430158059,-73.87386249983221,40.65006546954321,-73.85768082808272,1,mobile_wallet,low,3.9623211630361763,7.435895796797986,15.115583893609383
2024-02-01 15:30:00,40.728788042822714,-73.88267252033289,40.75368047446453,-73.78626392456795,4,card,low,8.580951691963449,12.692130958824176,28.450359012433882
2024-02-01 15:39:00,40.77204164347534,-74.1900390489002,40.79977561445665,-74.15673351744229,1,card,high,4.1680956637363344,45.33123904766149,28.468452798409768
2024-02-01 15:47:00,40.627160585073995,-73.85575743878995,40.710554097551565,-73.85841995440796,2,cash,high,9.275654077628314,51.502328546180195,47.29391224032357
2024-02-01 15:56:00,40.67971298775887,-74.21993593130817,40.642424146138275,-74.25744851501838,3,mobile_wallet,medium,5.215756245179726,15.592123774232094,17.621604340560783
2024-02-01 16:05:00,40.68402061878639,-74.00472146751444,40.7115063837013,-74.0324635850418,1,card,low,3.8484571564039456,5.330553412964272,14.95898461561918
2024-02-01 16:14:00,40.66884138834821,-73.93100826845074,40.72552287590767,-73.90040858697715,1,cash,low,6.810191966097628,13.730157183057848,25.465263611053622
2024-02-01 16:22:00,40.736658830539206,-73.84093868273864,40.707708453966085,-73.88079979849311,1,card,low,4.652639673542919,3.8072415031217917,15.275024291085483
2024-02-01 16:31:00,40.80204161866871,-74.02381378877254,40.76848270754554,-74.02369279452398,2,cash,high,3.731594565087701,14.668290179332786,17.198010462735134
2024-02-01 16:40:00,40.75319256042944,-74.13920238044177,40.74026912118468,-74.0745095293865,1,card,medium,5.636099092923029,15.243661689873928,22.68903921718984
2024-02-01 16:48:00,40.6484952311641,-74.00976359611714,40.66310821777609,-74.00299593843107,4,cash,high,1.7222631486933035,4.124378282614815,13.202528063551023
2024-02-01 16:57:00,40.61499927599611,-74.13239386367707,40.58,-74.18095479428546,1,cash,medium,5.652942377525525,13.448183745960156,20.863741756046668
2024-02-01 17:06:00,40.85943595738556,-73.99035005545737,40.88424904697418,-73.8923469020871,3,mobile_wallet,medium,8.690022122025361,20.485658555415174,29.01896422104336
2024-02-01 17:14:00,40.74296359212405,-74.02412082661567,40.67958618874549,-73.94481065320811,1,card,medium,9.713383234117668,22.20637631130155,38.93214529610197
2024-02-01 17:23:00,40.601127322605514,-73.8619427132873,40.65932720976685,-73.83938976816025,1,cash,low,6.745588925356162,11.234205235994418,22.87587976802889
2024-02-01 17:32:00,40.66776130988085,-74.13755404214432,40.69088081714491,-74.08014504863405,1,card,medium,5.481360120515785,10.502843783129608,18.38752483749231
2024-02-01 17:41:00,40.853371484650616,-74.15800755606293,40.92,-74.17002164171397,3,card,high,7.477273682886121,93.93559202972102,57.698169277914424
2024-02-01 17:49:00,40.83558695042301,-74.01816547682085,40.865682219650424,-73.98556502532591,1,card,low,4.326352068310805,7.2226471939845736,15.564595247509851
2024-02-01 17:58:00,40.877777655185106,-74.23424277375267,40.86406343488466,-74.2533020649858,2,cash,low,2.2121811923305255,7.095718158759544,8.958987049054445
2024-02-01 18:07:00,40.78470986084058,-74.14303627949789,40.748769389755786,-74.20402995584587,1,card,medium,6.508180074343867,16.936480768001616,25.726659753091734
2024-02-01 18:15:00,40.72378801768174,-74.07961049376428,40.734538115295244,-73.96297397627644,1,cash,high,9.900657979424764,41.88128375907716,41.811807427879
2024-02-01 18:24:00,40.72505589916851,-74.01130884659393,40.723694622687006,-74.07460305959198,1,cash,high,5.335940241487641,33.77766866973699,32.8680614223046
2024-02-01 18:33:00,40.6459600151276,-74.12258727727507,40.69933627169708,-74.10919716137747,2,cash,low,6.041643548959561,9.14336712767398,19.606378664898823
2024-02-01 18:41:00,40.80127164691608,-73.97407538769872,40.75948380018011,-73.9612109368657,1,card,high,4.7711761562308075,22.103328255313677,24.46189198184332
2024-02-01 18:50:00,40.77892337707157,-73.81200852011297,40.869863967092314,-73.78878826882443,2,cash,high,10.299157286293742,46.75953497629626,45.9426965644899
2024-02-01 18:59:00,40.6326538998858,-73.98269899470762,40.690018862262974,-73.98673478668626,2,card,high,6.387770004956873,38.13269013785184,37.66357174367161
2024-02-01 19:08:00,40.88112539281543,-74.11371184391443,40.871966829453854,-74.1172780868597,6,cash,low,1.0616085639519095,3.9674956364950424,6.17159263906399
2024-02-01 19:16:00,40.705279189125605,-74.22838970427883,40.7861811295193,-74.22216117627626,1,card,high,9.011174827914983,51.89828468313985,49.608138136685604
2024-02-01 19:25:00,40.59691118027716,-74.19030018457836,40.58,-74.16870610291802,1,cash,high,2.619347540389503,19.139598464692327,18.517889235063574
2024-02-01 19:34:00,40.691479513065126,-73.97377914204094,40.700731053611314,-73.9738608783053,1,cash,medium,1.028747450943527,2.5378433371158553,8.713005656155978
2024-02-01 19:42:00,40.87575128300194,-73.91130849256677,40.818310085681304,-73.9143847441289,1,card,low,6.392408948524088,13.419046086585242,24.217427236886486
2024-02-01 19:51:00,40.891765239193006,-74.23466934878743,40.92,-74.26,1,card,low,3.793223517370257,5.888489658852229,14.941481090345919
2024-02-01 20:00:00,40.746735461868276,-74.16536958684613,40.67260305527963,-74.07475387570975,3,card,medium,11.237718951775266,29.673944018815497,41.641734141506205
2024-02-01 20:08:00,40.90515557962496,-74.09726855195495,,,1,cash,high,7.487220158786087,40.11812106628753,39.88575917473701
2024-02-01 20:17:00,40.87758221513207,-74.09691571447095,40.84902012531432,-74.08751491021226,1,mobile_wallet,high,3.2728710900084397,19.00201353348614,15.272608185681781
2024-02-01 20:26:00,40.860578443813736,-73.77121242276924,40.92,-73.79931345101453,1,card,high,7.0169217289139665,24.72465337528516,31.68640258333265
2024-02-01 20:35:00,40.87230142199195,-74.15607699504938,40.9152694418655,-74.20123963372762,2,mobile_wallet,medium,6.102321456611892,14.779983290363667,19.891700016796225
2024-02-01 20:43:00,40.7098376401374,-74.22811462176566,40.71532991840771,-74.18941523160352,1,card,high,3.3184495929595275,20.192066567796495,20.543136722075694
2024-02-01 20:52:00,40.83719943985689,-74.07996243705072,40.883051119359415,-74.08715624437953,3,mobile_wallet,high,5.134242168658802,37.93335702075984,28.76141058699834
2024-02-01 21:01:00,40.77629526104589,-74.19143459477486,40.77110164343389,-74.16348668846908,1,mobile_wallet,low,2.4232401530103034,5.17728099756682,5.70450500742715
2024-02-01 21:09:00,40.82469256059171,-74.19544319778075,40.843701855658765,-74.25628995379729,1,card,low,5.538304853132151,8.15732119860386,-22.929515187147686
2024-02-01 21:18:00,40.64044727657746,-74.05220016283027,40.71477494998199,-73.98259169485132,4,mobile_wallet,high,10.137305325669608,55.774212999710635,48.814417894099684
2024-02-01 21:27:00,40.82867393000348,-74.10374051898253,40.817576080709294,-74.06317853438911,1,card,medium,3.629310963188986,8.375491875786938,-16.0913260073129
2024-02-01 21:35:00,40.90558142762602,-74.21321934416078,40.87109465969129,-74.21686716533519,1,card,low,3.8469943027569866,6.811635629420209,15.853757581160101
2024-02-01 21:44:00,40.682905529609684,-73.95180525099201,40.7040722567544,-73.93076210716298,4,cash,high,2.947389698321692,10.787450594918452,14.815840306211056
2024-02-01 21:53:00,40.91529485014492,-74.00413311932962,40.92,-73.97078792315055,1,card,medium,2.850247650506773,8.669531982488731,16.30027118421025
2024-02-01 22:02:00,40.70864784503382,-74.22067916883483,40.71361799320536,-74.26,1,card,medium,3.3599816414211463,8.795899399972628,16.489804076262352
2024-02-01 22:10:00,40.64790598898715,-73.82000031825278,40.69305814810392,-73.75,4,card,high,7.749895445526327,57.93799478018799,46.14683844557182
2024-02-01 22:19:00,40.618177318132076,-74.11479634031171,40.60912065700157,-74.09304959539799,1,cash,low,2.093736775888606,4.725697590795738,10.95885203636662
2024-02-01 22:28:00,40.84688705051798,-73.76969579967694,40.85262662094924,-73.8013804026159,4,cash,low,2.7403730097647236,2.9574755562393853,12.592534750494407
2024-02-01 22:36:00,40.76864063612803,-73.78491529739627,40.7854965058434,-73.83426192194618,3,cash,medium,4.55830259498017,10.166032298608688,16.570781892107437
2024-02-01 22:45:00,40.68442463984509,-74.03861072062844,40.69735588655678,-73.99419132226616,1,cash,medium,4.0116435417316785,7.746870264533404,17.10914661232346
2024-02-01 22:54:00,40.786873125729876,-74.14343086037645,40.859470349047875,-74.13392869650124,1,cash,medium,8.11194330403372,20.4541692481098,30.097818804706755
2024-02-01 23:02:00,40.69291440386594,-73.83422511660959,40.70954443511596,-73.81250807597765,1,cash,medium,2.602116948520275,6.249353779785607,15.657160230215903
2024-02-01 23:11:00,40.732441637491675,-74.07574422077255,40.71876604142022,-74.07454431581752,1,mobile_wallet,medium,1.5240149079924306,4.33827094215642,766.3951088794877
2024-02-01 23:20:00,40.87330580275605,-74.17658914571764,40.89706497932315,-74.22171261173057,1,card,high,4.622671975806626,24.567266851823263,26.457735531869513
2024-02-01 23:29:00,40.80717660213212,-73.97868006493235,40.85257488994427,-73.95579226438558,2,cash,medium,5.402886823671608,15.989194043784158,20.628975229412465
2024-02-01 23:37:00,40.8392166254996,-74.01040475422236,40.87405722036795,-74.01929383548413,5,card,low,3.9455699928650803,6.587674272806431,15.224355218806688
2024-02-01 23:46:00,40.778387807499655,-73.82649088180489,40.81073414820199,-73.82746698249707,4,card,low,3.5976874499453957,6.391088294048306,15.922535496359732
2024-02-01 23:55:00,40.91707533662111,-73.88806649628194,40.849663080162976,-73.78110137452519,4,card,medium,11.706883545085764,28.64479178549444,42.86062174343622
2024-02-02 00:03:00,40.6620794225389,-73.81316886171325,40.58,-73.77406075051384,1,card,low,9.705342579521064,13.207726921904827,31.551843271574576
2024-02-02 00:12:00,40.6691789946444,-73.88530151468244,40.72656589888233,-73.84359709374333,1,mobile_wallet,low,7.285593110718735,15.372827577581212,22.4023988227682
2024-02-02 00:21:00,40.61147003917103,-73.93249077006962,40.63121862425031,-73.81006722933493,1,card,high,10.563335509318883,53.59738138942383,52.971225998886624
2024-02-02 00:29:00,40.768366630704044,-74.00490965233872,40.76739564695636,-73.98760382809061,1,mobile_wallet,high,1.4613990778252193,9.055658985696027,9.566703872774905
2024-02-02 00:38:00,40.788542140378844,-73.75634782235682,40.81978622662895,-73.7509609832166,4,card,low,3.503644995133862,4.4834325081097095,15.864207540419457
2024-02-02 00:47:00,40.8268269347856,-73.77082593975992,40.91355588189057,-73.80139027048253,3,cash,high,9.980387669921791,64.3375076012588,54.37683552572596
2024-02-02 00:56:00,40.69405161482275,-73.82708497941677,40.757660517285835,-73.847449813037,3,card,medium,7.278197380737197,18.48531150430439,28.461115183537917
2024-02-02 01:04:00,40.58416731263411,-73.86458720096938,40.6274672384102,-73.95670687046405,1,mobile_wallet,medium,9.146530724937529,20.57441320570371,28.735517575724206
2024-02-02 01:13:00,40.79495804261003,-73.96544462943956,40.75505538913256,-73.92987557919326,1,card,high,5.353265207793535,45.651071711448395,36.62644001816888
2024-02-02 01:22:00,40.91955646745693,-74.12752578613164,40.88550088132328,-74.18453723101061,1,cash,medium,6.107210554916338,14.916396241094459,23.074814190621193
2024-02-02 01:30:00,40.680146780288595,-73.81352609618514,40.58,-73.77290297699713,1,mobile_wallet,medium,11.651547095486066,27.617516015375063,40.01298352906506
2024-02-02 01:39:00,40.64253771383947,-74.25448377121174,40.67104582016429,-74.25641994197497,1,cash,medium,3.174161552131108,8.763429722907029,12.306811922297454
2024-02-02 01:48:00,40.67580076566096,-74.1440056169351,40.72568898954671,-74.1382429747707,2,cash,high,5.568547518955775,32.495069259709524,30.306500115563036
2024-02-02 01:56:00,40.724641261424196,-74.05409645300692,40.778199273502814,-74.05600300986342,1,card,low,5.957544295818947,8.512650095608734,20.01006414365563
2024-02-02 02:05:00,40.66531039584387,-73.96105985083062,40.695704767051325,-73.89868650153089,2,card,medium,6.251906680662383,16.0589474256035,27.876041124339935
2024-02-02 02:14:00,40.69796640862496,-73.97395154661622,40.69103340000473,-73.91952664041908,3,card,low,4.65274706219039,5.8531003110982684,17.265419272465536
2024-02-02 02:23:00,40.796990291116984,-74.17033392854351,40.77159780533103,-74.17163404179797,1,card,medium,2.825636593806534,5.949680978313765,13.702067860486618
2024-02-02 02:31:00,40.69730951552649,-74.2065529180951,40.66016809970241,-74.2470081015337,1,card,medium,5.356736898563094,11.33527612031896,22.82884004364159
2024-02-02 02:40:00,40.714660041226445,-74.14661224693151,40.70730592301401,-74.10503723719157,2,cash,high,3.598372742290494,24.08574793073042,23.00392896363457
2024-02-02 02:49:00,40.59361062935175,-74.08215851766279,40.58,-74.12601439137647,4,mobile_wallet,low,4.0006652485811625,4.01606958335637,9.63530176139696
2024-02-02 02:57:00,40.89210045055178,-74.25283261916076,40.92,-74.26,1,cash,medium,3.1602229684189873,7.278926586888098,11.909282879321834
2024-02-02 03:06:00,40.71834122637105,-73.90684753151957,,,1,cash,low,6.785534422617609,11.484708770615681,19.042304955238944
2024-02-02 03:15:00,40.69156879545183,-74.13365900777389,40.68270139799181,-74.07882696129275,1,card,medium,4.727246416817505,13.291868888912223,22.153188322271237
2024-02-02 03:23:00,40.60940462672343,-74.08078373736033,40.58,-74.09901256991105,1,card,low,3.6137931119059035,4.625338603782637,11.476388140423749
2024-02-02 03:32:00,40.795622293234366,-74.08920013780221,40.80896726199278,-74.07099684183164,1,cash,medium,2.1329670574128197,4.345942788753373,10.757557665432396
2024-02-02 03:41:00,40.87370048308968,-73.99896680155196,40.87359321615061,-74.01767212308016,1,card,medium,1.5727989139347545,4.615604846402131,8.217411753697768
2024-02-02 03:50:00,40.593992088017814,-73.82150214173176,40.58,-73.7890124410409,1,card,high,3.15399862678501,21.144992558766784,22.989900906079967
2024-02-02 03:58:00,40.62939263890445,-74.18381112371218,40.587417391933094,-74.13453478782363,1,mobile_wallet,medium,6.2520672115046665,15.458794412459984,22.596684522797673
2024-02-02 04:07:00,40.62977254182131,-74.08622917225206,40.62988332442276,-74.09805810690375,1,card,low,0.9983131042263034,1.0,7.665299369997511
2024-02-02 04:16:00,40.78477345081825,-73.90706530805679,40.76027271076761,-73.9533074501543,1,card,high,4.752403649090439,23.048057550488505,27.196761615157538
2024-02-02 04:24:00,40.893218370924245,-74.23744197922699,40.88705931590275,-74.26,2,card,low,2.016102858924036,4.899093795471821,11.376296272669144
2024-02-02 04:33:00,40.728841244802275,-73.83671089606727,40.81692559488859,-73.79505491660656,1,cash,high,10.403720778763589,68.053015219845,55.074613565595065
2024-02-02 04:42:00,40.69689419238591,-73.76946917834631,40.70464216710108,-73.82061467047316,1,card,medium,4.396784255624287,8.960071333494195,15.912860168391814
2024-02-02 04:50:00,40.84038583310288,-73.95010502668319,40.86436485746171,-73.93336393582908,1,cash,low,3.015296215752321,3.9571093052318096,11.928968155256719
2024-02-02 04:59:00,40.832473480996924,-73.77218073077434,40.8115725660913,-73.75,1,card,high,2.9807476861103956,20.33941769084854,20.51086597371862
2024-02-02 05:08:00,40.66389708735425,-74.04933846698981,40.62859748941889,-74.07189705152459,1,cash,medium,4.362225210700216,8.658019891105518,20.10389846380734
2024-02-02 05:17:00,40.63468096318468,-74.04833381736589,40.63364786607949,-74.05581330562399,2,cash,high,0.6415178078535412,4.025488487039995,4.677116666772956
2024-02-02 05:25:00,40.70165541102122,-74.20581305619915,40.81433208123957,-74.16085610106134,1,card,medium,13.088774914025489,33.424644748100725,50.23012671129608
2024-02-02 05:34:00,40.84370515335706,-74.24192206315013,40.83077090708683,-74.26,1,cash,medium,2.0931874411556515,5.295000937473928,12.816920925907999
2024-02-02 05:43:00,40.8163215525711,-74.1353027977514,40.83258625372251,-74.17623981997792,1,card,medium,3.8904856616121535,9.774313563424009,15.388241242715003
2024-02-02 05:51:00,40.80639026016111,-74.01615438487842,40.76911232698203,-74.02670198983283,2,card,medium,4.239166863942721,10.82319360125077,17.883686185268385
2024-02-02 06:00:00,40.86200571045549,-74.00108198065993,40.73801846872741,-73.9435759108665,1,card,high,14.61181365763071,91.77496131577286,77.80831342530567
2024-02-02 06:09:00,40.67422430619607,-74.14903655531187,40.63868189625915,-74.0765536560547,1,card,low,7.2804301208323325,13.78906393990015,30.44680486688466
2024-02-02 06:17:00,40.69549246665963,-73.94746910592268,40.80262439539055,-73.95191434184251,1,mobile_wallet,medium,11.918410922016713,33.30554497566774,40.96702424795351
2024-02-02 06:26:00,40.59439541320712,-74.16758500383243,40.621187976469734,-74.19963047709444,2,cash,low,4.024136708786028,9.14416555649063,13.362513881785688
2024-02-02 06:35:00,40.8753735637732,-74.09363231846277,40.92,-74.04574716074639,2,cash,medium,6.389237258779169,14.493608070821628,24.425975655322457
2024-02-02 06:44:00,40.778026109873544,-74.16018814725345,40.76237860930161,-74.23530644842818,1,card,low,6.560766572539054,12.97500512685609,22.164492404825168
2024-02-02 06:52:00,40.68136157924045,-73.90470156400504,40.58,-73.89355907556838,1,cash,medium,11.31004835001131,28.050626696859545,40.84598001423282
2024-02-02 07:01:00,40.603601620692785,-73.99654802080663,40.58,-73.99852413248439,2,cash,medium,2.6296795358382674,6.874958304391619,12.657997401496052
2024-02-02 07:10:00,40.82595923107524,-73.88458843947296,40.84382534532222,-73.82636618651436,1,card,medium,5.2857596535210485,9.561140298174724,21.44458846394387
2024-02-02 07:18:00,40.834570756646684,-74.23080343350826,40.84526338038882,-74.16802759922453,1,cash,high,5.413104296194414,29.40289481878706,27.56799165848734
2024-02-02 07:27:00,40.806500741719105,-74.04306533908009,40.80603167087308,-74.08547912418771,2,cash,low,3.5701822950877755,6.08787972495284,11.867596267733754
2024-02-02 07:36:00,40.64928553012189,-73.76685112471948,40.62542432456225,-73.7593056131231,1,mobile_wallet,medium,2.728567895863689,8.365619300135515,12.642757512124588
2024-02-02 07:44:00,40.89049345989293,-74.23265404749976,40.92,-74.25833124290064,1,mobile_wallet,medium,3.927014158676168,12.20953114947404,14.113369365387683
2024-02-02 07:53:00,40.8360737264671,-74.04662686825506,40.81351312613705,-74.05982660057586,1,card,medium,2.743494097515548,8.179298963643491,15.654036783033346
2024-02-02 08:02:00,40.80363715001855,-74.23939690838364,40.81748890917587,-74.21161445852853,1,cash,medium,2.79990692474064,5.111367038160335,10.52574253510812
2024-02-02 08:11:00,40.80132093396341,-74.18520680630489,40.810110701389874,-74.20027704179903,1,mobile_wallet,low,1.6012926521779418,2.7689144728973933,5.983434448898369
2024-02-02 08:19:00,40.88748161803116,-74.02411150969775,40.87089900807986,-74.01538486415399,1,cash,medium,1.9845051864789827,2.598807570820547,9.081222543107366
2024-02-02 08:28:00,40.895624425253025,-74.17966816718113,40.855966102956245,-74.13659091974354,1,card,low,5.706496649040152,10.46297619091908,21.176760868256544
2024-02-02 08:37:00,40.78251672212348,-73.99543473326844,40.76328686822095,-73.92725245569763,1,card,low,6.126760298910274,12.710759085539877,22.708302857328214
2024-02-02 08:45:00,40.72166759972727,-73.78940684178727,40.80598057994867,-73.77641623527084,1,card,high,9.438797632232369,38.74634246595707,45.08586842756062
2024-02-02 08:54:00,,,40.75372970689718,-74.15249270200252,1,card,high,5.584318286620287,43.546676191239904,35.56660730393065
2024-02-02 09:03:00,40.858486805967445,-74.20533488004678,40.904404298875136,-74.25516293722346,1,mobile_wallet,medium,6.604352776364266,12.438454324020674,20.24111568117607
2024-02-02 09:11:00,40.799165815543674,-73.83910895338869,40.763774948738806,-73.76774802295371,1,mobile_wallet,low,7.18244230641463,11.973563082324942,18.9699244971297
2024-02-02 09:20:00,40.60627045028624,-74.02526237781899,40.58,-74.00295582976672,1,mobile_wallet,medium,3.4757051183241705,6.467831618766116,12.189736930174947
2024-02-02 09:29:00,40.62834324442511,-73.80986833958949,40.67768548413425,-73.80373820898758,1,card,medium,5.510924207446549,17.19464691053026,22.91561047591884
2024-02-02 09:38:00,40.88606320433565,-74.10387711972065,40.92,-74.1000499047218,1,cash,medium,3.7872830468107725,6.373990383671362,15.587000999488486
2024-02-02 09:46:00,40.88072937035553,-73.93995867735458,40.88690557430625,-73.92372927104459,6,card,high,1.5274626294974056,6.1048997817354635,13.139788020391343
2024-02-02 09:55:00,40.90362303255714,-73.78911008730616,40.88694873761589,-73.75437951526152,1,card,medium,3.4582463158326173,7.92239536625258,14.35709349066667
2024-02-02 10:04:00,40.72546932889163,-74.17243514228157,40.65959181945105,-74.1321353684257,2,card,medium,8.074864402856324,21.027967052600985,32.83647159847036
2024-02-02 10:12:00,40.84658070859784,-73.85162843475425,40.885613728594876,-73.77914234944295,1,mobile_wallet,low,7.482742885012132,8.581331100873303,19.112185278324134
2024-02-02 10:21:00,40.86159650928687,-73.93792645757898,40.91497258946033,-73.92700547469592,2,cash,medium,6.0057300289548525,15.838528789293502,24.131917758622397
2024-02-02 10:30:00,40.68733694798499,-73.84539716024021,40.65677778870288,-73.76645810537326,1,cash,medium,7.474465437058354,16.22289276908237,25.77815585249633
2024-02-02 10:38:00,40.62941482181723,-74.17294639407392,40.595097839783946,-74.1253488464972,3,card,medium,5.541074444395626,11.566067810715037,21.90590609056279
2024-02-02 10:47:00,40.91898896295732,-74.03861590012812,40.92,-74.04132181228074,5,card,medium,0.2536334585848506,3.0502761339580626,5.984568399797648
2024-02-02 10:56:00,40.590274529275455,-74.19429301347675,40.58,-74.26,1,card,low,5.6650816602231915,10.728055041592802,20.743352146976346
2024-02-02 11:05:00,40.78309421236189,-73.77035812492747,40.86315192171543,-73.7665078230341,3,cash,high,8.907904720835123,33.60320105273097,40.40503265210926
2024-02-02 11:13:00,40.80107217322178,-74.22802722129033,40.796164844117826,-74.15789572007027,1,cash,high,5.928537852957144,41.96770426081166,33.10093971403225
2024-02-02 11:22:00,40.81180837626968,-74.22660346702287,40.794413099460684,-74.26,2,card,medium,3.4121902335721304,8.267537337474685,14.753176953653627
2024-02-02 11:31:00,40.66691343294949,-73.80194034198733,40.6689432930041,-73.79822952285151,1,card,low,0.3858737283796236,1.0,6.46841179063092
2024-02-02 11:39:00,40.82533694306161,-74.10661130444979,40.80793851501522,-74.0991764535303,1,cash,low,2.0332728550281294,4.36939627898659,9.348497845505962
2024-02-02 11:48:00,40.653575851515626,-73.95551978324795,40.70425540890127,-73.91312408661555,2,card,low,6.673692959061856,9.005988741414088,21.805407852236993
2024-02-02 11:57:00,40.86187300695558,-74.11338748025727,40.90173446323647,-74.13083899990752,1,card,medium,4.668900570405242,10.497251255847099,18.307806218830375
2024-02-02 12:05:00,40.65449966918877,-73.92913322842996,40.70346445236256,-73.96825549711045,1,cash,low,6.366156381291155,11.791553315660888,20.62514548123288
2024-02-02 12:14:00,40.81688004988587,-74.16184062167228,40.8251834382171,-74.13619052486722,1,cash,high,2.347575023462809,16.802827013325942,15.453070404404702
2024-02-02 12:23:00,40.846360585183554,-74.02597657639376,40.82582463275968,-74.05942899225045,1,cash,medium,3.6241667338911965,11.554836076665985,16.73435464648428
2024-02-02 12:32:00,40.644241555157144,-73.987918990862,40.64383367482289,-74.0705167317084,2,card,medium,6.969040492057016,17.903799137766747,27.269313193806546
2024-02-02 12:40:00,40.66091540579509,-74.08984212595357,40.64175905017443,-74.00702538935431,2,cash,high,7.304104235015269,36.7082865068518,34.83006050424427
2024-02-02 12:49:00,40.84489527116968,-74.13163268825284,40.910892114262914,-74.08991630845665,3,card,medium,8.133573380736932,18.948113663903,30.92534464605149
2024-02-02 12:58:00,40.60923965035588,-74.18849459948768,40.65434196792682,-74.10374214914391,2,cash,medium,8.735148857397173,22.86325897274045,30.646989789998866
2024-02-02 13:06:00,40.64485872383867,-73.89986638848296,40.64074018583009,-73.86053581459727,1,card,high,3.349891353390659,20.12512242041183,19.47664837565838
2024-02-02 13:15:00,40.734880508104574,-74.17417581484285,40.69318913504987,-74.1435593933667,4,card,medium,5.3056536815721165,12.062563437846347,23.541488216445096
2024-02-02 13:24:00,40.896261855773226,-74.11101554049405,40.92,-74.09438643699013,1,card,medium,2.9866646080688337,8.97869189391945,15.146617094552665
2024-02-02 13:32:00,40.771038463863626,-74.08817653004557,40.77718924996312,-74.09654780271588,1,card,medium,0.98218051522377,2.1306639256209357,7.678085918116828
2024-02-02 13:41:00,40.711810468390794,-74.02827293354036,40.70595293268194,-74.00522813735464,3,card,medium,2.0487252741870225,4.60605681673358,15.236505492233732
2024-02-02 13:50:00,40.91264587555565,-73.90168996322947,40.92,-73.9265854250263,2,card,high,2.2460272745892107,9.910706039637972,15.959551422504342
2024-02-02 13:59:00,40.73766184411524,-74.04174798132661,40.71471414751323,-74.08986329408818,2,cash,medium,4.790663325047005,14.696504794689506,19.04904643707071
2024-02-02 14:07:00,40.727469891053744,-73.81574225306791,40.713118180493915,-73.83069241482936,1,card,low,2.033250558987544,3.44033866557649,8.317810153619238
2024-02-02 14:16:00,40.719959067741826,-73.9133093202237,40.70957491506492,-73.85519216711289,1,card,high,5.032485175898513,33.562982818382494,30.449128067665026
2024-02-02 14:25:00,40.68614122468631,-73.8323717747736,40.626895611962425,-73.88783007568524,1,cash,medium,8.079915196017987,18.972067155413708,28.507625570395
2024-02-02 14:33:00,40.69073623531078,-73.89465947972123,40.70494432675495,-73.94940272900723,2,cash,high,4.877971562999164,22.729002491475576,25.260240471382538
2024-02-02 14:42:00,40.81386460037603,-74.18419778208309,40.7795590868655,-74.15758886976101,1,card,low,4.423603930188642,7.939926537378549,16.00651182797984
2024-02-02 14:51:00,40.59388410309624,-73.76125707604932,40.58,-73.77993561774898,1,card,medium,2.207095503437233,6.618504261981302,13.745139856221472
2024-02-02 14:59:00,40.81181768671975,-73.85884100445813,40.78011809014667,-73.83699372742595,1,card,high,3.9757626773209895,18.074275647475986,23.781240899196156
2024-02-02 15:08:00,40.648409529362795,-73.96791189799666,40.62199137021412,-73.92336831356208,1,card,medium,4.7704460170349074,9.086864101128462,20.189403413941182
2024-02-02 15:17:00,40.71063072108953,-74.17573222022357,40.67287957020882,-74.15496325843196,1,card,low,4.548316496509367,7.3135071889704735,15.175188646935252
2024-02-02 15:26:00,40.62982325067051,-74.17193286922473,40.64094788866341,-74.20038392026527,1,cash,medium,2.7007157062080394,4.444772175776686,12.795506536128672
2024-02-02 15:34:00,40.76793535498464,-73.94669110082133,40.76093366582278,-73.88895907943754,1,card,low,4.924076972175861,8.130314346806138,19.51985928014763
2024-02-02 15:43:00,40.82797915128373,-74.04773946216898,40.83013951750309,-74.01434394145181,1,card,medium,2.8200539512510794,3.817166682572339,12.204515257584672
2024-02-02 15:52:00,40.700582895859164,-73.91531165473728,40.80650335929997,-73.91410440129874,2,cash,low,11.77825715487101,16.727434388621404,37.80670955044555
2024-02-02 16:00:00,40.63556163636369,-74.07006186030115,40.628561383214226,-74.07103308692658,1,card,low,0.7826955311754593,2.1501491972994713,7.219657639566456
2024-02-02 16:09:00,40.6570118978566,-73.99844896255713,40.68423454085723,-73.98161929828066,2,mobile_wallet,low,3.343274165331765,3.8951371475939665,9.359859817536446
2024-02-02 16:18:00,40.8581583922987,-74.16414140063839,40.890502124268814,-74.17818066715,1,card,medium,3.785221382232218,11.021671033726053,16.952834622861932
2024-02-02 16:26:00,40.67100056992035,-74.18084741641016,40.66817202182396,-74.25425162767256,1,card,medium,6.198834351682481,16.69433696481914,25.590917264698255
2024-02-02 16:35:00,40.84339888162382,-74.22142117051378,40.855719842543344,-74.187664071932,1,card,low,3.152597849791345,5.504845566258219,11.925443329105308
2024-02-02 16:44:00,40.692607798314114,-73.84198395450174,40.69353921687593,-73.81090051860754,1,card,medium,2.6226733502920228,5.194519305961131,16.350315563656494
2024-02-02 16:53:00,40.64416906847661,-73.97675301169437,40.65328419628362,-74.08030098015072,1,card,medium,8.794481362610862,26.76429819703887,38.1278170986759
2024-02-02 17:01:00,40.82728491027333,-73.7769580696476,40.80089165475266,-73.75397764322803,1,mobile_wallet,high,3.5147073083054314,16.170138222099098,18.269663205128186
2024-02-02 17:10:00,40.73930531002157,-73.87776199650675,40.71706580109048,-73.79872023725672,1,card,high,7.104715978375375,48.2759247665621,38.85060241575111
2024-02-02 17:19:00,40.59063426543343,-73.86793078827276,40.59139576683117,-73.91867451416557,2,card,high,4.2855588116528205,22.459112637864497,24.643030052277307
2024-02-02 17:27:00,40.906380422577094,-74.00038019855953,40.8176447586038,-74.0036783066496,1,cash,high,9.87085303950802,56.035149806904805,51.09596972193121
2024-02-02 17:36:00,40.63023617132451,-73.84411849237192,40.69755944686395,-73.85230769650795,1,card,medium,7.517805749123437,21.162473116257736,29.439135803100772
2024-02-02 17:45:00,40.70015837199405,-73.77954764288995,40.79739698280401,-73.75,2,card,low,11.095237134810725,15.055327939233196,35.3103512991032
2024-02-02 17:53:00,40.71083017589854,-73.89191247130893,40.71849593759516,-73.84146985432186,1,mobile_wallet,high,4.336020398414676,23.625675611117725,18.223794704562287
2024-02-02 18:02:00,40.746406165747864,-74.20614964014763,40.77635227872416,-74.24567836674069,1,card,high,4.708682251539113,19.95777156730903,26.58291216985897
2024-02-02 18:11:00,40.84705096759362,-73.9279798717807,40.89569856274589,-73.91258453822957,1,card,low,5.562099298239656,9.895806210412275,18.109919083563586
2024-02-02 18:20:00,40.58207069508954,-74.19857906175704,40.58,-74.09495881580456,1,mobile_wallet,low,8.753868202722872,14.249785612642736,24.971925719186572
2024-02-02 18:28:00,40.89704049745427,-74.22061656456648,40.92,-74.24872842002783,1,card,medium,3.478320141742574,10.756422421296397,17.669765140562404
2024-02-02 18:37:00,40.79963641646903,-73.90662079339087,40.780446625719485,-73.90712271365554,4,cash,low,2.134225713369309,4.065666757500991,9.272938237775856
2024-02-02 18:46:00,40.90322061891064,-73.83425942971874,40.92,-73.8111516010618,1,card,high,2.692906749645594,13.57279195982194,20.43391021909322
2024-02-02 18:54:00,40.857912442721606,-74.17899083972803,40.849440762071666,-74.2064432944654,1,card,low,2.4936841482583767,1.0,9.02668774504916
2024-02-02 19:03:00,40.8954649941483,-74.22218420993732,40.92,-74.14284007111264,3,card,low,7.204393865196774,11.06030276726923,24.398323333707914
2024-02-02 19:12:00,40.78434018731813,-73.80787332396206,40.77631160545192,-73.82914339747481,1,cash,low,2.0010915463981296,3.3527821290806794,7.115349211099927
2024-02-02 19:20:00,40.70148505417824,-74.19257323813466,40.80033622821311,-74.25507981894525,4,card,medium,12.187785049353831,25.016868144436927,42.5083983419053
2024-02-02 19:29:00,40.73059078145862,-74.2421060921907,40.707535021691875,-74.26,2,card,medium,2.9743316511838587,9.540191502132835,16.135836178028466
2024-02-02 19:38:00,40.8037309855306,-73.8922622719291,40.856159980960335,-73.86287636805072,1,card,medium,6.332443430985297,16.79669773136159,25.12313835578427
2024-02-02 19:47:00,40.72515683232056,-73.82766506741137,40.7533573370309,-73.86358290307031,1,card,low,4.357787032844225,6.294266245387855,18.005156972269138
2024-02-02 19:55:00,40.82876874637905,-73.99761859585325,40.84696269465393,-73.98401962335423,1,card,high,2.3241404224294673,17.153830373929853,-16.787498068929263
2024-02-02 20:04:00,40.61122832546721,-73.98463812551218,40.621533658514224,-73.9593233557058,1,mobile_wallet,medium,2.4246031095492717,10.459069869911868,8.719173302584284
2024-02-02 20:13:00,40.86219546065486,-74.08820113850904,40.8321798973585,-74.14260317040262,1,cash,low,5.663834593564987,9.268683827961627,18.1673667658163
2024-02-02 20:21:00,40.64942413747828,-74.13838376857822,40.58,-74.16375036836996,1,card,low,8.011052431824284,11.974374895300995,26.77511829790529
2024-02-02 20:30:00,40.90094218723841,-73.87483164421045,40.92,-73.85912795553124,1,card,medium,2.496431591794816,8.495862966179379,15.641642269486972
2024-02-02 20:39:00,40.63288557197867,-73.82686495185827,40.610887812013175,-73.7952564046581,1,card,medium,3.619387954929576,10.438391196114846,18.425836952939342
2024-02-02 20:47:00,40.62391582667481,-74.09616517333575,40.6765478331405,-74.1204104542253,4,card,medium,6.1995540436799175,21.108334741425494,24.06276687440721
2024-02-02 20:56:00,40.85603787759972,-74.12035221571342,40.87186427715592,-74.11352246175227,9,card,low,1.85116423904398,2.651449615470992,12.660477938550727
2024-02-02 21:05:00,40.85835862141903,-74.12342622303203,40.912370176564934,-74.13620335427059,1,mobile_wallet,high,6.101105964964072,58.80561642209066,36.47684377338977
2024-02-02 21:14:00,40.831178202759624,-74.23419633680861,40.86726336616455,-74.20144307912258,1,card,medium,4.8672043471890625,11.784366381606473,20.048695251170564
2024-02-02 21:22:00,40.9065803577276,-74.11665173733141,40.79566907460603,-74.09327812626896,1,card,low,12.488481062158913,17.52327373974514,38.889089484825
2024-02-02 21:31:00,40.67198347375304,-74.24691803234582,40.6996537764842,-74.26,1,cash,medium,3.268548431115833,11.434730303903912,11.733052473020015
2024-02-02 21:40:00,40.8610605712567,-73.85791211254113,40.845595174404046,-73.8363821392373,1,card,medium,2.497258692150869,7.359057832958957,13.936518853068005
2024-02-02 21:48:00,40.699693780214766,-74.12947731719422,40.75211928364183,-74.14804424392489,1,cash,high,6.035764003146164,26.47055578845945,30.506383338822328
2024-02-02 21:57:00,40.762715532693576,-73.90802085343081,40.78931986997473,-73.88743956548477,1,cash,medium,3.428521075942305,5.770792116004807,14.07793078992511
2024-02-02 22:06:00,40.731504010098455,-73.98297392337432,40.75863761680691,-73.9617656688338,1,card,low,3.5064461042014554,7.050562195140493,16.581890117720818
2024-02-02 22:14:00,40.581989007709026,-73.83289354871162,40.58,-73.75,1,cash,high,7.003945278798993,51.78202941127442,41.05830614658646
2024-02-02 22:23:00,40.775317145803314,-73.77020684894592,40.73424986715846,-73.7853386498406,1,card,medium,4.741013450591885,11.471275203727732,20.65585629676301
2024-02-02 22:32:00,40.83415200183975,-74.07268127679413,40.81467208868607,-74.07903835870748,3,card,medium,2.2311367061853016,5.890470435174618,12.816696609323394
2024-02-02 22:41:00,40.63934781041559,-74.21494618185629,40.58,-74.24407160387393,1,cash,low,7.042295402673315,12.947862224028128,23.91851614778741
2024-02-02 22:49:00,40.89676299304364,-73.87768066016318,40.87019752498904,-73.92415772656369,1,cash,medium,4.898192564213954,14.683430157648115,18.911004716198065
2024-02-02 22:58:00,40.76033584340229,-74.24913581363842,40.694448683923014,-74.26,4,card,high,7.383294651714713,49.670295171619216,41.28809379632376
2024-02-02 23:07:00,40.64060364107137,-74.14628869941203,40.58,-74.11635916812708,1,card,high,7.196855715817471,33.924504721524215,36.148749892590686
2024-02-02 23:15:00,40.79962217411174,-74.2328421590787,40.80486372223692,-74.19965639016799,1,cash,high,2.8534426667610933,19.953776496598394,16.447549352362355
2024-02-02 23:24:00,40.64525372089522,-73.8019443304739,40.6692859231729,-73.78863873746297,1,cash,high,2.8984007732140245,27.75617103486498,23.691947471485808
2024-02-02 23:33:00,40.601601338420416,-74.2572984883322,40.60017063181253,-74.26,1,card,medium,0.27807960368381424,2.3903442565230506,5.840098284397343
2024-02-02 23:41:00,40.813007182422545,-74.00870149584223,40.79056161004232,-74.03090337020912,1,card,medium,3.117930311791535,8.552895785855874,14.570829183550886
2024-02-02 23:50:00,40.61763626032387,-74.04376044514892,40.58,-74.08501781811971,1,cash,low,5.444933060460373,8.599042324759996,19.148181526038815
2024-02-02 23:59:00,40.61611393244799,-73.92710022108045,40.60184024779158,-73.95216016312379,4,cash,high,2.644660424024502,19.224111539646255,19.35728713221982
2024-02-03 00:08:00,40.831580811481814,-74.11223051482969,40.79458077462657,-74.17051127749065,1,card,medium,6.401830191949348,17.575313009249715,27.837310823415866
2024-02-03 00:16:00,40.59876875929074,-73.81441534576058,40.595941375895286,-73.75331172172618,1,card,medium,5.168577470820633,11.41173967054534,23.282387810758454
2024-02-03 00:25:00,40.8553215208763,-73.8854836717935,40.78685259104275,-73.802811854909,4,card,medium,10.313010437107966,29.476731357879785,40.87155663104188
2024-02-03 00:34:00,40.85069057794026,-74.03952984274396,40.88224986895952,-74.12664366665146,1,cash,low,8.122547791519848,11.906913640279468,24.341640655965815
2024-02-03 00:42:00,40.62807376554644,-74.0774066127486,40.60255736505303,-74.06438974904533,4,cash,high,3.042603193993706,21.073969340566553,19.63822005036254
2024-02-03 00:51:00,40.75624942007417,-73.84389699377623,40.77318098058687,-73.8316258557852,4,cash,high,2.1476992360242764,10.726165619306826,13.036558979561939
2024-02-03 01:00:00,40.61285266692944,-73.87389924774676,40.652777656732844,-73.86450285221521,4,card,medium,4.5097113018255115,10.698724505165597,18.086965454597212
2024-02-03 01:08:00,40.79507421472724,-74.05650997040775,40.809828404414134,-74.08318346486233,1,card,low,2.7806756037999185,4.450189120631627,13.211799918747445
2024-02-03 01:17:00,40.60139620440999,-74.08590035006884,40.6373569099419,-74.03988722192483,1,cash,high,5.574205073570276,27.060475152324283,29.618385817168296
2024-02-03 01:26:00,40.90112349114973,-74.24016712527211,40.8081247243213,-74.22169564670108,2,mobile_wallet,medium,10.457034725171777,27.89710872570427,36.770551327413436
2024-02-03 01:35:00,40.65062845002566,-74.21832930482553,40.628449900158984,-74.17179382589715,1,cash,medium,4.636756052913241,11.49308868367729,19.493754851165882
2024-02-03 01:43:00,40.81218418302254,-74.23250158766734,40.86182263302805,-74.26,1,cash,high,5.984730646525429,39.67755261592545,33.76529159069923
2024-02-03 01:52:00,40.623619084288215,-74.24754810196251,40.64653441351245,-74.26,1,mobile_wallet,medium,2.7562070800237235,7.328732034275927,11.654524256298814
2024-02-03 02:01:00,40.651262792431105,-74.18203508510821,40.73444363938092,-74.16246433627703,1,card,medium,9.39530976489028,32.98237841719145,40.15520084318103
2024-02-03 02:09:00,40.73332288062035,-73.8228576729829,40.81002000221886,-73.86619014064473,3,card,medium,9.276195024996628,24.726141410895266,35.15930241231827
2024-02-03 02:18:00,40.774852688056114,-73.85293875151451,40.788334334106395,-73.80548176925198,5,card,medium,4.267705013941067,10.94966494714055,19.453274286707025
2024-02-03 02:27:00,40.919613501733174,-73.82875733760763,40.90827446388336,-73.92445529675459,1,card,low,8.139682652790835,12.430429934123373,27.066411505274647
2024-02-03 02:35:00,40.58881491755092,-73.94186181567301,40.58,-73.9629461109436,1,cash,low,2.032468091212911,1.6928314649116518,8.4196871984932
2024-02-03 02:44:00,40.580106902678985,-73.94172781836726,40.58,-73.96944430151164,1,card,medium,2.3407510359747596,6.3084456215457685,13.175169393943253
2024-02-03 02:53:00,40.69912481220308,-74.19679480925797,40.68075370132106,-74.21175175814041,1,card,low,2.4006724832746893,6.801930364853955,12.569231706725976
2024-02-03 03:02:00,40.704493165052824,-73.90352766964239,40.67779695139565,-73.89177821140404,1,card,high,3.1294121774298884,21.539848351345523,20.142709679789963
2024-02-03 03:10:00,40.88050466027354,-74.11718653045607,40.83917946162519,-74.099355922336,2,card,medium,4.8336306631623716,17.524776484542432,22.351402141987627
2024-02-03 03:19:00,40.890278066217085,-73.99518080180904,40.90834901265558,-73.96639260970488,1,card,medium,3.145168689283022,6.5265056499917815,15.172571932584976
2024-02-03 03:28:00,40.87937849196217,-73.77309147206157,40.92,-73.75,2,card,low,4.9162039837857066,7.778907898841806,20.14289246972422
2024-02-03 03:36:00,40.62868077516526,-73.81598614889761,40.67067732973562,-73.82370480092784,1,card,medium,4.714986914976262,11.583341385040931,20.778981780347824
2024-02-03 03:45:00,40.72011564396156,-74.14107131127915,40.7056067413394,-74.04617961500236,1,card,medium,8.1589853649481,19.03855852898674,31.46975001955451
2024-02-03 03:54:00,40.83360095518031,-73.88430818599285,40.87923225332234,-73.82188912096478,2,cash,high,7.300917750855916,21.203903470229907,28.111324331867376
2024-02-03 04:02:00,40.68628776304664,-74.2069137175208,40.701887052054396,-74.22095318722556,1,cash,low,2.0999316923345064,4.113081791047032,13.415882251230311
2024-02-03 04:11:00,40.805500929693586,-74.24636133227055,40.80366923390143,-74.25252064841695,1,card,medium,0.5569931632916362,1.0,5.135673760335768
2024-02-03 04:20:00,40.66062857348497,-74.24563111986126,40.655988050830835,-74.26,1,mobile_wallet,high,1.3173301223266478,5.213982571179481,5.154342473596828
2024-02-03 04:29:00,40.68996254770667,-74.17317429304882,40.6809652414972,-74.1568258554251,1,card,medium,1.7032708334792146,6.084244347538138,13.332767259634613
2024-02-03 04:37:00,40.872546080778484,-73.90557631493216,40.90184405630166,-73.94931351728859,1,cash,high,4.912357711442188,20.399115514746622,22.221023754145165
2024-02-03 04:46:00,40.66517307227026,-74.07471399433642,40.67145822597269,-74.110243180078,2,cash,high,3.076978352198856,15.80285485450049,17.39781035975982
2024-02-03 04:55:00,40.90787018954086,-74.25186935612699,40.87509116364989,-74.26,1,cash,medium,3.7083839127451164,9.267683794205142,14.477840736544657
2024-02-03 05:03:00,40.68412825071853,-73.75610845799781,40.64916990580901,-73.7740481637926,1,card,medium,4.1712925294922725,12.390514552293482,18.536285678764663
2024-02-03 05:12:00,40.58799955733991,-73.98797701435169,40.601765236497585,-73.94006285107285,1,card,medium,4.3254539907746965,7.2813828012145665,17.561471306079998
2024-02-03 05:21:00,40.66666630729287,-74.05912109029323,40.685955611998615,-74.06596563619996,2,cash,low,2.2211810238694114,6.7116356429736115,9.619388812808696
2024-02-03 05:29:00,40.63820968036276,-73.9953865535251,40.62411871136851,-73.99971384089167,1,cash,low,1.6088350105947231,1.3418806186038683,7.462400953198655
2024-02-03 05:38:00,40.752321168513966,-73.99481483597214,40.70138091549038,-73.98229767449864,3,cash,medium,5.761668928028445,14.222254129112164,26.241146410629476
2024-02-03 05:47:00,40.61832346255147,-74.02017934568258,40.6746168928203,-74.06528003015836,1,card,high,7.325330180926531,50.77343782312953,42.72656653229396
2024-02-03 05:56:00,40.79285661826344,-73.94739605872287,40.83959382569216,-73.94625817915389,2,mobile_wallet,medium,5.1978224592653275,12.91401837475488,22.068399931081263
2024-02-03 06:04:00,40.87746568398921,-73.80833042386716,40.7880337414454,-73.76826559656972,2,mobile_wallet,medium,10.500125036596696,30.23948489585669,36.77739214896096
2024-02-03 06:13:00,40.70325641981327,-74.1061260170407,40.763537651362384,-74.09233067454315,2,cash,high,6.803005242269793,34.863127246958385,32.58551396544817
2024-02-03 06:22:00,40.63728752456384,-74.01164600234856,40.62788361368385,-73.96762858944177,2,mobile_wallet,medium,3.8588297352304055,8.338288645820192,11.45107740331513
2024-02-03 06:30:00,40.7160084985667,-74.25814156193965,40.72455791716792,-74.20125562615756,1,card,low,4.887410406827422,8.365851422549753,15.46078377887806
2024-02-03 06:39:00,40.84722871929321,-73.82149471652772,40.898448756995585,-73.79167817725403,1,card,low,6.222767216586154,10.80959397787795,23.604378789762528
2024-02-03 06:48:00,40.78110580918706,-74.10398901665431,40.85547005458537,-74.13609053274241,1,cash,high,8.698996505039718,37.84005453772825,43.00128448230058
2024-02-03 06:56:00,40.614388692531385,-74.12163858185254,40.65951763035844,-74.13712467321545,1,cash,medium,5.185454854207777,15.693165363223326,22.291935600890415
2024-02-03 07:05:00,40.76264363247119,-73.75125604370237,40.773490004923964,-73.75,1,card,medium,1.2106912686097804,3.0419380461566132,7.750601097115959
2024-02-03 07:14:00,40.7391490296949,-73.96195960123995,40.67724519881126,-73.94782201814017,1,card,medium,6.985781336360354,14.254349973604208,28.191623190693473
2024-02-03 07:23:00,40.6912181670472,-74.1972479444681,40.600037734967884,-74.18910489792835,1,cash,medium,10.162051824174897,24.510768813968127,37.82005109121578
2024-02-03 07:31:00,40.61745460265813,-74.12458226535428,40.65697175491423,-74.16328043567111,5,card,medium,5.474552034172244,13.749261024493808,21.93353702630857
2024-02-03 07:40:00,40.91357805811089,-74.07985443998419,40.92,-74.08397019198688,2,cash,medium,0.7934220242450316,2.751653518880266,4.78917961521635
2024-02-03 07:49:00,40.63985472876371,-73.75710937558597,40.60319571002599,-73.75,1,mobile_wallet,low,4.120222481704605,8.026999907684568,10.424513045737072
2024-02-03 07:57:00,40.64553258286885,-74.04038294426343,40.63339248445561,-74.03971488729108,1,card,low,1.3510937428260614,2.1115636897181593,11.273894465372464
2024-02-03 08:06:00,40.62949811531476,-74.14263166597067,40.604421150337416,-74.16600368653894,1,cash,medium,3.415701806305308,8.998635913302845,13.641465460943497
2024-02-03 08:15:00,40.77386563315764,-73.96943720661946,40.747590129850636,-73.98236958395209,1,card,low,3.118129757369373,6.2210005977806375,17.263409916755144
2024-02-03 08:23:00,40.73084765532412,-74.05357257439093,40.77922090859926,-73.9999404350802,1,card,high,7.024232408347906,50.725057830638875,42.71784281317102
2024-02-03 08:32:00,40.664849441889025,-74.23197020204765,40.674676232862936,-74.20192006547775,1,mobile_wallet,low,2.7599161648944404,1.375309510674513,6.796987353647316
2024-02-03 08:41:00,40.726003950227316,-73.82093099764829,40.71569092621451,-73.7968991874395,1,card,medium,2.327389878187026,3.020313148679671,12.538245659342982
2024-02-03 08:50:00,40.808997429360986,-74.25199936108552,40.92,-74.23215966483284,1,card,medium,12.455166521623882,31.213145455889055,45.034566403403794
2024-02-03 08:58:00,40.675778180709536,-73.8017733457698,40.6112292402542,-73.85500969393539,1,mobile_wallet,medium,8.467098985348171,28.035617720788892,32.76134967217387
2024-02-03 09:07:00,40.89118356385033,-73.85615206116309,40.91583956251765,-73.84389635225936,1,card,low,2.9287189244816814,6.108753736383296,13.356235602909798
2024-02-03 09:16:00,40.68415772064042,-74.22133016282737,40.63695369780767,-74.17326982635201,1,card,high,6.632092393871314,35.51496017437111,36.0088840510125
2024-02-03 09:24:00,40.64738087047977,-73.89095835031534,40.640296211240035,-73.90269981967026,1,card,medium,1.2656926792555117,2.79059970190246,8.32239320032322
2024-02-03 09:33:00,40.90455306793676,-73.86681974210894,40.91124179523758,-73.82283547930271,2,card,low,3.7703916598827427,6.59515973674611,13.685348372518792
2024-02-03 09:42:00,40.855590607440185,-73.95282339255137,40.893597414823766,-73.92828819021791,1,card,low,4.702768848955283,5.3744534555011025,18.20566538280493
2024-02-03 09:50:00,40.69666679244678,-73.96538789192039,40.68491360716453,-73.92814261400534,1,cash,high,3.4013321083218186,14.1371426416533,16.497185127107052
2024-02-03 09:59:00,40.86608682938892,-74.23465961661354,40.84957416498806,-74.23236747471847,6,card,medium,1.8462160492465798,4.199262350065903,8.79771371830719
2024-02-03 10:08:00,40.75639684471229,-74.22965685037039,40.743838015310686,-74.1897605001156,1,card,medium,3.6393469794267657,8.79535377669117,16.87995684681065
2024-02-03 10:17:00,40.69789584940876,-73.88908278858379,40.649297978525205,-73.95499346118773,1,cash,low,7.752325810661468,14.907459982372163,24.55746877293436
2024-02-03 10:25:00,40.86546794044333,-74.20616175875136,40.89392188153746,-74.20467020134356,2,card,medium,3.166417962431523,8.39676998822864,15.170544539700407
2024-02-03 10:34:00,40.83573612273391,-74.1366595086397,40.8483961694191,-74.1045738398912,2,card,medium,3.044121384421877,9.209363167945963,16.1234733676256
2024-02-03 10:43:00,40.681277446498655,-74.00559333715009,40.70086003670783,-73.99225985846903,1,mobile_wallet,low,2.4505514823213392,2.1866614978449803,7.871211879765265
2024-02-03 10:51:00,40.78627069518771,-74.17627652645754,40.78314126007372,-74.12697346193735,1,cash,high,4.165552547628809,23.44339927366736,23.925479182145686
2024-02-03 11:00:00,40.70559267599673,-73.8571818241195,40.69691316780168,-73.86425127125332,2,card,high,1.134286323793703,8.096741083782947,9.128228628338904
2024-02-03 11:09:00,40.58035767067053,-73.84823720787267,40.63325968589092,-73.8728726951579,1,card,medium,6.23924392407542,20.243188436023857,28.548247227250044
2024-02-03 11:17:00,40.907017352076096,-73.83050696225695,40.92,-73.90426533721926,1,cash,low,6.363809326887297,11.665906353225495,20.803401207483383
2024-02-03 11:26:00,40.76687388586476,-74.2347202584049,40.83053991224306,-74.24700375092169,2,cash,medium,7.154448836014301,19.21478099013388,25.328624330106887
2024-02-03 11:35:00,40.78346708456637,-74.04178468777086,40.80023383038368,-74.01852531516396,2,card,high,2.703693675728618,30.673521532471668,21.100209282073525
2024-02-03 11:44:00,40.78396308473028,-73.82807198691569,40.84483296898978,-73.79382660379697,1,card,medium,7.356435953663279,17.02398783393467,28.138436108199986
2024-02-03 11:52:00,40.7672180966786,-74.07475811094359,40.74849437789118,-74.13772146211811,1,card,low,5.697281528018979,10.274267424062405,19.59905433273128
2024-02-03 12:01:00,40.67861626722302,-73.90513160705525,40.66957793684666,-73.85224197637055,1,mobile_wallet,medium,4.572189885760623,12.753477864858501,14.452371324347741
2024-02-03 12:10:00,40.91033588246874,-73.95948458886309,40.92,-74.00333352581393,3,cash,medium,3.838036478361647,8.932629781409556,15.804759199431452
2024-02-03 12:18:00,40.7913672602552,-74.08292360547934,40.82932122947691,-74.08837527183759,2,card,low,4.245156164001337,6.191946899166737,18.33941886384121
2024-02-03 12:27:00,40.80811326258835,-74.11903353716389,40.79504299427718,-74.14463027433848,2,card,high,2.5988869125549594,20.813313991299868,19.443309083131
2024-02-03 12:36:00,40.7346295374878,-73.92710102302931,40.68754791686691,-73.90832477825685,1,mobile_wallet,low,5.46921301211565,7.837744949364453,14.951245296958701
2024-02-03 12:44:00,40.677872876166866,-74.19185169012853,40.6686944868522,-74.18761832783915,4,card,medium,1.0812339233750239,1.0,7.00424646165736
2024-02-03 12:53:00,40.60187865393947,-73.82133751526524,40.58,-73.7908289302736,1,cash,medium,3.5432737637473752,9.035619153862163,13.245213077223811
2024-02-03 13:02:00,40.699078266833084,-73.96601384504885,40.77668092354507,-73.88304263739525,1,cash,medium,11.105304779176114,24.789705093907916,37.85050958294457
2024-02-03 13:11:00,40.639873125951254,-74.20313321238582,40.67407495490964,-74.18522985110052,2,mobile_wallet,low,4.091963530525016,6.084773463198646,13.340385677057839
2024-02-03 13:19:00,40.80511001120738,-73.90120090095138,40.77064349522498,-73.92715148468992,1,card,medium,4.411491907760352,10.03946055411912,18.693466422492335
2024-02-03 13:28:00,40.878861320832925,-74.04013259955997,40.831836727603,-74.01938449331996,1,cash,medium,5.512382390796438,14.863619676780987,21.382471220351785
2024-02-03 13:37:00,40.68293665180352,-74.15591847816478,40.64791255448322,-74.0683872120616,1,card,high,8.347005586043009,35.3930260309963,39.425789221183756
2024-02-03 13:45:00,40.69318009264077,-73.76985466060832,40.66803295690979,-73.75,3,mobile_wallet,low,3.259146065472428,6.329850222430914,9.305615910773332
2024-02-03 13:54:00,40.807923931301865,-73.89297962964264,40.80042241358099,-73.85042341723494,1,card,low,3.677743107478347,7.684153717736985,14.255029412198864
2024-02-03 14:03:00,40.63075228764202,-73.95757325210272,40.68090687973166,-74.02928419234814,1,card,high,8.22776404881631,118.93296697835052,71.98341292849061
2024-02-03 14:11:00,40.896008725070416,-73.82707773765972,40.85251546495953,-73.80966820070664,1,card,medium,5.052900117203919,15.395172908742712,22.524685826938924
2024-02-03 14:20:00,40.70370790554866,-73.9826264071601,40.80673708156676,-73.99468720590676,2,cash,medium,11.501275513921355,26.446471160439916,43.799735198417295
2024-02-03 14:29:00,40.6144078116151,-74.03484998771022,40.58,-74.06545560650348,3,card,medium,4.616860732576606,10.935120965904776,19.6714811494968
2024-02-03 14:38:00,40.63939256167302,-74.16338210147104,,,1,card,low,6.6046956428956625,10.813492441810364,24.806453625665306
2024-02-03 14:46:00,40.89713366584254,-74.18177088318973,40.92,-74.17688235403135,2,cash,high,2.5755942677781554,10.733017004306596,15.56218567615971
2024-02-03 14:55:00,40.664020558045465,-74.03969564865037,40.72347706003813,-74.06779328424001,1,card,medium,7.022843564995295,14.263351392530328,26.092914625840695
2024-02-03 15:04:00,40.805171393302636,-74.02745296469597,40.79696569740361,-74.01897209548657,1,card,high,1.1585007167833303,7.355656461507768,10.999528894751146
2024-02-03 15:12:00,40.63309617600301,-73.88601062233234,40.650256130183614,-73.89381754173328,1,card,medium,2.018597722995399,4.191250340082919,13.014141537281853
2024-02-03 15:21:00,40.64599457539858,-74.0345366448812,40.664290185758176,-74.00292689552798,1,mobile_wallet,high,3.3539547991348106,12.664691328655675,15.231408997456713
2024-02-03 15:30:00,40.878940994425996,-73.95748880771164,40.88509305371946,-73.94724793987471,1,cash,medium,1.0996342290161065,1.0,6.658847892300901
2024-02-03 15:38:00,40.63033129483487,-73.83541555272112,40.58,-73.8184990015729,1,cash,low,5.775919308576091,8.120247747494268,18.94782967253688
2024-02-03 15:47:00,40.586375199490334,-73.75339930528962,40.58,-73.75,1,cash,medium,0.7648081644010436,4.200360246623546,7.7996987526030885
2024-02-03 15:56:00,40.750419284438934,-74.09551208927284,40.71240660623438,-74.07053907558009,3,cash,high,4.7216359377391255,21.364080825854774,19.724313497796302
2024-02-03 16:05:00,40.8733271165094,-73.80000322349854,40.92,-73.80027702116594,1,card,medium,5.189838879105483,13.784083234064326,22.07821390996722
2024-02-03 16:13:00,40.69083695544131,-73.84891405535467,40.77433056306401,-73.94282567810541,2,card,medium,12.198707572910683,32.101490822670236,45.280051677689805
2024-02-03 16:22:00,40.62357517201954,-74.22531658793703,40.61179250861739,-74.20219882821625,3,cash,low,2.350303356988843,4.135792525586971,10.84466783743468
2024-02-03 16:31:00,40.913958482052315,-74.08957894526452,40.87085009203875,-74.13061549386609,1,cash,medium,5.905535952625345,15.229485396286854,23.269308806471635
2024-02-03 16:39:00,40.8100911340264,-74.14828809048447,40.82260658891422,-74.15216879259599,2,card,medium,1.4294594511908552,3.0890045773817763,11.38413200122173
2024-02-03 16:48:00,40.869234814862374,-73.92116402106427,40.88898896865839,-73.90446690672758,1,cash,medium,2.6068179967084606,10.674557038676863,12.613531240545353
2024-02-03 16:57:00,40.83572701259183,-73.97679744052898,40.862759390960065,-73.91681113445838,1,card,medium,5.87304753932004,13.684460039003264,22.641398806598904
2024-02-03 17:05:00,40.81740237315633,-74.00762596317934,40.70368608242863,-73.92472143711407,2,card,low,14.44450704696565,23.92924048036137,44.352366385428994
2024-02-03 17:14:00,40.71075178282451,-73.87058248045814,40.852850811096644,-73.91203730336736,1,card,medium,16.18161102414835,42.06821093882044,58.813752620218764
2024-02-03 17:23:00,40.69027559768924,-74.0900125651359,40.7412369577512,-74.14922639457221,1,mobile_wallet,medium,7.550947169802368,25.575609882442674,25.63706248933237
2024-02-03 17:32:00,40.823765922604125,-74.06479632926784,40.81486205593584,-74.05013905665443,3,card,low,1.5816161512940927,2.6354939766177017,12.501526022218254
2024-02-03 17:40:00,40.82368242278026,-73.81852668640502,40.79135092942302,-73.80761743747331,2,card,medium,3.710494333237659,8.704918336107845,17.653302481344138
2024-02-03 17:49:00,40.90320005057669,-73.7641736602774,40.92,-73.81825807478398,1,card,high,4.913781217291717,23.966502356693905,25.42985427454125
2024-02-03 17:58:00,40.773344338068426,-73.86405775620841,40.79563709574498,-73.86480489129526,1,mobile_wallet,low,2.4796395648654324,4.13026062354103,8.158243918985475
2024-02-03 18:06:00,40.68017117596781,-74.14929380286362,40.68431781292936,-74.12240446030502,3,card,low,2.313801237240921,1.8292221503718866,10.741604588928174
2024-02-03 18:15:00,40.74643979177236,-74.20254766759645,40.7670648502862,-74.2579044950945,5,card,medium,5.196143677526502,12.241218599741888,21.649244503575865
2024-02-03 18:24:00,40.78866269768681,-74.15330537463944,40.7835903154967,-74.19806171728534,1,mobile_wallet,medium,3.8100866808264504,9.461257439081503,11.37613194485218
2024-02-03 18:32:00,40.72508813185615,-74.04439170383833,40.74317193381343,-74.07337890092963,2,cash,high,3.1636506969615117,22.286538504106442,17.26353832452853
2024-02-03 18:41:00,40.848985261942246,-74.13928451584871,40.88167159023516,-74.14883622705386,1,card,high,3.722248591641026,33.63273614214224,25.671780312889553
2024-02-03 18:50:00,40.77876849215338,-73.80046901448327,40.794217751487075,-73.76924029672337,1,card,medium,3.1406532380218355,8.746513271685558,16.940981006522197
2024-02-03 18:59:00,40.5832081473934,-73.9179313200986,40.59629963281789,-73.9326229504095,3,cash,low,1.9126098551155266,3.8962138864557407,7.331268534524117
2024-02-03 19:07:00,40.773745561998886,-74.04746808516066,40.83642426799339,-74.04497882798955,1,card,low,6.9727025580253885,10.877938402517254,25.380469521123725
2024-02-03 19:16:00,40.79542528722023,-74.1203560162406,,,1,card,medium,11.676548655267649,31.592236668164393,45.38287912734785
2024-02-03 19:25:00,40.891188825524985,-74.06586288737812,40.85528412298986,-74.10889685009866,1,card,medium,5.388118214209069,11.4002166073614,21.062524886122095
2024-02-03 19:33:00,40.720665369045825,-74.01721419636297,40.72186059991497,-74.04659889924153,1,mobile_wallet,low,2.4799237182597356,3.2440936522477246,11.627294768442734
2024-02-03 19:42:00,40.77531900415226,-73.89595060039038,40.74247496292044,-73.86543660104729,1,cash,high,4.465764691771322,18.06383294618462,21.953476692278702
2024-02-03 19:51:00,40.74149913324289,-74.21443580530328,40.72367766902191,-74.1699738617023,1,card,high,4.238161413719671,23.377413244142723,21.374384789740343
2024-02-03 19:59:00,40.76076318567942,-73.82709520070763,40.818711565909474,-73.80842916139356,1,card,medium,6.632417275090268,20.757299908075765,27.478714293937635
2024-02-03 20:08:00,40.60288338402746,-74.19494438412362,40.59617969019936,-74.11354084352918,1,card,medium,6.9130200553255365,17.12683367301183,26.958995593341402
2024-02-03 20:17:00,40.88507644696126,-74.12615045819406,40.80276195071413,-74.11186494112482,1,mobile_wallet,high,9.231499964638298,65.73332560818486,51.070224101659804
2024-02-03 20:26:00,40.88954019554276,-73.75326915315598,40.870489817722714,-73.84219381891393,1,cash,low,7.770425533663309,11.419930251487225,23.807799358442775
2024-02-03 20:34:00,40.76634026734649,-74.16299359663743,40.76895536018252,-74.15862879070231,3,card,high,0.4686924830760161,1.0,5.7538024535622965
2024-02-03 20:43:00,40.76922887534512,-74.20841748422897,40.77101490430566,-74.23411174731336,1,cash,medium,2.172857218097069,7.302014142652658,10.361393451759517
2024-02-03 20:52:00,40.59956905222094,-73.93441329602142,40.62459073708153,-73.87214176732292,1,card,medium,5.947388364808166,12.629283029859177,23.37852992922491
2024-02-03 21:00:00,40.78330317446072,-74.05950416927588,40.80465066032472,-74.01609608638621,2,card,low,4.3574668503568015,3.1633931464998533,13.46491754207847
2024-02-03 21:09:00,40.72591160855892,-74.21316392852306,40.71966443412525,-74.26,3,card,medium,4.00762455493622,11.880979670058677,19.81809177119355
2024-02-03 21:18:00,40.821074834279706,-74.25809136154199,40.76738804515866,-74.19732704868055,2,cash,low,7.861473966547075,13.574061365892337,24.743560404154145
2024-02-03 21:26:00,40.59602247164249,-74.21962759604546,40.58,-74.17735604644952,4,cash,low,3.9894268918051066,6.923365855674358,12.431058951274936
2024-02-03 21:35:00,40.821701812128026,-73.99340485482632,40.793676867080045,-74.00800565063587,1,card,medium,3.3497775313238045,9.731289211864642,17.596601609121446
2024-02-03 21:44:00,40.67754390010299,-74.14224459798322,40.664714228982106,-74.14577448322967,2,card,low,1.4573253295151625,1.277858785521806,6.84504311122285
2024-02-03 21:53:00,40.801579812354056,-73.86344841149733,40.83268239644066,-73.80080044464619,1,cash,low,6.305119422641184,11.962427959713471,21.546113506254873
2024-02-03 22:01:00,40.79322283160612,-73.82267059713341,40.81140745533649,-73.91138863334328,1,card,high,7.736412172868613,30.394191731796607,34.79795322118103
2024-02-03 22:10:00,40.65712610477496,-74.18613516096521,40.694206361893336,-74.16609225073842,1,card,low,4.456141071781927,8.16453525324527,17.516937552390225
2024-02-03 22:19:00,40.72975379737353,-74.08811986592542,40.712470053211405,-74.03891643234479,2,cash,medium,4.570294744694814,9.36642898265757,18.83567114395319
2024-02-03 22:27:00,40.864115308078134,-74.18524719601122,40.92,-74.18923928239326,1,cash,low,6.223147898145136,11.972744056579275,20.096205212585296
2024-02-03 22:36:00,40.78590115882222,-74.11378672117321,40.816178891889074,-74.08463077958183,2,card,medium,4.166250883240452,9.703910479912722,16.285272802745943
2024-02-03 22:45:00,40.60337102267266,-74.13800574643722,40.60842158335555,-74.13336379229212,1,card,high,0.6848026949995722,1.0330831896783979,5.235846338858367
2024-02-03 22:53:00,40.73058900264908,-73.85869890052203,40.75773959894609,-73.89398066765906,2,cash,medium,4.2366267648944245,10.683023604607172,16.880212033374537
2024-02-03 23:02:00,40.686002295984494,-74.08380536421284,40.655593077326095,-74.12021171499647,1,card,high,4.5673894213539485,27.48342454420936,29.4496422278618
2024-02-03 23:11:00,40.798159530829956,-74.00726195264048,40.70326559111174,-73.97522513560841,1,cash,medium,10.891358994168757,22.17830443254714,39.31268802581025
2024-02-03 23:20:00,40.78895174004039,-73.91631349620879,40.76165040343225,-73.94492029885801,1,cash,medium,3.8753624721633213,11.557378849245598,17.988419706958307
2024-02-03 23:28:00,40.583535354513444,-73.84064910893238,40.61717091758934,-73.90925525116019,1,cash,low,6.894767385096129,11.62302475131764,20.92814323648257
2024-02-03 23:37:00,40.78661647320228,-74.10638336393555,40.790226194988286,-74.10087542280809,3,card,high,0.6132957631328988,1.3919898517292202,-8.246077417944903
2024-02-03 23:46:00,40.82984888235488,-74.15329745947095,40.823691331084376,-74.17638612341453,1,cash,high,2.059808079967344,17.84064681604483,17.592926241053792
2024-02-03 23:54:00,40.84136821101654,-73.7609887793845,40.80321540783154,-73.8149486450203,1,mobile_wallet,low,6.214017345883929,11.404068366003504,18.21066746923336
2024-02-04 00:03:00,40.60005176193258,-74.09672475222978,40.58,-74.09349611774172,1,cash,low,2.246259604476645,5.072253031856315,9.905266435315893
2024-02-04 00:12:00,40.68324386181735,-73.91775526941775,40.747361914754016,-73.88322781611384,1,card,medium,7.7006128026815714,16.61234847842642,30.65793935352658
2024-02-04 00:20:00,40.72323301058752,-73.91430106925432,40.713877747206,-73.91339431636571,1,mobile_wallet,low,1.0430609501083377,1.0,2.5
2024-02-04 00:29:00,40.641122380650266,-73.99784498274424,40.621793171464894,-74.0458258212672,1,card,medium,4.584075390133936,9.000052027744017,19.667835313286666
2024-02-04 00:38:00,40.723049516196106,-74.14349180280288,40.692825434176974,-74.12181064249472,1,card,high,3.825514871866927,24.88460170448958,23.17497762553299
2024-02-04 00:47:00,40.6041840421807,-74.18785671531337,40.660637553673894,-74.14127467811993,2,card,high,7.406541667853099,56.618679726678124,43.73062064389112
2024-02-04 00:55:00,40.618493876222395,-74.01162176609364,40.65815466277947,-73.91203522874528,1,card,medium,9.489935875282708,24.34315728922248,35.9622848169052
2024-02-04 01:04:00,40.80735621936676,-73.9994259362772,40.76383044347727,-73.93454295491524,1,card,low,7.298259938741109,10.024116925266439,27.04950520966631
2024-02-04 01:13:00,40.669274636794455,-73.86558295404485,40.72167907022141,-73.91082408160379,1,cash,medium,6.9643854582190245,12.324479330201454,22.801214364426286
2024-02-04 01:21:00,40.82187798814306,-73.89798494358438,40.8153498192916,-73.85937122037012,1,card,high,3.329455180489392,16.169699927519307,20.619706725393733
2024-02-04 01:30:00,40.59635689952567,-73.79485894779371,40.58,-73.78331537136413,1,card,high,2.0635435944301497,9.18937258898521,15.872995749459013
2024-02-04 01:39:00,40.77131903803479,-73.7648611134373,40.758106480628896,-73.81670557567642,1,cash,high,4.606823023367735,23.22857260382836,23.61647927126936
2024-02-04 01:47:00,40.713092545619524,-73.88879582363823,40.67784416934635,-73.87602503910624,2,card,high,4.064629092454944,14.101819646541104,19.848503617665983
2024-02-04 01:56:00,40.85097027325126,-74.22097926309658,40.79153080362756,-74.13463881169076,1,card,medium,9.821824025376605,26.612437370539674,36.41588973448417
2024-02-04 02:05:00,40.846543537269895,-74.05338966229928,40.88146943071778,-73.99957577281693,3,mobile_wallet,low,5.963312159399956,8.187708320220366,17.885377537910188
2024-02-04 02:14:00,40.70769027843555,-73.94951079138126,40.69775855977913,-73.99511603266191,2,card,high,3.9998731335688635,24.971669762304256,22.574194377148775
2024-02-04 02:22:00,40.791722764789824,-73.95900051356053,40.81949719380386,-73.9583832388007,1,card,medium,3.0888125639657775,7.850594060330317,10.658706352891222
2024-02-04 02:31:00,40.65736661539862,-74.1674636692264,40.67029121529945,-74.14533831986259,1,card,high,2.355436800740427,8.529760851778255,15.954998212335004
2024-02-04 02:40:00,40.77733832430134,-73.96269818798005,40.802022674312234,-74.04054385005381,2,cash,medium,7.105171106166193,16.9932693297522,27.282663576494887
2024-02-04 02:48:00,40.607629995942155,-74.08166294098046,40.58,-74.1579576403465,1,card,low,7.137063467887284,13.487156306187472,24.982128935126262
2024-02-04 02:57:00,40.72776545660033,-74.0871473091297,40.68876124537927,-74.08018905614482,2,mobile_wallet,low,4.376548513067732,6.075220322831063,9.811065645250022
2024-02-04 03:06:00,40.64212741172295,-73.83465642729637,40.66774882571604,-73.82711105004934,1,cash,high,2.9192092984576306,20.89333275835939,19.58095376124124
2024-02-04 03:14:00,40.88034960191112,-74.04481408907921,40.822982220675,-74.12756094108504,1,cash,medium,9.44079980372335,23.84286787796139,34.827398001976135
2024-02-04 03:23:00,40.73126627810872,-73.99102806342714,40.74805420688027,-73.9735692547703,2,mobile_wallet,low,2.3766100413824023,2.859688490904597,10.52321642701875
2024-02-04 03:32:00,40.78086307453676,-73.97293484087241,40.718281368435925,-73.92402151921499,2,card,medium,8.087137235461327,17.50226057551611,35.21052777035226
2024-02-04 03:41:00,40.702529832512205,-73.97287164227568,40.70326981176947,-73.98269521737413,1,cash,low,0.8321759565418054,1.0,8.015265504130573
2024-02-04 03:49:00,40.67817195198153,-74.15130802797049,40.75062151970865,-74.14861649759189,1,cash,medium,8.059217641919528,24.59142375350894,31.646862477646398
2024-02-04 03:58:00,40.64899272624092,-73.95427878479401,40.68384973143084,-73.92856525754323,1,cash,medium,4.441429259599977,9.674052477210921,16.78699204803461
2024-02-04 04:07:00,40.89003633810679,-74.0893419594385,40.80675299547195,-74.06958564200526,0,cash,medium,9.408598164382935,23.093946651673118,35.680165012486526
2024-02-04 04:15:00,40.851818366025164,-73.92593964975596,40.88999507921939,-74.0010276623534,3,card,high,7.608110161024019,39.38239039251887,38.07371273700578
2024-02-04 04:24:00,40.62530878910655,-74.18569422452748,40.707309509309376,-74.22642467817259,1,cash,low,9.74374961645529,15.76250495799753,29.81490767046981
2024-02-04 04:33:00,40.833886457939215,-73.75300104673683,40.92,-73.77081445136531,1,cash,high,9.691807730593956,68.17854767940331,54.22464651498561
2024-02-04 04:41:00,40.722300464192465,-73.86625792135877,40.74367887237855,-73.90499513864414,1,cash,high,4.0378646100347915,23.116689998864924,20.931068427666737
2024-02-04 04:50:00,40.58523486268659,-74.047201768923,40.58,-73.98118818651403,3,cash,high,5.605092349697085,29.07741916389149,30.745822045739672
2024-02-04 04:59:00,40.759644888927916,-74.10631055605921,40.779205397939016,-74.07775913883718,1,card,high,3.242200280476631,28.205349956079097,23.63911019775759
2024-02-04 05:08:00,40.624215789628856,-74.0622209622429,40.69603730155422,-74.11215860550375,1,mobile_wallet,low,9.028988372054185,12.603436710173478,22.961948206388495
2024-02-04 05:16:00,40.65137766645182,-73.89218378088532,40.64295869836306,-73.90182888998608,2,card,medium,1.2403762349732192,1.0,8.878475787526579
2024-02-04 05:25:00,40.81665392688419,-73.92574202221188,40.86359382841391,-73.87487437604462,2,card,low,6.749372838421885,9.9347892988202,24.83486629420161
2024-02-04 05:34:00,40.667428292628,-73.9019328188797,40.62964615767851,-73.93101359149217,1,card,medium,4.865101007239462,10.77987184429945,19.074112664750054
2024-02-04 05:42:00,40.88324198862622,-73.80661041031972,40.89999788501692,-73.76828913687423,1,card,low,3.7212264555138073,3.8971448369282657,15.829095938205423
2024-02-04 05:51:00,40.80343771786422,-74.02728943458169,40.69140663968157,-73.96504634850646,5,card,low,13.515813139048683,21.244981414207274,42.88177304491531
2024-02-04 06:00:00,40.862976384869675,-73.9185442142917,40.82021129268702,-73.8638178708826,1,card,high,6.618616231741068,39.67558938785817,37.19733450321965
2024-02-04 06:08:00,40.78916444303226,-74.03483094297047,40.78888901390458,-74.0267127564642,1,cash,high,0.6841391195780672,1.0,7.007752923896174
2024-02-04 06:17:00,40.87540886094749,-73.93456998015887,40.85905780807155,-73.87827385527969,1,mobile_wallet,medium,5.071014214439205,12.421681773011915,16.962452220838834
2024-02-04 06:26:00,40.702972789507534,-74.01783994514889,40.64444500226512,-74.04134065589523,2,cash,medium,6.803082446975769,15.204124251660026,28.329645962160317
2024-02-04 06:35:00,40.7667077961411,-73.86390155005768,40.74422326722728,-73.7520368898501,3,card,high,9.748469266206316,60.573108395943244,53.35664862538981
2024-02-04 06:43:00,40.755402736151076,-74.2573173371253,40.77023721333214,-74.24647910776075,1,mobile_wallet,high,1.8852400667163196,11.875855954166022,8.03523541872397
2024-02-04 06:52:00,40.887288840746514,-74.14998741254722,40.88340859932656,-74.09838167525227,1,cash,low,4.359674407709328,8.27149297442791,15.998402996674544
2024-02-04 07:01:00,40.63607123892693,-74.10881681116675,40.63881342957112,-74.12510720982243,2,cash,low,1.4079939791037799,1.0,7.286206542555544
2024-02-04 07:09:00,40.77654065948347,-73.77784880181193,40.80947925562233,-73.75537514781561,1,card,high,4.122371503375294,20.180450403606983,22.38292937836352
2024-02-04 07:18:00,40.836506606037176,-74.00140643138687,40.82106428450418,-73.97695057475711,3,cash,low,2.680000248930968,4.5356901756465735,8.29013132558796
2024-02-04 07:27:00,40.70581691858144,-74.07418054120095,40.76697992331878,-74.11597805654287,1,card,medium,7.658701853305884,18.73301400401047,30.80397632593713
2024-02-04 07:35:00,40.874977718369436,-74.05380082103703,40.83046052039487,-74.09693077268305,1,card,medium,6.1369676838684875,11.975022093876085,22.51329105744636
2024-02-04 07:44:00,40.70682502080643,-74.0295706354494,40.79358513569411,-74.03877325048842,1,card,medium,9.678379918243426,20.14611128028331,33.95998180491984
2024-02-04 07:53:00,40.638924978364614,-73.81740650104187,40.68901171673686,-73.7676665365688,1,cash,low,6.972756522881381,12.4140748834732,21.171648641732638
2024-02-04 08:02:00,40.77857644083771,-73.76920870850313,40.76255654071466,-73.85162295247615,1,card,medium,7.165171874582898,19.341516612148954,26.15478034136857
2024-02-04 08:10:00,40.722993123412685,-73.82947603373249,40.70997378172228,-73.84580424861866,2,card,medium,1.9973857974447555,4.856232299578035,12.717736195766843
2024-02-04 08:19:00,40.58516463559188,-73.83075505065634,40.59446773721441,-73.77181078262736,1,cash,high,5.083615439290889,30.136012196664378,30.961428657613794
2024-02-04 08:28:00,40.60374512144779,-74.15850229341272,40.63068531329203,-74.21394811611742,1,card,medium,5.556563101070315,16.54622564493479,23.037428443082856
2024-02-04 08:36:00,40.64639424127024,-74.12297418340125,40.695648913655745,-74.06654865355475,1,card,high,7.2554863718514975,79.45304575596532,53.81750144695235
2024-02-04 08:45:00,40.84157218623617,-73.95601491791537,40.78124558007549,-74.00676560186092,1,cash,low,7.952369763109735,15.596607044668314,26.118205763756652
2024-02-04 08:54:00,40.88329343545148,-73.92536991914493,40.90297835344423,-73.96661429177873,1,mobile_wallet,low,4.1000024406126485,7.269888463682131,11.860504846382234
2024-02-04 09:02:00,40.765517897164834,-74.1566202595425,40.67027475580401,-74.16324523954692,1,cash,high,10.605261910608057,51.016906720422796,50.75278740726268
2024-02-04 09:11:00,40.6158922572548,-73.87939624489928,40.6079137353922,-73.79509058682214,1,cash,low,7.171502451727422,13.78632309744142,24.914906192789672
2024-02-04 09:20:00,40.761702443762225,-74.15801858801102,40.82712850643266,-74.18681891184957,2,card,low,7.668390834414564,13.802209849040404,24.77664856096844
2024-02-04 09:29:00,40.87090585660296,-74.1258645702394,40.807113450153125,-74.2038478957157,1,card,low,9.661980079538534,15.210273472939093,31.68553155571177
2024-02-04 09:37:00,40.83482239390168,-74.10353427562939,40.76285669353026,-74.16662139776595,1,card,medium,9.603944711032366,23.792747960835374,38.21418459549252
2024-02-04 09:46:00,40.67897337565711,-73.82854437758994,40.68890915513677,-73.78660670902767,1,mobile_wallet,high,3.704794162876208,16.218571312471305,16.80941248870439
2024-02-04 09:55:00,40.62212280715804,-73.88663721259586,40.68455711954581,-73.94760052542502,1,card,high,8.639762470998322,37.72207583067122,42.498926087793194
2024-02-04 10:03:00,40.886231777919164,-73.98935042778066,40.900874573218005,-73.93589202188402,1,card,low,4.779355061190582,9.304831602654897,18.385728753713114
2024-02-04 10:12:00,40.87039017385495,-73.8419278579512,40.78468236849528,-73.83878727100168,1,cash,medium,9.533935802616726,25.001041099256742,34.86599928627303
2024-02-04 10:21:00,40.59826322414938,-73.84540659385868,40.58,-73.84685879905635,1,card,medium,2.0344767757980855,6.903463240650774,12.412363881357406
2024-02-04 10:29:00,40.860049326540356,-74.06118512106616,40.86444791602218,-74.04780642999799,1,card,high,1.2267956656880599,9.49978752938071,9.597429804434872
2024-02-04 10:38:00,40.61305229684688,-73.86146698338142,40.58,-73.89750839849677,1,cash,medium,4.77152826219202,11.914861420455342,19.44662032097601
2024-02-04 10:47:00,40.60151643535669,-74.15481618627916,40.60766731858245,-74.14861194981188,1,card,medium,0.861462902341555,2.6342169491176812,9.580801636850353
2024-02-04 10:56:00,40.83792430502973,-74.0033532865227,40.846744085126744,-74.05704157137586,1,mobile_wallet,low,4.621529886227207,7.808878036709048,13.274282010314067
2024-02-04 11:04:00,40.762345611454485,-74.19969671750178,40.740306523474885,-74.13899662566735,1,card,medium,5.670057559744653,12.254622223207889,22.657635206553408
2024-02-04 11:13:00,40.720946328190706,-74.04233481234846,40.8026102714184,-74.08856309769443,1,card,medium,9.880111924222646,24.50927989525464,38.41363968147003
2024-02-04 11:22:00,40.88731314663185,-73.99461345741874,40.91388417085389,-73.97486382884718,1,card,medium,3.3889018602995806,8.900084522743605,12.723106380396244
2024-02-04 11:30:00,40.865363214503034,-74.21924163746282,40.91988480404877,-74.26,6,card,medium,6.96359765653521,16.159113977351332,26.563538224938572
2024-02-04 11:39:00,40.599591980326,-74.02406749151682,40.64101815944822,-74.04806169790893,2,card,medium,5.031894482990151,13.020321202467976,21.184414697056948
2024-02-04 11:48:00,40.78946966226,-73.92764802309033,40.782716351972255,-73.94447046462751,1,card,low,1.6030697957985072,3.0690351846822477,7.333589172139117
2024-02-04 11:56:00,40.842570917090534,-73.94681500028018,40.833820790780265,-73.81265434113872,4,card,medium,11.328199843871706,27.145213858799682,42.3858574816901
2024-02-04 12:05:00,40.76716679712349,-74.23227951717557,40.75377389546619,-74.23292959107866,1,card,medium,1.490228865790224,3.2875636944057565,7.3134240289672885
2024-02-04 12:14:00,40.9142218696859,-74.21137676018682,40.92,-74.24834560105363,1,card,low,3.172068950052975,5.857750411946084,14.313543040056246
2024-02-04 12:23:00,40.81325615158017,-74.08080831456289,40.783989718598434,-74.10081331709272,4,card,medium,3.664146817809919,10.323204372666485,17.199609664882793
2024-02-04 12:31:00,40.615408624316984,-73.8302302813128,40.69303510670854,-73.89794054614323,2,card,high,10.350459922357427,90.83873582195547,65.28392975341967
2024-02-04 12:40:00,40.647421324079986,-73.81642441288464,40.613857205414725,-73.82374977935012,1,card,medium,3.7830090772816054,10.600576627531613,18.34722466794566
2024-02-04 12:49:00,40.860923511207815,-74.10209743644896,40.87057488946118,-74.01879853655056,1,card,medium,7.086386833518456,18.10961279091645,28.47276576341273
2024-02-04 12:57:00,40.91889726886907,-73.89336503652686,40.908588632326996,-73.87824325763276,5,mobile_wallet,medium,1.7113009230525404,3.728957003327259,6.929729808312792
2024-02-04 13:06:00,40.61343535073661,-73.96553079790067,40.593149651589215,-73.92487775516297,1,card,medium,4.106945397819854,9.317702377769054,18.048735178615253
2024-02-04 13:15:00,40.61411196806731,-73.7584546480327,40.711867576428176,-73.79940211182392,1,cash,low,11.405444687129876,18.34454569208212,33.94910608407767
2024-02-04 13:23:00,40.83955159840872,-74.21173160473226,40.81979415304516,-74.22088200234815,1,card,medium,2.327919322101469,4.586611809022886,15.22694453985893
2024-02-04 13:32:00,40.60188045578362,-73.98058082145747,40.588168002638966,-73.97140520287094,5,card,low,1.710287406405812,4.42526313382203,12.252711022329716
2024-02-04 13:41:00,40.60331043946205,-73.95780579907566,40.58,-73.99044460644484,1,card,medium,3.783345939044201,9.181281702181447,17.385506112472257
2024-02-04 13:50:00,40.882197604223286,-74.10308902881494,40.88404443192929,-74.08508872566203,1,card,medium,1.5271293025600614,4.987373361832005,10.827636809199456
2024-02-04 13:58:00,40.852152936188276,-74.23605384377936,40.84759414965785,-74.20835956509586,1,cash,low,2.3839046082335678,5.0049785179017565,12.215528932160215
2024-02-04 14:07:00,40.87973148795389,-74.23342668679922,40.8293650970722,-74.20899852451157,1,cash,high,5.965444745804665,40.565653823076396,35.612847681143165
2024-02-04 14:16:00,40.80117455672514,-74.02865479235767,40.78207791282949,-74.0354535398379,1,card,high,2.1992326142161813,8.712879470308154,17.687404744525235
2024-02-04 14:24:00,40.68966238345921,-73.9068383673836,40.71709827788449,-73.85774735885424,1,card,low,5.141170270893371,6.239169523093106,17.2502895848314
2024-02-04 14:33:00,40.88814648471315,-73.9029103492404,40.92,-73.91450313397374,2,cash,medium,3.6735031602862365,12.453156455350637,17.616712428820716
2024-02-04 14:42:00,40.68156599849131,-74.16770537664188,40.68264602607476,-74.18340231209186,2,cash,low,1.329054876040653,1.0,6.582176268558354
2024-02-04 14:50:00,40.67367368541465,-73.82243420808705,40.67632845099404,-73.75756495276752,1,card,high,5.478533462579998,40.65190974090789,31.726126562823694
2024-02-04 14:59:00,40.881376142525546,-74.06764716275543,40.86513136429611,-74.11746064624197,2,card,medium,4.561282099702721,12.967476092787278,21.251951906123487
2024-02-04 15:08:00,40.81147968144769,-73.76817236999406,40.78886980485959,-73.84480597142941,1,card,medium,6.923162966427878,17.06509132384216,29.542664873179636
2024-02-04 15:17:00,40.88452850880115,-74.19973858644293,40.84314772245644,-74.23879032067364,1,card,high,5.653032590006606,37.09623355876142,34.59838842830615
2024-02-04 15:25:00,40.63300643834635,-73.8334081036959,40.58,-73.8159822169954,1,card,medium,6.074853846216583,14.68066562209721,24.270885221311975
2024-02-04 15:34:00,40.90378091124032,-73.79674754184482,40.87217081090552,-73.75,1,card,high,5.272286536521489,29.232779533958265,29.93183645871717
2024-02-04 15:43:00,40.78833233327811,-73.8404354816667,40.829014712308435,-73.87015881453488,1,card,low,5.169299302024022,8.094620863052624,19.700901127151962
2024-02-04 15:51:00,40.807131914991764,-73.84749101798816,40.78803315257039,-73.7658233295751,1,card,low,7.195097895613965,8.733479970708593,24.407585809005102
2024-02-04 16:00:00,40.89078059731099,-74.07573189214348,40.87520975654476,-74.07450801120105,1,card,medium,1.7344529733230436,6.122688961753875,13.397956436484542
2024-02-04 16:09:00,40.70945601139617,-73.8961950155723,40.69300917740901,-73.90139384519622,1,card,high,1.8805836686090431,13.476872007088447,16.854198123088572
2024-02-04 16:17:00,40.82465549819659,-73.96453325133425,40.88066734315906,-74.00278046767113,1,cash,low,7.009929421527672,10.640673310940086,21.53671273968368
2024-02-04 16:26:00,40.79771581118233,-74.04351564297008,40.75593859550842,-73.95570466038147,1,card,medium,8.732172502823271,18.459229271501343,32.59019658907974
2024-02-04 16:35:00,40.847835924414426,-73.75351303501262,40.860303324641976,-73.76027603452347,5,card,high,1.498465522414021,9.81050652843404,12.158931121954438
2024-02-04 16:44:00,40.88496054922332,-74.111868093746,40.881879573212665,-74.17180755492463,1,card,low,5.050631075190583,9.163453499802793,19.049379539652925
2024-02-04 16:52:00,40.811220690846234,-74.04929654868424,40.8142773979755,-73.93870145858686,6,card,medium,9.313647338904369,19.003413781866378,31.59832516521012
2024-02-04 17:01:00,40.60299744853104,-73.79954087095756,40.613993216851284,-73.7818257167342,2,card,low,1.9316571861423806,2.836010884231737,13.293963721351004
2024-02-04 17:10:00,40.64226771758892,-74.1126057776609,40.644840139900985,-74.0766584073837,1,card,low,3.04641306472745,6.325133420871277,12.128990459466381
2024-02-04 17:18:00,40.90435258197081,-74.18213261751445,40.92,-74.10646240757663,1,card,medium,6.592436297108412,13.865531618687587,24.813381472622787
2024-02-04 17:27:00,40.90934116094826,-74.10190012766857,40.90802458118993,-74.07424931145812,3,card,high,2.328272135707685,13.462246614756525,17.267620366087016
2024-02-04 17:36:00,40.90892052665745,-73.87275104467808,40.92,-73.82888102361109,3,card,low,3.8867575465134285,5.129624368277358,12.80613983310959
2024-02-04 17:44:00,40.59251179613604,-73.82147445505184,40.59451339338955,-73.81902982679708,2,card,medium,0.3035499596057599,1.0,4.848787434993013
2024-02-04 17:53:00,40.7100323771028,-74.2016330563126,40.633376367385786,-74.16861510337802,2,card,medium,8.967082530372643,28.344057126075263,36.84318443149736
2024-02-04 18:02:00,40.83828871935592,-73.94292653265184,40.86701268547239,-73.94446363430689,1,mobile_wallet,medium,3.19657468304381,9.231532809437057,13.126485783907334
2024-02-04 18:11:00,40.83598117324367,-73.97068367814668,40.853625529480354,-73.97159313200953,1,card,medium,1.963453784884705,4.073479496650295,11.888058793706234
2024-02-04 18:19:00,40.60920902768299,-73.91891312938819,40.610673554112275,-73.91352587534416,6,cash,medium,0.48304092859791425,1.0,3.823000353009493
2024-02-04 18:28:00,40.78722622161044,-73.91776125072533,40.77554551240749,-73.93561793229742,1,card,high,1.986820524853877,30.07760452533843,20.153497783343887
2024-02-04 18:37:00,40.62857567030389,-73.77067159016407,40.58,-73.75,1,mobile_wallet,high,5.676289129705761,26.24891975628097,28.0000831393989
2024-02-04 18:45:00,40.74769117317505,-74.08327010370236,40.66008319037309,-74.06068707081768,1,card,low,9.925822434711783,17.356011284151645,33.0113652460671
2024-02-04 18:54:00,40.661493138285984,-74.10711886991476,40.73563150320837,-74.0702676229195,2,card,medium,8.8097497376723,21.910863842333157,34.07285708953814
2024-02-04 19:03:00,40.5980747983898,-73.96357510423087,40.58,-73.93479281105428,2,cash,medium,3.1537701094516324,8.920319767579553,11.681083170256324
2024-02-04 19:11:00,40.60720660467904,-74.04099658578829,40.65065952391889,-73.95099464846557,1,card,medium,9.001918559068756,19.031726175649833,34.170590022598
2024-02-04 19:20:00,40.88970360290817,-74.01838532112059,40.81756710561235,-73.97101698283694,1,mobile_wallet,medium,8.956102728356953,22.17800863574289,29.09794260064167
2024-02-04 19:29:00,40.83317962782852,-74.22466873331271,40.78607100453695,-74.23399506838136,1,card,high,5.29672148590289,22.65523124403819,29.217748363854433
2024-02-04 19:38:00,40.89682015380281,-74.18439648975367,40.92,-74.1640082720815,1,cash,high,3.09499354764818,18.90658891848628,18.665555494599662
2024-02-04 19:46:00,40.739796576993406,-73.78295878233764,40.73518403038697,-73.75,5,mobile_wallet,medium,2.8238522637649823,6.618229729607929,10.999477781022202
2024-02-04 19:55:00,40.72051944964395,-74.22517135964824,40.74471447238347,-74.26,1,card,low,3.981227285371894,5.0033899603754834,13.056084759911531
2024-02-04 20:04:00,40.70185847945071,-73.95902574773288,40.70124501398387,-73.86838486704265,4,cash,medium,7.641215100061384,16.050117359410738,27.31234779104895
2024-02-04 20:12:00,40.78954441265771,-73.87516673520088,40.78019917427741,-73.91002550971962,1,card,medium,3.1134046752868914,5.360292084672416,13.453673888996324
2024-02-04 20:21:00,40.699530191570254,-74.25394960049519,40.66892821930239,-74.21343720779949,3,cash,medium,4.821639477693108,12.39794523016419,19.2101823665559
2024-02-04 20:30:00,40.83373289955388,-74.14639844455398,40.78000278003703,-74.14610142474388,1,card,high,5.974568998341411,28.080718934253834,28.247083017625645
2024-02-04 20:38:00,40.852447890913396,-74.06769326426682,40.91556944895136,-74.06998522226297,2,card,high,7.021441212617804,29.39365098196538,33.20102780724454
2024-02-04 20:47:00,40.877787161765994,-74.00152310199498,40.92,-74.06015418130913,1,card,high,6.805585214620992,34.38477511967094,34.90649875095675
2024-02-04 20:56:00,40.662552316283396,-74.08578639967462,40.61581068331991,-74.0449488954032,2,card,medium,6.235915353695626,18.769908767984,27.046621835007
2024-02-04 21:05:00,40.75918749675941,-73.92901037834399,40.709503937169096,-73.98698649667375,2,cash,medium,7.374487224411774,16.73670959958518,24.312738087730548
2024-02-04 21:13:00,40.655971169688144,-74.14453726620214,40.64032137827915,-74.20946192668092,1,card,medium,5.7472338550212445,14.472224598012703,25.54018716244789
2024-02-04 21:22:00,40.59276897996291,-74.24700370242121,40.60808855563175,-74.19481706659292,4,card,high,4.723777101985703,27.492786346765087,28.942088457111108
2024-02-04 21:31:00,40.82066060341774,-74.2591987640827,40.81247878405969,-74.178666512272,1,card,medium,6.837823296294498,17.91959740652409,26.179386907168055
2024-02-04 21:39:00,40.76665363313794,-74.08378887390569,40.789132036074086,-74.11381493338608,1,cash,low,3.55520703803609,7.738784457889352,16.842194009667246
2024-02-04 21:48:00,40.82613527504805,-74.07555197241093,40.82391907240554,-74.03041205734645,1,card,low,3.8061606025859867,5.47284002233741,15.003348055747821
2024-02-04 21:57:00,40.60979178987822,-73.77621190013286,40.60463338851301,-73.75,1,card,high,2.285890200615406,16.845600408744897,18.0297761120428
2024-02-04 22:05:00,40.91847890088106,-74.23716183661469,40.92,-74.24128017789471,3,mobile_wallet,medium,0.3851587201261441,1.0015796428316923,2.5
2024-02-04 22:14:00,40.918078512761994,-73.98966681933106,40.894444366440204,-73.92955505965887,2,mobile_wallet,high,5.694421331913444,21.047109030284957,23.823283268152313
2024-02-04 22:23:00,40.73809994067119,-73.96531520972545,40.81189755084829,-73.97267820783789,1,card,medium,8.229309109400958,17.759050737145632,33.949907852551156
2024-02-04 22:32:00,40.87445996316251,-73.90336974393216,40.92,-73.8800807073928,1,card,low,5.4289890405168375,7.84211948625206,17.713082600399538
2024-02-04 22:40:00,40.66281330897389,-73.93424535392826,40.6854975167702,-73.99066499867868,1,card,high,5.385301955271425,26.612208031781464,28.184966394122586
2024-02-04 22:49:00,40.830772494815925,-74.25584885820079,40.7440965621757,-74.26,1,card,high,9.644258278759049,58.06573615894012,52.550464421470636
2024-02-04 22:58:00,40.87893679131661,-73.9377525865614,40.88033437838295,-73.88514556314591,2,card,low,4.425556547187966,7.364507120450067,17.92412186812672
2024-02-04 23:06:00,40.856986530467466,-74.09558215075315,40.833825266384665,-74.07077791623234,1,mobile_wallet,low,3.314514585329324,3.9932019413686355,10.536395466743512
2024-02-04 23:15:00,40.856003186601995,-73.86583682971262,40.856907267716814,-73.87224738912983,1,card,medium,0.5484356051254984,1.0,5.45942031643957
2024-02-04 23:24:00,40.737429054910216,-74.1639336530708,40.68959554925276,-74.0780806190274,1,card,low,8.98052344515489,15.838855765035774,30.309737322735028
2024-02-04 23:32:00,40.858796582244786,-73.89473511749163,40.89282818995204,-73.80935591225919,1,card,medium,8.114833407243061,21.520860590548793,31.13839160668052
2024-02-04 23:41:00,40.814839636427244,-73.94099737981858,40.859163962647244,-73.92123481982938,1,cash,high,5.201501742815076,40.601635723335505,33.19627175265119
2024-02-04 23:50:00,40.62503347536903,-73.92733164848299,40.67768456896204,-73.99283612880349,1,cash,low,8.050675953064792,15.803159101496846,26.111787382996337
2024-02-04 23:59:00,40.61882269738194,-74.17026667958535,40.60162465514463,-74.17528863404537,1,card,medium,1.9587590768877614,5.7725816131915115,11.445752273170562
2024-02-05 00:07:00,40.84245352621778,-73.91872125932045,40.79477939662568,-73.95618744167025,3,cash,low,6.167819418895387,11.348089130352033,20.744555417484893
2024-02-05 00:16:00,40.792657790182794,-73.88414101159262,40.80848345392398,-73.88011290000604,1,cash,medium,1.792100255011905,4.527962918943328,7.459343392959383
2024-02-05 00:25:00,40.75658787984507,-74.01040076676873,40.83561122434176,-74.05253413926471,3,cash,medium,9.475793494207263,23.92958391229396,38.35657512878459
2024-02-05 00:33:00,40.888469008888606,-74.08641350167636,40.891591542446214,-74.14024366827556,1,card,low,4.538251186713981,7.832590109745064,16.745654788870638
2024-02-05 00:42:00,40.80426072133621,-74.17505702686303,40.824614090211256,-74.26,1,card,high,7.498143515093041,29.904020857636663,39.89816683861562
2024-02-05 00:51:00,40.714689893330025,-74.11212013219352,40.70411833826533,-74.10459355308598,1,cash,high,1.3357691644129375,4.708962015614365,8.124821051250649
2024-02-05 00:59:00,40.720736814779904,-73.87044753514921,40.698080655514595,-73.97389187540426,1,card,medium,9.075847920275555,22.239691554697398,34.3715179310872
2024-02-05 01:08:00,40.78578308267798,-74.05120563048142,40.81540549991518,-74.06561646012521,2,card,high,3.5101160654902013,31.51865181547283,26.547246181382906
2024-02-05 01:17:00,40.838493596793356,-73.90161624658344,40.833720592263106,-73.87036838278655,2,cash,low,2.681866553624269,2.823204657766351,12.360336318260947
2024-02-05 01:26:00,40.7718801243627,-73.88255342425077,40.79003865538152,-73.91504773017496,1,cash,medium,3.400351697007672,10.55561988873322,16.247637771580752
2024-02-05 01:34:00,40.75297869995452,-73.91617318569661,40.77581650853198,-73.96499046878158,1,card,high,4.832390008297875,13.744731039406904,22.31214397212512
2024-02-05 01:43:00,40.82714623890242,-73.9164954039217,40.842784496663675,-73.91954851701185,1,card,medium,1.7577631396413558,4.199625571999724,9.471367093404226
2024-02-05 01:52:00,40.81978994696839,-73.94848781579371,40.84489343634084,-73.98577506457511,1,card,high,4.199181259753025,17.678780152495957,25.995659610311158
2024-02-05 02:00:00,40.86231792580861,-73.995604790856,40.823932667834406,-73.98725018432135,1,card,medium,4.325717076891997,10.061567151769365,19.188469620900943
2024-02-05 02:09:00,40.60126760733428,-74.15911348969617,40.58,-74.2055908336442,1,card,high,4.581942667563961,26.276113896448752,26.685710095107087
2024-02-05 02:18:00,40.83668372490787,-73.83017027266986,40.834765752610544,-73.8348724993481,1,card,low,0.44941822825054334,1.0,6.781468018782582
2024-02-05 02:26:00,40.75467855332357,-73.76822527203133,40.753843293911814,-73.78381420451413,1,card,low,1.3163672756851958,1.9835766261776002,6.687219422984959
2024-02-05 02:35:00,40.60539566081127,-74.02209312654392,40.581891133608885,-74.02261159924194,1,card,medium,2.6139507855669435,5.142858240862105,13.499492224411751
2024-02-05 02:44:00,40.810863409577635,-73.78404823449883,40.821708422916295,-73.75,1,mobile_wallet,high,3.108699081990605,17.143735389441655,12.977618003007654
2024-02-05 02:53:00,40.82362366596066,-73.75102278576112,40.86449345034819,-73.75,1,card,low,4.5453269913543455,6.058559598229033,16.808424832409777
2024-02-05 03:01:00,40.75803323764519,-74.01204008458123,40.8114712719821,-73.98934009907957,2,card,low,6.241831191481241,8.32388790278879,22.090197943007944
2024-02-05 03:10:00,40.84989165240092,-73.89057875938752,40.91344343667004,-73.91869444816071,1,card,high,7.451469761659951,27.365886488469815,35.9443113281006
2024-02-05 03:19:00,40.68208435693396,-73.93166692749223,40.62291828209639,-73.92162038864203,1,card,medium,6.633334360791984,13.407748510703057,27.13199928555921
2024-02-05 03:27:00,40.648648454300684,-74.13899494383962,40.596313518483804,-74.15136109864898,1,card,medium,5.912229663799854,17.914213017903183,26.833347777727955
2024-02-05 03:36:00,40.699249543592714,-74.2359843836853,40.68621550088784,-74.23464986185343,1,cash,low,1.453680174706701,1.8652666738042676,7.985099801352068
2024-02-05 03:45:00,40.71941717452063,-74.02878879130103,40.72303006886596,-73.99958624061208,1,cash,high,2.4935847743949853,16.133444996908903,17.45506679779071
2024-02-05 03:53:00,40.81661742481674,-73.8585254513279,40.80588861464317,-73.88103597413902,2,card,high,2.238811440725146,15.698645109794233,17.025037118257565
2024-02-05 04:02:00,40.8674767788786,-74.09418132202826,40.84260800902038,-74.11209336664864,1,card,medium,3.149008427460887,6.8890967702238886,15.00613894812458
2024-02-05 04:11:00,40.825112184626754,-73.85993625219147,40.81141336381787,-73.88182491230916,3,card,low,2.3901956506541584,5.47430714130965,12.693839058462345
2024-02-05 04:20:00,40.63915577008366,-73.9260511421989,40.66090489209312,-73.94880852615222,3,card,medium,3.0878215767364714,8.649669886743343,12.222074943864701
2024-02-05 04:28:00,40.70451380883209,-73.90527391057303,40.64468079872645,-73.89747832519721,1,card,medium,6.685529675925964,16.19020798022943,25.71752199470895
2024-02-05 04:37:00,40.633860662572246,-74.11427214692753,40.73931173533867,-74.13065133356704,1,card,high,11.806675052818951,40.07386560224633,53.07927043188707
2024-02-05 04:46:00,40.81348622784974,-74.02027583475005,40.81443093730203,-73.95286779838902,3,card,high,5.67378373633769,25.836057996633173,-27.77872044661169
2024-02-05 04:54:00,40.664378438593744,-74.16733106198714,40.711666571334035,-74.0467687399834,2,card,high,11.444747887158918,104.03261134181696,71.71152070262679
2024-02-05 05:03:00,40.75863155716963,-74.13424393067935,40.73253133689622,-74.15980133351277,5,cash,medium,3.6136381253510854,13.415749500851422,16.058443374975738
2024-02-05 05:12:00,40.849222146686195,-74.21417647802288,40.87506787834981,-74.20094634940367,1,card,low,3.0817590448376335,2.161278049905556,8.808023555657423
2024-02-05 05:20:00,40.80811935347335,-74.19534556278894,40.81262345175064,-74.14863522186646,4,mobile_wallet,high,3.962956897315589,25.180043150602952,20.727951487371755
2024-02-05 05:29:00,40.681447156826145,-74.15263812555912,40.72000353455112,-74.1645968333502,1,card,medium,4.404204052574208,15.20818857374312,21.363156782684886
2024-02-05 05:38:00,40.69317469520956,-73.96408055219833,40.68423558390749,-74.00882815346708,1,cash,low,3.9016313641944786,5.283085851055018,14.648873093849705
2024-02-05 05:47:00,40.80214385744503,-74.03498232903071,40.87196421796407,-73.9567645300148,1,cash,high,10.177129462937295,44.642677825087084,47.693917766199235
2024-02-05 05:55:00,40.76681903477558,-74.12386084859156,40.699676521638665,-74.09298377037032,1,cash,low,7.906225008490294,14.884249487177527,24.699767778042663
2024-02-05 06:04:00,40.61277378573981,-73.82083265208217,40.655495608098725,-73.80649158169838,1,cash,medium,4.902168238890845,11.886651535770733,17.340731581078742
2024-02-05 06:13:00,40.877157140353006,-73.99217467741559,40.882499529351996,-73.9269011694097,1,card,medium,5.519778921167312,15.143556920890347,24.03662395065253
2024-02-05 06:21:00,40.754288504338234,-73.78921416844574,40.70846380291145,-73.75455367562367,1,card,low,5.873102560454331,11.241533906469387,22.44428526517075
2024-02-05 06:30:00,40.740942744487135,-73.93616786923845,40.82878570863925,-73.93832494585668,4,mobile_wallet,high,9.769380161082482,104.13744586089665,62.47160108220015
2024-02-05 06:39:00,40.64746937445497,-74.25194832577036,40.730660772150515,-74.26,4,card,medium,9.275338479150777,26.026381481155582,34.824894833450266
2024-02-05 06:47:00,40.70817789844998,-73.794127397582,40.61485371493293,-73.8163273260811,3,cash,medium,10.544772059354006,27.296675283161985,38.70546347396216
2024-02-05 06:56:00,40.69316045318713,-73.82269369880278,40.701115750617696,-73.76847665456255,5,cash,high,4.655542457568136,36.22712690720596,28.75541976256827
2024-02-05 07:05:00,40.672050132162006,-73.93601167638174,40.70380494712489,-73.90531782191529,2,card,high,4.37783395746131,21.432167399066174,25.396350172510576
2024-02-05 07:14:00,40.772918235379905,-73.98726548657729,40.7927949517542,-73.99566548444928,4,cash,medium,2.320589170417924,5.829222725969705,15.620243189108585
2024-02-05 07:22:00,40.7371736224953,-74.02900770260753,40.80537245486783,-73.94951235885523,1,card,medium,10.11541094466674,33.40408671635492,41.17137399821972
2024-02-05 07:31:00,40.88232721300699,-74.01409082865892,40.92,-74.0211657865465,1,card,medium,4.231014494112588,11.335517356485429,20.121609783475538
2024-02-05 07:40:00,40.90005695219604,-73.86769747317041,40.91199038323031,-73.82325916493751,3,cash,high,3.9633029937304145,17.08253019227664,19.384023961553396
2024-02-05 07:48:00,40.65462096593755,-73.99829778279707,40.75709062849608,-73.98839602566916,1,cash,medium,11.424636018591258,24.796076416495936,39.650980840140775
2024-02-05 07:57:00,40.61403584578085,-74.17022740366176,40.65619393930269,-74.08324451697773,2,card,medium,8.709111101975072,27.45744711882414,36.831725368568016
2024-02-05 08:06:00,40.84701476750583,-74.23032944074178,40.831201115222825,-74.19644239382403,1,card,low,3.349419291163082,2.105836971229749,13.781293564795883
2024-02-05 08:14:00,40.91825287723713,-74.19564499909389,40.893397235469855,-74.19356782243929,1,cash,high,2.769328618054054,14.248542010166359,18.9030232188229
2024-02-05 08:23:00,40.873624023750416,-74.13176503449294,40.92,-74.13981110103745,1,cash,high,5.200929381558468,32.27994404078466,28.499363632426117
2024-02-05 08:32:00,40.58805711672037,-74.07245559806576,40.58,-74.07314736061356,2,cash,low,0.8978130259332517,2.106524525083252,5.9412029718889
2024-02-05 08:41:00,40.6654296072402,-73.80486783379064,40.64699138466457,-73.83751071099205,1,card,medium,3.4330632119638897,7.126932734367914,13.967181904010946
2024-02-05 08:49:00,40.59473637419403,-74.13806551157818,40.58395563907856,-74.19956715276741,1,card,medium,5.329794376225113,18.180099504560864,25.107340552911207
2024-02-05 08:58:00,40.859064988194,-74.09700473541871,40.875069390891426,-74.0831116428638,1,card,low,2.1288084776794074,2.4344998027509224,10.197789738464325
2024-02-05 09:07:00,40.77767837193939,-74.14626258484135,40.76897274560611,-74.17027091794274,1,card,low,2.2414937368696646,1.754389483241343,8.319178319994982
2024-02-05 09:15:00,40.7546643039968,-73.98167167245987,40.69540061365519,-74.00579955725391,1,cash,high,6.89636023986137,30.51667680055508,35.14038575130232
2024-02-05 09:24:00,40.76851295987882,-73.94528578488982,40.820806548088406,-73.94928359553445,1,card,low,5.824512394226798,11.276268910933265,20.14497451876477
2024-02-05 09:33:00,40.66583342795684,-73.98861495873246,40.64763548876151,-73.98626490400459,1,card,medium,2.0332058962520403,9.580305305702016,10.049261941854159
2024-02-05 09:41:00,40.78455704550721,-73.77455310787936,40.87545413260319,-73.77422118735804,4,cash,high,10.107333512116782,62.90656520934809,52.77300715909042
2024-02-05 09:50:00,40.590426772677766,-73.7523572109964,40.60410632300446,-73.75,1,card,low,1.53406130153582,1.0,9.894217492428412
2024-02-05 09:59:00,40.79964398615009,-73.83292804519917,40.85666832294819,-73.80312096914315,4,cash,medium,6.818768452868486,15.49623985980935,25.754331375671423
2024-02-05 10:08:00,40.8297075022608,-73.84929896610595,40.85809627039894,-73.75444726508108,2,card,high,8.580521785833323,113.02965111667106,68.80591581001983
2024-02-05 10:16:00,40.80882892966202,-74.0733130838577,40.86800646187757,-74.0930676505016,3,card,high,6.786851149171921,33.605519130173285,37.270085228235786
2024-02-05 10:25:00,40.692919956226156,-73.96431041185738,40.718585211058056,-73.92904298291661,2,cash,low,4.120928013695428,9.198752032628834,14.38730438794428
2024-02-05 10:34:00,40.860929391143365,-74.08074906633607,40.871511988673,-74.09800263066441,1,cash,low,1.868065121479002,4.076284989350719,7.740538626772663
2024-02-05 10:42:00,40.823284959019944,-73.8599785184514,40.87248049315349,-73.88522945205801,1,cash,high,5.86815367170923,47.03061922067656,36.5232013984586
2024-02-05 10:51:00,40.623621089794256,-74.17236611906317,40.7354898349509,-74.07581670087488,1,card,low,14.866791805067738,21.013457006076173,46.04823161143805
2024-02-05 11:00:00,40.646349034983025,-74.14949742570974,40.63420817274581,-74.18406409783253,1,card,medium,3.2138905755530334,6.314343372766294,12.568438315700726
2024-02-05 11:08:00,40.796616860480604,-74.24026602385615,40.83238857492823,-74.26,1,cash,low,4.310402828230678,5.805551487414376,14.199316407791885
2024-02-05 11:17:00,40.67840148540905,-73.94944076659763,40.67816546389609,-73.98129848551005,1,card,high,2.6866312755393986,14.285370719950414,19.492815337235818
2024-02-05 11:26:00,40.62060720009172,-73.90884548801763,40.64337985601391,-73.99922005279626,2,card,medium,8.035806988344037,17.140835004094622,30.71460003839103
2024-02-05 11:35:00,40.63268945767096,-74.258285234022,40.634586592761906,-74.26,1,card,medium,0.25580991814102966,1.3318988255856539,6.306825994295589
2024-02-05 11:43:00,40.636309841383735,-73.99949926036294,40.58,-74.03813922230118,1,card,high,7.060062497221787,55.932258296023086,42.932918493007904
2024-02-05 11:52:00,40.74244890831825,-74.06779398537022,40.73344050602003,-74.0662063059519,1,card,low,1.0105807804866962,1.63077929286261,5.5156649758872405
2024-02-05 12:01:00,40.78651105416603,-73.85588580127244,40.831491032442415,-73.94811764950005,1,mobile_wallet,medium,9.234251809845752,30.372857953231833,32.21451325183066
2024-02-05 12:09:00,40.6399767734505,-74.2401657195407,40.60554247540341,-74.18634786936705,1,card,high,5.940676993787442,31.268062139768947,33.233364990024306
2024-02-05 12:18:00,40.8222488475235,-74.23523149870279,40.86369143746172,-74.26,3,card,medium,5.057330269553104,10.581521620835442,21.948503554771936
2024-02-05 12:27:00,40.67554428655052,-73.9436933596498,40.68380669894808,-73.94944214666923,1,cash,low,1.0387908888885138,1.0,5.627948049315862
2024-02-05 12:35:00,40.68592976705395,-73.95826418416432,40.67731269316551,-73.97285115065877,3,mobile_wallet,high,1.5591902903571062,8.45819497694262,10.230077064783078
2024-02-05 12:44:00,40.6559895311652,-73.83614408827101,40.69675122350295,-73.79900332207545,1,cash,low,5.509406691200039,11.095182390070867,18.82800553027651
2024-02-05 12:53:00,40.846970086220686,-73.95794388652975,40.877616505681075,-73.94212443915922,1,cash,medium,3.658195236123575,9.894535461255508,14.500887262919608
2024-02-05 13:02:00,40.90633670319854,-73.77582087741834,40.92,-73.75,1,mobile_wallet,low,2.6487730228145954,3.5052493806612786,6.432986218882189
2024-02-05 13:10:00,40.74744994855055,-74.09966383246045,40.79316545767567,-74.11592923059946,1,card,medium,5.264641265694036,12.541315300023015,21.603018922117865
2024-02-05 13:19:00,40.59429041808688,-74.05706008273356,40.603429842468366,-74.07797368556862,1,cash,low,2.0372763078953606,3.2932341861443413,11.04543578915874
2024-02-05 13:28:00,40.66859356758466,-73.76138592008351,40.59458359610015,-73.75,1,card,low,8.285433325245108,14.764086857440626,29.999846418568104
2024-02-05 13:36:00,40.633737098980404,-74.2051626358804,40.61672165968945,-74.15884855130165,2,card,medium,4.342536675161538,11.87096966320288,20.638441988915453
2024-02-05 13:45:00,40.866539176849685,-73.8540885248699,40.78534106782459,-73.8169604155462,1,card,low,9.554000324864427,14.779712712275682,31.846393683194247
2024-02-05 13:54:00,40.60885035572729,-74.25409995552317,40.63843177290668,-74.23961831591713,1,card,high,3.5090335164527247,23.48866799578295,24.544930985993936
2024-02-05 14:02:00,40.908601921834055,-74.01187824280429,40.92,-74.00140843020223,3,cash,medium,1.5428265729446422,5.721027966929713,8.067811085212167
2024-02-05 14:11:00,40.78009468405237,-74.18176480794197,40.82247128494836,-74.183397818513,1,cash,medium,4.714067424984099,10.707731625994812,19.833319656409614
2024-02-05 14:20:00,40.75603152760522,-73.95458053109869,40.77804078907056,-73.936133673697,1,card,low,2.8987550430157456,6.124648961731465,14.943753056492405
2024-02-05 14:29:00,40.86809921162252,-73.85293331544901,40.91165584244504,-73.76136126544745,1,cash,high,9.094472935701477,33.26531348248719,40.584266551168376
2024-02-05 14:37:00,40.589366191239094,-74.24314842580115,40.58,-74.25406422797121,1,cash,medium,1.3908208672507074,3.8626805103438326,6.296384760188104
2024-02-05 14:46:00,40.84423193479839,-74.17647590943821,40.83939142331764,-74.1928779667019,2,card,medium,1.4810238770494706,4.92201132895842,10.925052346520708
2024-02-05 14:55:00,40.61964537549329,-74.08526870560743,40.58,-74.10511621957532,1,cash,low,4.71609559910395,8.665743529180137,17.99566001332129
2024-02-05 15:03:00,40.865864553639746,-74.1295425274136,40.84973972106348,-74.1120207532981,1,card,high,2.3208454204117164,9.043702291636388,12.59815545605499
2024-02-05 15:12:00,40.75991991454087,-74.06455785619882,40.832651242657846,-74.16003639330818,1,card,medium,11.401878627288713,29.183536894611,44.17475965581828
2024-02-05 15:21:00,40.60078399680243,-73.7745471670931,,,1,card,low,5.494304784869526,8.165135539438026,16.295591430671486
2024-02-05 15:29:00,40.86330331319245,-74.20838487500548,40.8931061564838,-74.16875576669923,1,mobile_wallet,low,4.699259581214013,7.309664004741059,10.882338611579476
2024-02-05 15:38:00,40.58928679980422,-74.04412612458046,40.58111388951719,-74.06780651030425,1,card,medium,2.196526658030776,2.816412745946111,11.860641419881023
2024-02-05 15:47:00,40.627046035583824,-74.02688340048013,40.58233427028377,-74.01848169213851,4,card,low,5.02206088419876,8.197850982427509,20.63578107732402
2024-02-05 15:56:00,40.851260338101056,-74.11702555356713,40.859676583871355,-74.02210545771834,1,card,medium,8.037790518686437,20.621975805798552,31.37397422906567
2024-02-05 16:04:00,40.738056182111684,-74.11796165557935,40.78803659454369,-74.1030396612053,1,cash,medium,5.697891560055992,15.539263740590028,23.012359566234387
2024-02-05 16:13:00,40.87967215948064,-73.89547639750785,40.898116376497306,-73.99624159546576,1,mobile_wallet,medium,8.71519218849684,22.729246027163335,28.230880457382675
2024-02-05 16:22:00,40.79604595274897,-73.944899640248,40.72468986723566,-74.00834443674307,1,card,high,9.566043969506605,45.31341627611083,47.090092791639485
2024-02-05 16:30:00,40.79199977648594,-73.84545566993609,40.79670726685615,-73.8567508162501,1,cash,medium,1.0853999248586876,1.0,6.2355947670057965
2024-02-05 16:39:00,40.679359936084886,-74.0534126565362,40.5932601674419,-74.08958482240575,4,cash,low,10.048630993633818,15.140756183531598,33.19201856450802
2024-02-05 16:48:00,40.62545137800759,-73.95057737624037,40.66163965049736,-73.94592513197935,2,card,medium,4.043051294830205,8.824671833163539,16.271346112060115
2024-02-05 16:56:00,40.90679861290487,-73.80427004825188,40.87561326424187,-73.81752596925456,1,card,high,3.642280954979975,24.416811637495776,22.094594988629304
2024-02-05 17:05:00,40.615631214308756,-73.82582247942464,40.58,-73.77334926044723,3,card,high,5.943496121642963,37.16625939060522,35.60329805619672
2024-02-05 17:14:00,40.759863604025014,-73.79078806982503,40.79667048384796,-73.83989798494797,2,cash,high,5.8180596448017505,32.70313142489375,30.327471310628304
2024-02-05 17:23:00,40.672673320883824,-74.1228227385106,40.697845323557104,-74.13216021070856,1,card,high,2.90762499423205,17.945635537141793,20.97955201806209
2024-02-05 17:31:00,40.669807825617696,-73.75743519588862,40.680265778926334,-73.75,4,card,low,1.3211482209668455,1.1664158135054956,8.848837451807832
2024-02-05 17:40:00,40.78215931456295,-73.84364114310958,40.88078617218475,-73.82829009315199,2,mobile_wallet,low,11.042596133826654,17.442291114297714,30.111662987605005
2024-02-05 17:49:00,40.85129759984082,-73.85464801891894,40.87987259247234,-73.84804178228292,2,mobile_wallet,low,3.2255914876288485,4.175963593385143,5.507183628433783
2024-02-05 17:57:00,40.844241024162635,-73.91953491351109,40.815217962315906,-74.0280422175622,1,card,low,9.683021835258542,17.806988062613836,34.00861589112433
2024-02-05 18:06:00,40.87539257432581,-73.75853333358025,40.89875674836263,-73.75478519006988,1,cash,high,2.617014403559274,9.966347046751196,15.637500047892747
2024-02-05 18:15:00,40.6795869308902,-74.0348027536963,40.66671345043736,-74.04158670047569,2,mobile_wallet,low,1.5415633329877643,2.8054318195153094,3.1646671402572997
2024-02-05 18:23:00,40.73835546978312,-73.88181495457117,40.795359616768486,-73.84293001569009,1,card,medium,7.1345203153394925,15.298711700240668,28.49422136690657
2024-02-05 18:32:00,40.58317375489481,-73.90360624312585,40.595817729202174,-73.87107257924022,4,cash,low,3.086023996443158,3.9097894849495285,13.779210368555312
2024-02-05 18:41:00,40.83393159186637,-73.886634657712,40.85102813977239,-73.87579665471729,1,card,high,2.108358335559782,14.008832452710909,18.215537288867232
2024-02-05 18:50:00,40.682796658128375,-73.87675294477368,40.617890079669586,-73.86266055899543,1,cash,high,7.314547501525975,40.38610620171591,40.57777836196725
2024-02-05 18:58:00,40.770907801311864,-74.16271449552819,40.7736686241895,-74.10185725606286,2,card,high,5.133922407546429,30.835487414711924,27.833561016496052
2024-02-05 19:07:00,40.637562095886615,-74.08198375045178,40.635030132444676,-74.03022042563248,1,cash,medium,4.376918822349313,13.222518009902005,18.55084221411475
2024-02-05 19:16:00,40.85859583242567,-74.0599504621288,40.812506226941196,-74.04756052202704,1,card,high,5.229857401621073,36.61638631123282,32.34835205256202
2024-02-05 19:24:00,40.85787255455462,-73.87852009487023,40.84790498766712,-73.78197627192705,2,card,high,8.195294505832466,47.85609621397619,44.14763797948742
2024-02-05 19:33:00,40.87833399101601,-73.89471353238315,40.89794285097729,-73.92298236698821,2,cash,medium,3.225082160093683,9.72381101492762,13.603948839674931
2024-02-05 19:42:00,40.59561857901628,-73.83498323532979,40.5954228470458,-73.88832817519398,1,card,medium,4.504113781203035,9.22062574823098,14.479280638588891
2024-02-05 19:50:00,40.917435961323505,-73.85785522947593,40.853891475202225,-73.8583429397859,1,mobile_wallet,medium,7.065943421872389,15.91530841051704,25.316685138369827
2024-02-05 19:59:00,40.664245000909496,-73.9560227215114,40.651950243415634,-73.97284416530707,1,card,medium,1.9703868627048624,5.614567504465322,9.98714144677746
2024-02-05 20:08:00,40.6852074532561,-74.18862627189141,40.6641463377493,-74.26,1,card,high,6.458676728011964,42.65832642627886,38.76429959671761
2024-02-05 20:17:00,40.66477414792475,-73.93591781779149,40.673482256461156,-73.96527495424111,2,cash,medium,2.6585794742564577,9.37034627909151,14.275843121433363
2024-02-05 20:25:00,40.67096111744462,-73.80759976534489,40.67481008272987,-73.79213843342367,1,card,low,1.372373325710785,1.048931004567133,8.304323917673745
2024-02-05 20:34:00,40.76790486107524,-73.93198107467124,40.749382273280204,-73.93459232323023,1,cash,low,2.0713274376520383,4.637752098690505,9.842389804166261
2024-02-05 20:43:00,40.661535585063284,-73.80323052142535,40.641255730109236,-73.83817128495158,1,card,high,3.711321998317547,20.527184459910664,22.133190805054834
2024-02-05 20:51:00,40.713882245876135,-73.75048296075018,40.71690726233544,-73.75,1,card,medium,0.33882040757103316,1.0,6.3279271826218935
2024-02-05 21:00:00,40.802906238030694,-74.076806861158,40.84624019200509,-74.07126859959206,1,cash,high,4.8409973681936425,23.347041953079998,25.921707620288846
2024-02-05 21:09:00,40.86424890921643,-73.89112225588259,40.87678773273829,-73.85894390860884,1,card,medium,3.0438068806667076,7.426230663668465,14.123750971729123
2024-02-05 21:17:00,40.81553211009074,-73.98462109737375,40.87957022972883,-74.01348862642253,2,card,low,7.523330280032466,13.84856914339797,24.462972188115245
2024-02-05 21:26:00,40.78206976722769,-74.02796438163884,40.83306336127558,-73.98864082606559,4,card,medium,6.565457884459668,19.822885018853746,25.81288478563733
2024-02-05 21:35:00,40.63022771126396,-74.13766778986685,40.69757842359338,-74.18674672370852,1,mobile_wallet,low,8.557015036564206,11.247916559403349,24.57240965649166
2024-02-05 21:44:00,40.857479304524034,-74.13458355604207,40.919067548855175,-74.15723551740606,2,card,medium,7.108099158088388,17.797659020210535,27.832830694431564
2024-02-05 21:52:00,40.592673461917634,-74.16566413375241,40.66300619017097,-74.08920943968039,1,card,medium,10.138678669310453,25.012747669546517,36.97062363369698
2024-02-05 22:01:00,40.6698251655,-73.93794341168554,40.61793373902879,-73.98401791122741,1,card,medium,6.957396890222964,20.800726142088685,27.84401651947207
2024-02-05 22:10:00,40.599400031756865,-74.18755292071202,40.628534214262835,-74.21719744978041,1,cash,medium,4.093438093395791,11.71283404226127,16.824430335462747
2024-02-05 22:18:00,40.806925851698715,-74.0399929003933,40.86175027657759,-74.09638289812004,1,card,medium,7.724652627353087,20.737704827323324,29.004849250186908
2024-02-05 22:27:00,40.70524616808179,-73.99310004797118,40.76820239756534,-74.03032703522022,1,card,high,7.670958453301782,29.85644497339218,39.21016541964691
2024-02-05 22:36:00,40.80169648428966,-74.03650041663363,40.76701413770403,-74.03027407452234,3,cash,low,3.891966867245606,6.6949089264519905,15.549027324509815
2024-02-05 22:44:00,40.69799052616322,-73.8239859481283,40.72757264978513,-73.79219154495037,1,mobile_wallet,high,4.242785908353043,12.196652364380181,15.80067064977942
2024-02-05 22:53:00,40.73495184847183,-74.03398362650513,40.7383359863946,-74.03482234251348,1,cash,medium,0.3828766334438787,1.7453755309975736,2.5
2024-02-05 23:02:00,40.735706743456504,-74.21775563258821,40.81882445394184,-74.23236667580314,1,card,medium,9.32379366217596,28.58673536591427,38.80944681239243
2024-02-05 23:11:00,40.595497422246964,-73.75397823400195,40.58,-73.80990305887735,4,card,low,5.0270217488876305,9.334376758073496,20.383448328429512
2024-02-05 23:19:00,40.72627701895764,-73.82905836855929,40.69165898779361,-73.86177923904248,1,card,low,4.735416351641045,8.686850491460937,19.559940804298975
2024-02-05 23:28:00,40.797961883459166,-73.92337782244294,40.71648336133586,-73.99294943338539,5,card,medium,10.789898242427245,22.233873843809352,39.162887131487125
2024-02-05 23:37:00,40.76565776366565,-73.87427495338761,40.77216549658214,-73.84112977026781,5,cash,high,2.8835429175672274,18.79785517229698,22.79616180828929
2024-02-05 23:45:00,40.605596480534615,-74.19462274312504,40.70746929265175,-74.15834944918592,1,card,medium,11.733729804335773,30.997040696592627,45.56566180335785
2024-02-05 23:54:00,40.807139035133495,-73.86938345500738,40.8051436622995,-73.8712035969773,1,card,low,0.2696242030871051,1.5112708315487051,9.496572325877677
2024-02-06 00:03:00,40.68501333667119,-74.15404803972683,40.689559836184785,-74.13418274545202,1,card,high,1.7496080992419794,5.3242972131821515,14.098060749079465
2024-02-06 00:11:00,40.584907832944864,-74.01062217391727,40.609668577622905,-73.97119170811665,1,cash,high,4.320142863032927,17.752452467918523,22.811686343023737
2024-02-06 00:20:00,40.63290248940864,-74.16922877744462,40.62766941758331,-74.1646743774989,1,card,medium,0.6973627999454647,1.8963127150165857,6.016580986343314
2024-02-06 00:29:00,40.74917028348763,-73.87556966819058,40.765641454349115,-73.81285718741091,2,cash,low,5.59066227808841,9.19741336274691,17.250414684857173
2024-02-06 00:38:00,40.685536564070226,-74.13457372093866,40.70318608918998,-74.18064439226954,4,card,medium,4.351772922021749,12.006613302945567,19.37401501799285
2024-02-06 00:46:00,40.81609022467621,-74.13086370656924,40.778040175332,-74.1465538668315,1,card,high,4.432328973636068,25.60492850411771,25.435132179847518
2024-02-06 00:55:00,40.66182218169236,-74.20429660183645,40.65759007967262,-74.22534499939859,1,mobile_wallet,low,1.8367737160490227,4.052076284315466,5.492256682910703
2024-02-06 01:04:00,40.84275069728156,-73.89249070694842,40.87613767897362,-73.8633649927171,1,card,low,4.447706648973339,7.628468578252683,16.71748218015713
2024-02-06 01:12:00,40.67740224167395,-74.10911923830176,40.719188166919295,-74.17365559812143,1,cash,medium,7.154647868217558,18.382042968250055,26.75771673930482
2024-02-06 01:21:00,40.7910936605787,-73.995677193267,40.84952623510745,-73.93051833594684,1,cash,medium,8.501741181200495,27.706308858362913,32.81042562710381
2024-02-06 01:30:00,40.8517335692854,-74.09055578574281,40.866828192290626,-74.06527593862053,3,mobile_wallet,low,2.708703484531766,4.188734906722769,9.74136543844027
2024-02-06 01:38:00,40.71108908373888,-73.86490235800066,40.72709944074488,-73.78613910673285,1,card,medium,6.872480022772851,13.285285893601413,24.984875060031452
2024-02-06 01:47:00,40.59591368021726,-74.14449333518806,40.62967199915192,-74.14631903979037,1,card,high,3.7569159294486054,14.105074568698708,19.677505140737598
2024-02-06 01:56:00,40.76205147716002,-73.78017440497634,40.735286817549316,-73.8049387734306,1,card,high,3.634427690564018,14.391903798108507,17.785984872384553
2024-02-06 02:05:00,40.91843908092513,-74.09611661280626,40.88982902358562,-74.06654683876701,1,cash,low,4.036872058909816,5.8541381272223445,13.973874097241552
2024-02-06 02:13:00,40.90945723456815,-74.20703567314172,40.903841330973705,-74.16066024463558,4,card,high,3.9470379100106716,39.233657453315,29.36136137440477
2024-02-06 02:22:00,40.65514754594101,-74.13744433126439,40.59777174946108,-74.16959326908561,4,card,medium,6.932847016697958,19.37445995599298,26.97530371135163
2024-02-06 02:31:00,40.83693681320425,-74.22229012617575,40.85524734793074,-74.26,1,mobile_wallet,low,3.7692106100155596,4.739498511151657,9.926669004260374
2024-02-06 02:39:00,40.69728362281882,-74.02094324719387,40.7444923144464,-74.10312518982911,1,card,low,8.690388267193883,12.737874123178504,28.3092016722031
2024-02-06 02:48:00,40.63449264326225,-74.13237187743104,40.60254067924452,-74.12060955576793,2,card,high,3.6889960214000683,19.75294260291207,20.874327013413744
2024-02-06 02:57:00,40.806410998204846,-73.80811651733312,40.825992711749684,-73.75,1,cash,low,5.3535053110513235,10.115314372911993,17.721578449657244
2024-02-06 03:05:00,40.750295368039104,-73.99626440368773,40.72198447074671,-74.05480214366034,1,card,low,5.851121849350613,12.240352075327339,25.11861599994337
2024-02-06 03:14:00,40.76333838960293,-74.14098209114806,40.717592492013154,-74.15323857659325,5,card,medium,5.190462742720247,14.519467692370934,22.25335549089681
2024-02-06 03:23:00,40.861313505160076,-74.02985213174848,40.92,-74.04553236159892,1,card,high,6.657422531837645,30.81479539948598,35.265967620177264
2024-02-06 03:32:00,40.69442484980172,-74.16004292120839,40.64932435868094,-74.07361897818326,1,card,low,8.847283722166567,13.856512895559705,27.747621302490806
2024-02-06 03:40:00,40.80681221824893,-74.1688480182783,40.749242848934976,-74.06720670938937,1,card,medium,10.687571165446307,34.02385546070575,42.68531785338426
2024-02-06 03:49:00,40.70450509876729,-74.10666520023194,40.71416729163478,-74.08756482925922,1,cash,high,1.935521152417752,12.923116525770958,13.179181597972885
2024-02-06 03:58:00,40.594526124837344,-74.20476625296784,40.60660959136808,-74.16435623645637,3,card,high,3.6667181770627724,18.742735917667726,21.186425039291848
2024-02-06 04:06:00,40.70852513649436,-74.16378975617545,40.73855058284791,-74.12463080143121,2,card,high,4.694305346386531,36.38436229909035,30.60750061989607
2024-02-06 04:15:00,40.903011717489406,-73.78159609477234,40.92,-73.83921056540595,1,mobile_wallet,low,5.19695471175242,9.341804442554329,-13.067950198221364
2024-02-06 04:24:00,40.74430924391006,-73.9199306563043,40.7093384022263,-73.88849712060968,1,cash,high,4.705019039330205,19.906499779257658,23.824427250854434
2024-02-06 04:32:00,40.61679834852453,-73.79023764163679,40.59076869081571,-73.83611993284529,3,card,medium,4.835419319381899,11.903239158497108,23.427652271055152
2024-02-06 04:41:00,40.81386112198792,-74.12900805985143,40.88625736936673,-74.13672717215537,1,mobile_wallet,medium,8.076235043048086,20.658094244758068,27.402075914401923
2024-02-06 04:50:00,40.9075489789043,-73.82292319874153,40.92,-73.77163503171279,1,card,low,4.526645564955596,4.527608472048783,14.78100910142261
2024-02-06 04:59:00,40.88870138382505,-74.07524086850447,40.92,-74.07159886884315,1,card,medium,3.4936808650957443,7.989595628866678,15.226584440058518
2024-02-06 05:07:00,40.774466684854765,-74.18646055962753,40.747922593556936,-74.13684821977982,1,mobile_wallet,low,5.115828350932312,7.193447948056715,13.33027166235991
2024-02-06 05:16:00,40.7079354530785,-73.84959937899787,40.75860042299705,-73.79113252410838,1,card,medium,7.4837955664553695,18.506204912397955,28.47697650610287
2024-02-06 05:25:00,40.77743040729314,-74.22957843275,40.81357363420128,-74.26,1,card,low,4.765501661366937,4.571034790242158,17.572328404207724
2024-02-06 05:33:00,40.857416561147744,-74.05352505214317,40.865945738213114,-74.1515214424728,1,cash,medium,8.295471312101848,22.1373950287547,28.68321921321215
2024-02-06 05:42:00,40.872820696286276,-73.84214951905906,40.84649894482577,-73.78985535859167,1,card,low,5.282755916432772,7.885666420365579,19.291784950745626
2024-02-06 05:51:00,40.858406920880434,-73.94523568802228,40.863208220827914,-73.8911273563738,1,card,medium,4.5815526520922605,10.79989359114979,-21.177961626124972
